siRNA,mRNA_57nt,mRNA_靶位点19nt,mismatch_position,silencing_efficiency,silencing_efficiency_norm,数据来源,备注
GCGCUCAUCAUUGUGCUGC,GGCUGGUGAAGGUCACUAAGCAGCACAAUGAUGAGUGCAAACAUCUGCUGAGCCUCA,GCAGCACAAUGAUGAGUGC,3,0.8,0.8675,"Holen et al., 2005, Nucleic Acids Research 33:4704-4710, DOI:10.1093/nar/gki785 (PMC1188085)",mRNA为完整57nt(19上游|19靶位点|19下游)
GCACUCGUCAUUGUGCUGC,GGCUGGUGAAGGUCACUAAGCAGCACAAUGAUGAGUGCAAACAUCUGCUGAGCCUCA,GCAGCACAAUGAUGAGUGC,7,0.78,0.8455,"Holen et al., 2005, Nucleic Acids Research 33:4704-4710, DOI:10.1093/nar/gki785 (PMC1188085)",mRNA为完整57nt(19上游|19靶位点|19下游)
GCACUCAUCGUUGUGCUGC,GGCUGGUGAAGGUCACUAAGCAGCACAAUGAUGAGUGCAAACAUCUGCUGAGCCUCA,GCAGCACAAUGAUGAGUGC,10,0.35,0.3709,"Holen et al., 2005, Nucleic Acids Research 33:4704-4710, DOI:10.1093/nar/gki785 (PMC1188085)",mRNA为完整57nt(19上游|19靶位点|19下游)
GCGCUCGUCAUUGUGCUGC,GGCUGGUGAAGGUCACUAAGCAGCACAAUGAUGAGUGCAAACAUCUGCUGAGCCUCA,GCAGCACAAUGAUGAGUGC,"3,7",0.72,0.7792,"Holen et al., 2005, Nucleic Acids Research 33:4704-4710, DOI:10.1093/nar/gki785 (PMC1188085)",mRNA为完整57nt(19上游|19靶位点|19下游)
GCACUCGUCGUUGUGCUGC,GGCUGGUGAAGGUCACUAAGCAGCACAAUGAUGAGUGCAAACAUCUGCUGAGCCUCA,GCAGCACAAUGAUGAGUGC,"7,10",0.25,0.2605,"Holen et al., 2005, Nucleic Acids Research 33:4704-4710, DOI:10.1093/nar/gki785 (PMC1188085)",mRNA为完整57nt(19上游|19靶位点|19下游)
GCGCUCGUCGUUGUGCUGC,GGCUGGUGAAGGUCACUAAGCAGCACAAUGAUGAGUGCAAACAUCUGCUGAGCCUCA,GCAGCACAAUGAUGAGUGC,"3,7,10",0.3,0.3157,"Holen et al., 2005, Nucleic Acids Research 33:4704-4710, DOI:10.1093/nar/gki785 (PMC1188085)",mRNA为完整57nt(19上游|19靶位点|19下游)
GCACUCAUUAUUGUGCUGC,GGCUGGUGAAGGUCACUAAGCAGCACAAUGAUGAGUGCAAACAUCUGCUGAGCCUCA,GCAGCACAAUGAUGAGUGC,9,0.5,0.5364,"Holen et al., 2005, Nucleic Acids Research 33:4704-4710, DOI:10.1093/nar/gki785 (PMC1188085)",mRNA为完整57nt(19上游|19靶位点|19下游)
GCACUCAUCAUUGUGUUGC,GGCUGGUGAAGGUCACUAAGCAGCACAAUGAUGAGUGCAAACAUCUGCUGAGCCUCA,GCAGCACAAUGAUGAGUGC,16,0.3,0.3157,"Holen et al., 2005, Nucleic Acids Research 33:4704-4710, DOI:10.1093/nar/gki785 (PMC1188085)",mRNA为完整57nt(19上游|19靶位点|19下游)
GCACUUAUCAUUGUGCUGC,GGCUGGUGAAGGUCACUAAGCAGCACAAUGAUGAGUGCAAACAUCUGCUGAGCCUCA,GCAGCACAAUGAUGAGUGC,6,0.55,0.5916,"Holen et al., 2005, Nucleic Acids Research 33:4704-4710, DOI:10.1093/nar/gki785 (PMC1188085)",mRNA为完整57nt(19上游|19靶位点|19下游)
GUACUCAUCAUUGUGCUGC,GGCUGGUGAAGGUCACUAAGCAGCACAAUGAUGAGUGCAAACAUCUGCUGAGCCUCA,GCAGCACAAUGAUGAGUGC,2,0.4,0.4260,"Holen et al., 2005, Nucleic Acids Research 33:4704-4710, DOI:10.1093/nar/gki785 (PMC1188085)",mRNA为完整57nt(19上游|19靶位点|19下游)
GCACUCAUCAUUGUGCUGU,GGCUGGUGAAGGUCACUAAGCAGCACAAUGAUGAGUGCAAACAUCUGCUGAGCCUCA,GCAGCACAAUGAUGAGUGC,19,0.5,0.5364,"Holen et al., 2005, Nucleic Acids Research 33:4704-4710, DOI:10.1093/nar/gki785 (PMC1188085)",mRNA为完整57nt(19上游|19靶位点|19下游)
GCGCUCGUCAUUGUGCUGU,GGCUGGUGAAGGUCACUAAGCAGCACAAUGAUGAGUGCAAACAUCUGCUGAGCCUCA,GCAGCACAAUGAUGAGUGC,"3,7,19",0.7,0.7572,"Holen et al., 2005, Nucleic Acids Research 33:4704-4710, DOI:10.1093/nar/gki785 (PMC1188085)",mRNA为完整57nt(19上游|19靶位点|19下游)
GUGCUCGUCAUUGUGCUGC,GGCUGGUGAAGGUCACUAAGCAGCACAAUGAUGAGUGCAAACAUCUGCUGAGCCUCA,GCAGCACAAUGAUGAGUGC,"2,3,7",0.25,0.2605,"Holen et al., 2005, Nucleic Acids Research 33:4704-4710, DOI:10.1093/nar/gki785 (PMC1188085)",mRNA为完整57nt(19上游|19靶位点|19下游)
ACACUCAUCAUUGUGCUGC,GGCUGGUGAAGGUCACUAAGCAGCACAAUGAUGAGUGCAAACAUCUGCUGAGCCUCA,GCAGCACAAUGAUGAGUGC,1,0.7,0.7572,"Holen et al., 2005, Nucleic Acids Research 33:4704-4710, DOI:10.1093/nar/gki785 (PMC1188085)",mRNA为完整57nt(19上游|19靶位点|19下游)
CCACUCAUCAUUGUGCUGC,GGCUGGUGAAGGUCACUAAGCAGCACAAUGAUGAGUGCAAACAUCUGCUGAGCCUCA,GCAGCACAAUGAUGAGUGC,1,0.7,0.7572,"Holen et al., 2005, Nucleic Acids Research 33:4704-4710, DOI:10.1093/nar/gki785 (PMC1188085)",mRNA为完整57nt(19上游|19靶位点|19下游)
UCACUCAUCAUUGUGCUGC,GGCUGGUGAAGGUCACUAAGCAGCACAAUGAUGAGUGCAAACAUCUGCUGAGCCUCA,GCAGCACAAUGAUGAGUGC,1,0.6,0.6468,"Holen et al., 2005, Nucleic Acids Research 33:4704-4710, DOI:10.1093/nar/gki785 (PMC1188085)",mRNA为完整57nt(19上游|19靶位点|19下游)
GCCCUCAUCAUUGUGCUGC,GGCUGGUGAAGGUCACUAAGCAGCACAAUGAUGAGUGCAAACAUCUGCUGAGCCUCA,GCAGCACAAUGAUGAGUGC,3,0.65,0.7020,"Holen et al., 2005, Nucleic Acids Research 33:4704-4710, DOI:10.1093/nar/gki785 (PMC1188085)",mRNA为完整57nt(19上游|19靶位点|19下游)
GCACUCCUCAUUGUGCUGC,GGCUGGUGAAGGUCACUAAGCAGCACAAUGAUGAGUGCAAACAUCUGCUGAGCCUCA,GCAGCACAAUGAUGAGUGC,7,0.25,0.2605,"Holen et al., 2005, Nucleic Acids Research 33:4704-4710, DOI:10.1093/nar/gki785 (PMC1188085)",mRNA为完整57nt(19上游|19靶位点|19下游)
UCCAUGGCCAGCAGUGAGG,UCACCACGGUUCAUGGAAACCUCACUGCUGGCCAUGGGCUCCUGGUGGAGCUAAUAA,CCUCACUGCUGGCCAUGGG,1,0.4,0.4260,"Holen et al., 2005, Nucleic Acids Research 33:4704-4710, DOI:10.1093/nar/gki785 (PMC1188085)",mRNA为完整57nt(19上游|19靶位点|19下游)
UCCAUGGCCAGCAGUGAGG,UCACCACGGUUCAUGGAAACCUCACUGCUGGCCAUGGGCUCCUGGUGGAGCUAAUAA,CCUCACUGCUGGCCAUGGG,1,0.28,0.2936,"Holen et al., 2005, Nucleic Acids Research 33:4704-4710, DOI:10.1093/nar/gki785 (PMC1188085)",mRNA为完整57nt(19上游|19靶位点|19下游)
UACCAGGAGCCCAUGGCCA,UUCAUGGAAACCUCACUGCUGGCCAUGGGCUCCUGGUGGAGCUAAUAAUCACUUUCC,UGGCCAUGGGCUCCUGGUG,1,0.5,0.5364,"Holen et al., 2005, Nucleic Acids Research 33:4704-4710, DOI:10.1093/nar/gki785 (PMC1188085)",mRNA为完整57nt(19上游|19靶位点|19下游)
UACCAGGAGCCCAUGGCCA,UUCAUGGAAACCUCACUGCUGGCCAUGGGCUCCUGGUGGAGCUAAUAAUCACUUUCC,UGGCCAUGGGCUCCUGGUG,1,0.58,0.6247,"Holen et al., 2005, Nucleic Acids Research 33:4704-4710, DOI:10.1093/nar/gki785 (PMC1188085)",mRNA为完整57nt(19上游|19靶位点|19下游)
UGAGCUGGAUUCAUGCUGG,GCAAUCAAUUAUACCGGAGCCAGCAUGAAUCCAGCUCGAUCCUUUGGCCCUGCAGUU,CCAGCAUGAAUCCAGCUCG,1,0.61,0.6578,"Holen et al., 2005, Nucleic Acids Research 33:4704-4710, DOI:10.1093/nar/gki785 (PMC1188085)",mRNA为完整57nt(19上游|19靶位点|19下游)
UGAGCUGGAUUCAUGCUGG,GCAAUCAAUUAUACCGGAGCCAGCAUGAAUCCAGCUCGAUCCUUUGGCCCUGCAGUU,CCAGCAUGAAUCCAGCUCG,1,0.67,0.7241,"Holen et al., 2005, Nucleic Acids Research 33:4704-4710, DOI:10.1093/nar/gki785 (PMC1188085)",mRNA为完整57nt(19上游|19靶位点|19下游)
UCAGUUUCCCAUGAUAACU,CUCGAUCCUUUGGCCCUGCAGUUAUCAUGGGAAACUGGGAAAACCACUGGAUAUAUU,AGUUAUCAUGGGAAACUGG,1,0.65,0.7020,"Holen et al., 2005, Nucleic Acids Research 33:4704-4710, DOI:10.1093/nar/gki785 (PMC1188085)",mRNA为完整57nt(19上游|19靶位点|19下游)
UCAGUUUCCCAUGAUAACU,CUCGAUCCUUUGGCCCUGCAGUUAUCAUGGGAAACUGGGAAAACCACUGGAUAUAUU,AGUUAUCAUGGGAAACUGG,1,0.75,0.8124,"Holen et al., 2005, Nucleic Acids Research 33:4704-4710, DOI:10.1093/nar/gki785 (PMC1188085)",mRNA为完整57nt(19上游|19靶位点|19下游)
UAACCCAAUAUAUCCAGUG,CAUGGGAAACUGGGAAAACCACUGGAUAUAUUGGGUUGGACCAAUCAUAGGCGCUGU,CACUGGAUAUAUUGGGUUG,1,0.7,0.7572,"Holen et al., 2005, Nucleic Acids Research 33:4704-4710, DOI:10.1093/nar/gki785 (PMC1188085)",mRNA为完整57nt(19上游|19靶位点|19下游)
UAACCCAAUAUAUCCAGUG,CAUGGGAAACUGGGAAAACCACUGGAUAUAUUGGGUUGGACCAAUCAUAGGCGCUGU,CACUGGAUAUAUUGGGUUG,1,0.66,0.7130,"Holen et al., 2005, Nucleic Acids Research 33:4704-4710, DOI:10.1093/nar/gki785 (PMC1188085)",mRNA为完整57nt(19上游|19靶位点|19下游)
UCACCUCCAUGUAGCUCCC,AGCUGCACAGCAGACGAAAGGGAGCUACAUGGAGGUGGAGGACAACCGGAGCCAAGU,GGGAGCUACAUGGAGGUGG,1,0.68,0.7351,"Holen et al., 2005, Nucleic Acids Research 33:4704-4710, DOI:10.1093/nar/gki785 (PMC1188085)",mRNA为完整57nt(19上游|19靶位点|19下游)
UCACCUCCAUGUAGCUCCC,AGCUGCACAGCAGACGAAAGGGAGCUACAUGGAGGUGGAGGACAACCGGAGCCAAGU,GGGAGCUACAUGGAGGUGG,1,0.63,0.6799,"Holen et al., 2005, Nucleic Acids Research 33:4704-4710, DOI:10.1093/nar/gki785 (PMC1188085)",mRNA为完整57nt(19上游|19靶位点|19下游)
UGGGCUUCAGGAUCAAGUC,GAGCCAAGUGGAGACAGAAGACUUGAUCCUGAAGCCCGGGGUGGUGCAUGUGAUCGA,GACUUGAUCCUGAAGCCCG,1,0.82,0.8896,"Holen et al., 2005, Nucleic Acids Research 33:4704-4710, DOI:10.1093/nar/gki785 (PMC1188085)",mRNA为完整57nt(19上游|19靶位点|19下游)
UGGGCUUCAGGAUCAAGUC,GAGCCAAGUGGAGACAGAAGACUUGAUCCUGAAGCCCGGGGUGGUGCAUGUGAUCGA,GACUUGAUCCUGAAGCCCG,1,0.84,0.9117,"Holen et al., 2005, Nucleic Acids Research 33:4704-4710, DOI:10.1093/nar/gki785 (PMC1188085)",mRNA为完整57nt(19上游|19靶位点|19下游)
UACCUCUCCAGACGAGUCC,GAGACGAGAAGAAGGGGAAGGACUCGUCUGGAGAGGUGUUAUCUUCUGUAUGACUAG,GGACUCGUCUGGAGAGGUG,1,0.92,1.0000,"Holen et al., 2005, Nucleic Acids Research 33:4704-4710, DOI:10.1093/nar/gki785 (PMC1188085)",mRNA为完整57nt(19上游|19靶位点|19下游)
UACCUCUCCAGACGAGUCC,GAGACGAGAAGAAGGGGAAGGACUCGUCUGGAGAGGUGUUAUCUUCUGUAUGACUAG,GGACUCGUCUGGAGAGGUG,1,0.91,0.9890,"Holen et al., 2005, Nucleic Acids Research 33:4704-4710, DOI:10.1093/nar/gki785 (PMC1188085)",mRNA为完整57nt(19上游|19靶位点|19下游)
GCUCCACUUGGCUCCGGUU,CUACAUGGAGGUGGAGGACAACCGGAGCCAAGUGGAGACAGAAGACUUGAUCCUGAA,AACCGGAGCCAAGUGGAGA,1,0.65,0.7020,"Holen et al., 2005, Nucleic Acids Research 33:4704-4710, DOI:10.1093/nar/gki785 (PMC1188085)",mRNA为完整57nt(19上游|19靶位点|19下游)
GCUCCACUUGGCUCCGGUU,CUACAUGGAGGUGGAGGACAACCGGAGCCAAGUGGAGACAGAAGACUUGAUCCUGAA,AACCGGAGCCAAGUGGAGA,1,0.84,0.9117,"Holen et al., 2005, Nucleic Acids Research 33:4704-4710, DOI:10.1093/nar/gki785 (PMC1188085)",mRNA为完整57nt(19上游|19靶位点|19下游)
UACCAGGAGCCCAUGGCCA,UUCAUGGAAACCUCACCGCUGGCCAUGGGCUCCUGGUGGAGUUAAUAAUCACUUUCC,UGGCCAUGGGCUCCUGGUG,1,0.45,0.4812,"Holen et al., 2005, Nucleic Acids Research 33:4704-4710, DOI:10.1093/nar/gki785 (PMC1188085)",mRNA为完整57nt(19上游|19靶位点|19下游)
UACCAGGAGCCCAUGGCCA,UUCAUGGAAACCUCACCGCUGGCCAUGGGCUCCUGGUGGAGUUAAUAAUCACUUUCC,UGGCCAUGGGCUCCUGGUG,1,0.58,0.6247,"Holen et al., 2005, Nucleic Acids Research 33:4704-4710, DOI:10.1093/nar/gki785 (PMC1188085)",mRNA为完整57nt(19上游|19靶位点|19下游)
UGAGCUGGAUUCAUGCUGG,GCAAUCAAUUAUACUGGAGCCAGCAUGAAUCCAGCUCGAUCUUUUGGACCCGCAGUU,CCAGCAUGAAUCCAGCUCG,1,0.64,0.6909,"Holen et al., 2005, Nucleic Acids Research 33:4704-4710, DOI:10.1093/nar/gki785 (PMC1188085)",mRNA为完整57nt(19上游|19靶位点|19下游)
UGAGCUGGAUUCAUGCUGG,GCAAUCAAUUAUACUGGAGCCAGCAUGAAUCCAGCUCGAUCUUUUGGACCCGCAGUU,CCAGCAUGAAUCCAGCUCG,1,0.62,0.6689,"Holen et al., 2005, Nucleic Acids Research 33:4704-4710, DOI:10.1093/nar/gki785 (PMC1188085)",mRNA为完整57nt(19上游|19靶位点|19下游)
UCAGUUUCCCAUGAUAACU,CUCGAUCUUUUGGACCCGCAGUUAUCAUGGGAAACUGGGCAAACCACUGGAUAUAUU,AGUUAUCAUGGGAAACUGG,1,0.65,0.7020,"Holen et al., 2005, Nucleic Acids Research 33:4704-4710, DOI:10.1093/nar/gki785 (PMC1188085)",mRNA为完整57nt(19上游|19靶位点|19下游)
UCAGUUUCCCAUGAUAACU,CUCGAUCUUUUGGACCCGCAGUUAUCAUGGGAAACUGGGCAAACCACUGGAUAUAUU,AGUUAUCAUGGGAAACUGG,1,0.75,0.8124,"Holen et al., 2005, Nucleic Acids Research 33:4704-4710, DOI:10.1093/nar/gki785 (PMC1188085)",mRNA为完整57nt(19上游|19靶位点|19下游)
UAACCCAAUAUAUCCAGUG,CAUGGGAAACUGGGCAAACCACUGGAUAUAUUGGGUUGGACCAAUCAUGGGCGCUGU,CACUGGAUAUAUUGGGUUG,1,0.7,0.7572,"Holen et al., 2005, Nucleic Acids Research 33:4704-4710, DOI:10.1093/nar/gki785 (PMC1188085)",mRNA为完整57nt(19上游|19靶位点|19下游)
UAACCCAAUAUAUCCAGUG,CAUGGGAAACUGGGCAAACCACUGGAUAUAUUGGGUUGGACCAAUCAUGGGCGCUGU,CACUGGAUAUAUUGGGUUG,1,0.66,0.7130,"Holen et al., 2005, Nucleic Acids Research 33:4704-4710, DOI:10.1093/nar/gki785 (PMC1188085)",mRNA为完整57nt(19上游|19靶位点|19下游)
UCACCUCCAUGUAGCUCCC,AGCCGCGCAGCAGACAAAAGGGAGCUACAUGGAGGUGGAGGACAACCGGAGCCAAGU,GGGAGCUACAUGGAGGUGG,1,0.68,0.7351,"Holen et al., 2005, Nucleic Acids Research 33:4704-4710, DOI:10.1093/nar/gki785 (PMC1188085)",mRNA为完整57nt(19上游|19靶位点|19下游)
UCACCUCCAUGUAGCUCCC,AGCCGCGCAGCAGACAAAAGGGAGCUACAUGGAGGUGGAGGACAACCGGAGCCAAGU,GGGAGCUACAUGGAGGUGG,1,0.63,0.6799,"Holen et al., 2005, Nucleic Acids Research 33:4704-4710, DOI:10.1093/nar/gki785 (PMC1188085)",mRNA为完整57nt(19上游|19靶位点|19下游)
UGGGCUUCAGGAUCAAGUC,GAGCCAAGUGGAGACGGAAGACUUGAUCCUGAAGCCCGGAGUGGUGCAUGUGAUUGA,GACUUGAUCCUGAAGCCCG,1,0.82,0.8896,"Holen et al., 2005, Nucleic Acids Research 33:4704-4710, DOI:10.1093/nar/gki785 (PMC1188085)",mRNA为完整57nt(19上游|19靶位点|19下游)
UGGGCUUCAGGAUCAAGUC,GAGCCAAGUGGAGACGGAAGACUUGAUCCUGAAGCCCGGAGUGGUGCAUGUGAUUGA,GACUUGAUCCUGAAGCCCG,1,0.84,0.9117,"Holen et al., 2005, Nucleic Acids Research 33:4704-4710, DOI:10.1093/nar/gki785 (PMC1188085)",mRNA为完整57nt(19上游|19靶位点|19下游)
GCUCCACUUGGCUCCGGUU,CUACAUGGAGGUGGAGGACAACCGGAGCCAAGUGGAGACGGAAGACUUGAUCCUGAA,AACCGGAGCCAAGUGGAGA,1,0.65,0.7020,"Holen et al., 2005, Nucleic Acids Research 33:4704-4710, DOI:10.1093/nar/gki785 (PMC1188085)",mRNA为完整57nt(19上游|19靶位点|19下游)
GCUCCACUUGGCUCCGGUU,CUACAUGGAGGUGGAGGACAACCGGAGCCAAGUGGAGACGGAAGACUUGAUCCUGAA,AACCGGAGCCAAGUGGAGA,1,0.84,0.9117,"Holen et al., 2005, Nucleic Acids Research 33:4704-4710, DOI:10.1093/nar/gki785 (PMC1188085)",mRNA为完整57nt(19上游|19靶位点|19下游)
UUGGUUUUUUGCUUACUCG,,CGAGUAAGCCAAAAACCAA,10,0.814,0.8830,"Ohnishi et al., 2008, PLoS ONE 3(6):e2248, DOI:10.1371/journal.pone.0002248（desiRm 数据库整理，PMC3154470, PLoS ONE 2011）",仅19nt靶位点(sense)，无侧翼序列
UUGGUUUAUAGCUUACUCG,,CGAGUAAGCUAAAAACCAA,8,0.620,0.6689,"Ohnishi et al., 2008, PLoS ONE 3(6):e2248, DOI:10.1371/journal.pone.0002248（desiRm 数据库整理，PMC3154470, PLoS ONE 2011）",仅19nt靶位点(sense)，无侧翼序列
UUGGUUUAUUGCUUACUCG,,CGAGUAAGCCAAAAACCAA,"8,10",0.434,0.4636,"Ohnishi et al., 2008, PLoS ONE 3(6):e2248, DOI:10.1371/journal.pone.0002248（desiRm 数据库整理，PMC3154470, PLoS ONE 2011）",仅19nt靶位点(sense)，无侧翼序列
UUGGUUAUUAGCUUACUCG,,CGAGUAAGCUAAAAACCAA,7,0.442,0.4724,"Ohnishi et al., 2008, PLoS ONE 3(6):e2248, DOI:10.1371/journal.pone.0002248（desiRm 数据库整理，PMC3154470, PLoS ONE 2011）",仅19nt靶位点(sense)，无侧翼序列
UUGGUAUUUAGCUUACUCG,,CGAGUAAGCUAAAAACCAA,6,0.637,0.6876,"Ohnishi et al., 2008, PLoS ONE 3(6):e2248, DOI:10.1371/journal.pone.0002248（desiRm 数据库整理，PMC3154470, PLoS ONE 2011）",仅19nt靶位点(sense)，无侧翼序列
UUGGAUUUUAGCUUACUCG,,CGAGUAAGCUAAAAACCAA,5,0.832,0.9029,"Ohnishi et al., 2008, PLoS ONE 3(6):e2248, DOI:10.1371/journal.pone.0002248（desiRm 数据库整理，PMC3154470, PLoS ONE 2011）",仅19nt靶位点(sense)，无侧翼序列
UUGAUUUUUAGCUUACUCG,,CGAGUAAGCUAAAAACCAA,4,0.665,0.7185,"Ohnishi et al., 2008, PLoS ONE 3(6):e2248, DOI:10.1371/journal.pone.0002248（desiRm 数据库整理，PMC3154470, PLoS ONE 2011）",仅19nt靶位点(sense)，无侧翼序列
UUGAUUUUUUGCUUACUCG,,CGAGUAAGCCAAAAACCAA,"4,10",0.415,0.4426,"Ohnishi et al., 2008, PLoS ONE 3(6):e2248, DOI:10.1371/journal.pone.0002248（desiRm 数据库整理，PMC3154470, PLoS ONE 2011）",仅19nt靶位点(sense)，无侧翼序列
UUAGUUUUUAGCUUACUCG,,CGAGUAAGCUAAAAACCAA,3,0.591,0.6369,"Ohnishi et al., 2008, PLoS ONE 3(6):e2248, DOI:10.1371/journal.pone.0002248（desiRm 数据库整理，PMC3154470, PLoS ONE 2011）",仅19nt靶位点(sense)，无侧翼序列
UUAGUUUUUUGCUUACUCG,,CGAGUAAGCCAAAAACCAA,"3,10",0.247,0.2572,"Ohnishi et al., 2008, PLoS ONE 3(6):e2248, DOI:10.1371/journal.pone.0002248（desiRm 数据库整理，PMC3154470, PLoS ONE 2011）",仅19nt靶位点(sense)，无侧翼序列
UUGGUUUUUAGCUUUCUCG,,CGAGUAAGCUAAAAACCAA,15,0.566,0.6093,"Ohnishi et al., 2008, PLoS ONE 3(6):e2248, DOI:10.1371/journal.pone.0002248（desiRm 数据库整理，PMC3154470, PLoS ONE 2011）",仅19nt靶位点(sense)，无侧翼序列
UUGGUUUUUUGCUUUCUCG,,CGAGUAAGCCAAAAACCAA,"10,15",0.197,0.2020,"Ohnishi et al., 2008, PLoS ONE 3(6):e2248, DOI:10.1371/journal.pone.0002248（desiRm 数据库整理，PMC3154470, PLoS ONE 2011）",仅19nt靶位点(sense)，无侧翼序列
UUGGUUUUUAGCUAACUCG,,CGAGUAAGCUAAAAACCAA,14,0.500,0.5364,"Ohnishi et al., 2008, PLoS ONE 3(6):e2248, DOI:10.1371/journal.pone.0002248（desiRm 数据库整理，PMC3154470, PLoS ONE 2011）",仅19nt靶位点(sense)，无侧翼序列
UUGGUUUUUUGCUAACUCG,,CGAGUAAGCCAAAAACCAA,"10,14",0.116,0.1126,"Ohnishi et al., 2008, PLoS ONE 3(6):e2248, DOI:10.1371/journal.pone.0002248（desiRm 数据库整理，PMC3154470, PLoS ONE 2011）",仅19nt靶位点(sense)，无侧翼序列
UUGGUUUUUAGGUUACUCG,,CGAGUAAGCUAAAAACCAA,12,0.732,0.7925,"Ohnishi et al., 2008, PLoS ONE 3(6):e2248, DOI:10.1371/journal.pone.0002248（desiRm 数据库整理，PMC3154470, PLoS ONE 2011）",仅19nt靶位点(sense)，无侧翼序列
UUGGUUUUUUGGUUACUCG,,CGAGUAAGCCAAAAACCAA,"10,12",0.289,0.3035,"Ohnishi et al., 2008, PLoS ONE 3(6):e2248, DOI:10.1371/journal.pone.0002248（desiRm 数据库整理，PMC3154470, PLoS ONE 2011）",仅19nt靶位点(sense)，无侧翼序列
GGCUUACUCAGCUUGUUCC,,GGAACAAGCCGAGUAAGCC,10,0.836,0.9073,"Ohnishi et al., 2008, PLoS ONE 3(6):e2248, DOI:10.1371/journal.pone.0002248（desiRm 数据库整理，PMC3154470, PLoS ONE 2011）",仅19nt靶位点(sense)，无侧翼序列
GGCUUACACAGCUUGUUCC,,GGAACAAGCUGAGUAAGCC,8,0.414,0.4415,"Ohnishi et al., 2008, PLoS ONE 3(6):e2248, DOI:10.1371/journal.pone.0002248（desiRm 数据库整理，PMC3154470, PLoS ONE 2011）",仅19nt靶位点(sense)，无侧翼序列
GGCUUAGUCAGCUUGUUCC,,GGAACAAGCUGAGUAAGCC,7,0.863,0.9371,"Ohnishi et al., 2008, PLoS ONE 3(6):e2248, DOI:10.1371/journal.pone.0002248（desiRm 数据库整理，PMC3154470, PLoS ONE 2011）",仅19nt靶位点(sense)，无侧翼序列
GGCUUAGUCAGCUUGUUCC,,GGAACAAGCCGAGUAAGCC,"7,10",0.121,0.1181,"Ohnishi et al., 2008, PLoS ONE 3(6):e2248, DOI:10.1371/journal.pone.0002248（desiRm 数据库整理，PMC3154470, PLoS ONE 2011）",仅19nt靶位点(sense)，无侧翼序列
GGCUUUCUCAGCUUGUUCC,,GGAACAAGCUGAGUAAGCC,6,0.656,0.7086,"Ohnishi et al., 2008, PLoS ONE 3(6):e2248, DOI:10.1371/journal.pone.0002248（desiRm 数据库整理，PMC3154470, PLoS ONE 2011）",仅19nt靶位点(sense)，无侧翼序列
GGCUAACUCAGCUUGUUCC,,GGAACAAGCUGAGUAAGCC,5,0.225,0.2329,"Ohnishi et al., 2008, PLoS ONE 3(6):e2248, DOI:10.1371/journal.pone.0002248（desiRm 数据库整理，PMC3154470, PLoS ONE 2011）",仅19nt靶位点(sense)，无侧翼序列
GGCAUACUCAGCUUGUUCC,,GGAACAAGCUGAGUAAGCC,4,0.545,0.5861,"Ohnishi et al., 2008, PLoS ONE 3(6):e2248, DOI:10.1371/journal.pone.0002248（desiRm 数据库整理，PMC3154470, PLoS ONE 2011）",仅19nt靶位点(sense)，无侧翼序列
GGCUUACUCAGCUUCUUCC,,GGAACAAGCUGAGUAAGCC,15,0.131,0.1291,"Ohnishi et al., 2008, PLoS ONE 3(6):e2248, DOI:10.1371/journal.pone.0002248（desiRm 数据库整理，PMC3154470, PLoS ONE 2011）",仅19nt靶位点(sense)，无侧翼序列
GGCUUACUCAGCUUCUUCC,,GGAACAAGCCGAGUAAGCC,"10,15",0.089,0.0828,"Ohnishi et al., 2008, PLoS ONE 3(6):e2248, DOI:10.1371/journal.pone.0002248（desiRm 数据库整理，PMC3154470, PLoS ONE 2011）",仅19nt靶位点(sense)，无侧翼序列
GGCUUACUCAGCUAGUUCC,,GGAACAAGCUGAGUAAGCC,14,0.649,0.7009,"Ohnishi et al., 2008, PLoS ONE 3(6):e2248, DOI:10.1371/journal.pone.0002248（desiRm 数据库整理，PMC3154470, PLoS ONE 2011）",仅19nt靶位点(sense)，无侧翼序列
GGCUUACUCAGCUAGUUCC,,GGAACAAGCCGAGUAAGCC,"10,14",0.100,0.0949,"Ohnishi et al., 2008, PLoS ONE 3(6):e2248, DOI:10.1371/journal.pone.0002248（desiRm 数据库整理，PMC3154470, PLoS ONE 2011）",仅19nt靶位点(sense)，无侧翼序列
UUGACGCAGUUGUGCACAA,,UUGUGCACGACUGCGUCAA,11,0.817,0.8863,"Ohnishi et al., 2008, PLoS ONE 3(6):e2248, DOI:10.1371/journal.pone.0002248（desiRm 数据库整理，PMC3154470, PLoS ONE 2011）",仅19nt靶位点(sense)，无侧翼序列
UUGACGCUGUUGUGCACAA,,UUGUGCACAACUGCGUCAA,8,0.455,0.4868,"Ohnishi et al., 2008, PLoS ONE 3(6):e2248, DOI:10.1371/journal.pone.0002248（desiRm 数据库整理，PMC3154470, PLoS ONE 2011）",仅19nt靶位点(sense)，无侧翼序列
UUGACGCUGUUGUGCACAA,,UUGUGCACGACUGCGUCAA,"8,11",0.617,0.6656,"Ohnishi et al., 2008, PLoS ONE 3(6):e2248, DOI:10.1371/journal.pone.0002248（desiRm 数据库整理，PMC3154470, PLoS ONE 2011）",仅19nt靶位点(sense)，无侧翼序列
UUGACGGAGUUGUGCACAA,,UUGUGCACAACUGCGUCAA,7,0.791,0.8576,"Ohnishi et al., 2008, PLoS ONE 3(6):e2248, DOI:10.1371/journal.pone.0002248（desiRm 数据库整理，PMC3154470, PLoS ONE 2011）",仅19nt靶位点(sense)，无侧翼序列
UUGACGGAGUUGUGCACAA,,UUGUGCACGACUGCGUCAA,"7,11",0.298,0.3135,"Ohnishi et al., 2008, PLoS ONE 3(6):e2248, DOI:10.1371/journal.pone.0002248（desiRm 数据库整理，PMC3154470, PLoS ONE 2011）",仅19nt靶位点(sense)，无侧翼序列
UUGACCCAGUUGUGCACAA,,UUGUGCACAACUGCGUCAA,6,0.147,0.1468,"Ohnishi et al., 2008, PLoS ONE 3(6):e2248, DOI:10.1371/journal.pone.0002248（desiRm 数据库整理，PMC3154470, PLoS ONE 2011）",仅19nt靶位点(sense)，无侧翼序列
UUGACCCAGUUGUGCACAA,,UUGUGCACGACUGCGUCAA,"6,11",0.106,0.1015,"Ohnishi et al., 2008, PLoS ONE 3(6):e2248, DOI:10.1371/journal.pone.0002248（desiRm 数据库整理，PMC3154470, PLoS ONE 2011）",仅19nt靶位点(sense)，无侧翼序列
UUGAGGCAGUUGUGCACAA,,UUGUGCACAACUGCGUCAA,5,0.635,0.6854,"Ohnishi et al., 2008, PLoS ONE 3(6):e2248, DOI:10.1371/journal.pone.0002248（desiRm 数据库整理，PMC3154470, PLoS ONE 2011）",仅19nt靶位点(sense)，无侧翼序列
UUGAGGCAGUUGUGCACAA,,UUGUGCACGACUGCGUCAA,"5,11",0.014,0.0000,"Ohnishi et al., 2008, PLoS ONE 3(6):e2248, DOI:10.1371/journal.pone.0002248（desiRm 数据库整理，PMC3154470, PLoS ONE 2011）",仅19nt靶位点(sense)，无侧翼序列
UUGUCGCAGUUGUGCACAA,,UUGUGCACAACUGCGUCAA,4,0.629,0.6788,"Ohnishi et al., 2008, PLoS ONE 3(6):e2248, DOI:10.1371/journal.pone.0002248（desiRm 数据库整理，PMC3154470, PLoS ONE 2011）",仅19nt靶位点(sense)，无侧翼序列
UUGUCGCAGUUGUGCACAA,,UUGUGCACGACUGCGUCAA,"4,11",0.349,0.3698,"Ohnishi et al., 2008, PLoS ONE 3(6):e2248, DOI:10.1371/journal.pone.0002248（desiRm 数据库整理，PMC3154470, PLoS ONE 2011）",仅19nt靶位点(sense)，无侧翼序列
UUCACGCAGUUGUGCACAA,,UUGUGCACAACUGCGUCAA,3,0.285,0.2991,"Ohnishi et al., 2008, PLoS ONE 3(6):e2248, DOI:10.1371/journal.pone.0002248（desiRm 数据库整理，PMC3154470, PLoS ONE 2011）",仅19nt靶位点(sense)，无侧翼序列
UUCACGCAGUUGUGCACAA,,UUGUGCACGACUGCGUCAA,"3,11",0.059,0.0497,"Ohnishi et al., 2008, PLoS ONE 3(6):e2248, DOI:10.1371/journal.pone.0002248（desiRm 数据库整理，PMC3154470, PLoS ONE 2011）",仅19nt靶位点(sense)，无侧翼序列
UUGACGCAGUUGUGGACAA,,UUGUGCACAACUGCGUCAA,15,0.658,0.7108,"Ohnishi et al., 2008, PLoS ONE 3(6):e2248, DOI:10.1371/journal.pone.0002248（desiRm 数据库整理，PMC3154470, PLoS ONE 2011）",仅19nt靶位点(sense)，无侧翼序列
UUGACGCAGUUGUGGACAA,,UUGUGCACGACUGCGUCAA,"11,15",0.496,0.5320,"Ohnishi et al., 2008, PLoS ONE 3(6):e2248, DOI:10.1371/journal.pone.0002248（desiRm 数据库整理，PMC3154470, PLoS ONE 2011）",仅19nt靶位点(sense)，无侧翼序列
UUGACGCAGUUGUCCACAA,,UUGUGCACAACUGCGUCAA,14,0.482,0.5166,"Ohnishi et al., 2008, PLoS ONE 3(6):e2248, DOI:10.1371/journal.pone.0002248（desiRm 数据库整理，PMC3154470, PLoS ONE 2011）",仅19nt靶位点(sense)，无侧翼序列
