siRNA,mRNA_57nt,mismatch_position,silencing_efficiency,silencing_efficiency_norm,数据来源
CUGAGGCUUUACCAACCAC,UUUCAUUUUCUACAGUGUUCUGGUUGGUAAAGCCUCAGCAACAGCCAGUGGAGACUG,19,0.915,0.9926,"Sierant et al., 2011, International Journal of Alzheimer's Disease 2011:809218, DOI:10.4061/2011/809218 (PMC3090069) — Figure 4(a) 图读；导向链(antisense strand) P1–P19 与野生型 PSEN1 mRNA 之间为单个 C:C 错配，错配位置自导向链 5′ 端起由第 19 位递减至第 1 位；沉默效率 = 100% − 样品 EGFP/RFP ÷ 对照 EGFP/RFP × 100%，原文对照(非沉默 siRNA)定为 100%；柱高为像素图读值(标定取自该图自身 0–140% 坐标刻度)"
UGAGGCUUUACCAACCACA,AUUUCAUUUUCUACAGUGUUCUGGUUGGUAAAGCCUCAGCAACAGCCAGUGGAGACU,18,0.922,1,"Sierant et al., 2011, International Journal of Alzheimer's Disease 2011:809218, DOI:10.4061/2011/809218 (PMC3090069) — Figure 4(a) 图读；导向链(antisense strand) P1–P19 与野生型 PSEN1 mRNA 之间为单个 C:C 错配，错配位置自导向链 5′ 端起由第 19 位递减至第 1 位；沉默效率 = 100% − 样品 EGFP/RFP ÷ 对照 EGFP/RFP × 100%，原文对照(非沉默 siRNA)定为 100%；柱高为像素图读值(标定取自该图自身 0–140% 坐标刻度)"
GAGGCUUUACCAACCACAA,GAUUUCAUUUUCUACAGUGUUCUGGUUGGUAAAGCCUCAGCAACAGCCAGUGGAGAC,17,0.088,0.0956,"Sierant et al., 2011, International Journal of Alzheimer's Disease 2011:809218, DOI:10.4061/2011/809218 (PMC3090069) — Figure 4(a) 图读；导向链(antisense strand) P1–P19 与野生型 PSEN1 mRNA 之间为单个 C:C 错配，错配位置自导向链 5′ 端起由第 19 位递减至第 1 位；沉默效率 = 100% − 样品 EGFP/RFP ÷ 对照 EGFP/RFP × 100%，原文对照(非沉默 siRNA)定为 100%；柱高为像素图读值(标定取自该图自身 0–140% 坐标刻度)"
AGGCUUUACCAACCACAAC,AGAUUUCAUUUUCUACAGUGUUCUGGUUGGUAAAGCCUCAGCAACAGCCAGUGGAGA,16,0.286,0.3106,"Sierant et al., 2011, International Journal of Alzheimer's Disease 2011:809218, DOI:10.4061/2011/809218 (PMC3090069) — Figure 4(a) 图读；导向链(antisense strand) P1–P19 与野生型 PSEN1 mRNA 之间为单个 C:C 错配，错配位置自导向链 5′ 端起由第 19 位递减至第 1 位；沉默效率 = 100% − 样品 EGFP/RFP ÷ 对照 EGFP/RFP × 100%，原文对照(非沉默 siRNA)定为 100%；柱高为像素图读值(标定取自该图自身 0–140% 坐标刻度)"
GGCUUUACCAACCACAACA,GAGAUUUCAUUUUCUACAGUGUUCUGGUUGGUAAAGCCUCAGCAACAGCCAGUGGAG,15,0.286,0.3106,"Sierant et al., 2011, International Journal of Alzheimer's Disease 2011:809218, DOI:10.4061/2011/809218 (PMC3090069) — Figure 4(a) 图读；导向链(antisense strand) P1–P19 与野生型 PSEN1 mRNA 之间为单个 C:C 错配，错配位置自导向链 5′ 端起由第 19 位递减至第 1 位；沉默效率 = 100% − 样品 EGFP/RFP ÷ 对照 EGFP/RFP × 100%，原文对照(非沉默 siRNA)定为 100%；柱高为像素图读值(标定取自该图自身 0–140% 坐标刻度)"
GCUUUACCAACCACAACAC,GGAGAUUUCAUUUUCUACAGUGUUCUGGUUGGUAAAGCCUCAGCAACAGCCAGUGGA,14,0.143,0.1549,"Sierant et al., 2011, International Journal of Alzheimer's Disease 2011:809218, DOI:10.4061/2011/809218 (PMC3090069) — Figure 4(a) 图读；导向链(antisense strand) P1–P19 与野生型 PSEN1 mRNA 之间为单个 C:C 错配，错配位置自导向链 5′ 端起由第 19 位递减至第 1 位；沉默效率 = 100% − 样品 EGFP/RFP ÷ 对照 EGFP/RFP × 100%，原文对照(非沉默 siRNA)定为 100%；柱高为像素图读值(标定取自该图自身 0–140% 坐标刻度)"
CUUUACCAACCACAACACU,GGGAGAUUUCAUUUUCUACAGUGUUCUGGUUGGUAAAGCCUCAGCAACAGCCAGUGG,13,0.15,0.1623,"Sierant et al., 2011, International Journal of Alzheimer's Disease 2011:809218, DOI:10.4061/2011/809218 (PMC3090069) — Figure 4(a) 图读；导向链(antisense strand) P1–P19 与野生型 PSEN1 mRNA 之间为单个 C:C 错配，错配位置自导向链 5′ 端起由第 19 位递减至第 1 位；沉默效率 = 100% − 样品 EGFP/RFP ÷ 对照 EGFP/RFP × 100%，原文对照(非沉默 siRNA)定为 100%；柱高为像素图读值(标定取自该图自身 0–140% 坐标刻度)"
UUUACCAACCACAACACUG,UGGGAGAUUUCAUUUUCUACAGUGUUCUGGUUGGUAAAGCCUCAGCAACAGCCAGUG,12,0.396,0.4292,"Sierant et al., 2011, International Journal of Alzheimer's Disease 2011:809218, DOI:10.4061/2011/809218 (PMC3090069) — Figure 4(a) 图读；导向链(antisense strand) P1–P19 与野生型 PSEN1 mRNA 之间为单个 C:C 错配，错配位置自导向链 5′ 端起由第 19 位递减至第 1 位；沉默效率 = 100% − 样品 EGFP/RFP ÷ 对照 EGFP/RFP × 100%，原文对照(非沉默 siRNA)定为 100%；柱高为像素图读值(标定取自该图自身 0–140% 坐标刻度)"
UUACCAACCACAACACUGU,UUGGGAGAUUUCAUUUUCUACAGUGUUCUGGUUGGUAAAGCCUCAGCAACAGCCAGU,11,0.3,0.3254,"Sierant et al., 2011, International Journal of Alzheimer's Disease 2011:809218, DOI:10.4061/2011/809218 (PMC3090069) — Figure 4(a) 图读；导向链(antisense strand) P1–P19 与野生型 PSEN1 mRNA 之间为单个 C:C 错配，错配位置自导向链 5′ 端起由第 19 位递减至第 1 位；沉默效率 = 100% − 样品 EGFP/RFP ÷ 对照 EGFP/RFP × 100%，原文对照(非沉默 siRNA)定为 100%；柱高为像素图读值(标定取自该图自身 0–140% 坐标刻度)"
UACCAACCACAACACUGUA,AUUGGGAGAUUUCAUUUUCUACAGUGUUCUGGUUGGUAAAGCCUCAGCAACAGCCAG,10,0.17,0.1845,"Sierant et al., 2011, International Journal of Alzheimer's Disease 2011:809218, DOI:10.4061/2011/809218 (PMC3090069) — Figure 4(a) 图读；导向链(antisense strand) P1–P19 与野生型 PSEN1 mRNA 之间为单个 C:C 错配，错配位置自导向链 5′ 端起由第 19 位递减至第 1 位；沉默效率 = 100% − 样品 EGFP/RFP ÷ 对照 EGFP/RFP × 100%，原文对照(非沉默 siRNA)定为 100%；柱高为像素图读值(标定取自该图自身 0–140% 坐标刻度)"
ACCAACCACAACACUGUAG,GAUUGGGAGAUUUCAUUUUCUACAGUGUUCUGGUUGGUAAAGCCUCAGCAACAGCCA,9,0.074,0.0807,"Sierant et al., 2011, International Journal of Alzheimer's Disease 2011:809218, DOI:10.4061/2011/809218 (PMC3090069) — Figure 4(a) 图读；导向链(antisense strand) P1–P19 与野生型 PSEN1 mRNA 之间为单个 C:C 错配，错配位置自导向链 5′ 端起由第 19 位递减至第 1 位；沉默效率 = 100% − 样品 EGFP/RFP ÷ 对照 EGFP/RFP × 100%，原文对照(非沉默 siRNA)定为 100%；柱高为像素图读值(标定取自该图自身 0–140% 坐标刻度)"
CCAACCACAACACUGUAGA,GGAUUGGGAGAUUUCAUUUUCUACAGUGUUCUGGUUGGUAAAGCCUCAGCAACAGCC,8,-0.014,-0.0156,"Sierant et al., 2011, International Journal of Alzheimer's Disease 2011:809218, DOI:10.4061/2011/809218 (PMC3090069) — Figure 4(a) 图读；导向链(antisense strand) P1–P19 与野生型 PSEN1 mRNA 之间为单个 C:C 错配，错配位置自导向链 5′ 端起由第 19 位递减至第 1 位；沉默效率 = 100% − 样品 EGFP/RFP ÷ 对照 EGFP/RFP × 100%，原文对照(非沉默 siRNA)定为 100%；柱高为像素图读值(标定取自该图自身 0–140% 坐标刻度)"
CAACCACAACACUGUAGAA,UGGAUUGGGAGAUUUCAUUUUCUACAGUGUUCUGGUUGGUAAAGCCUCAGCAACAGC,7,-0.096,-0.1046,"Sierant et al., 2011, International Journal of Alzheimer's Disease 2011:809218, DOI:10.4061/2011/809218 (PMC3090069) — Figure 4(a) 图读；导向链(antisense strand) P1–P19 与野生型 PSEN1 mRNA 之间为单个 C:C 错配，错配位置自导向链 5′ 端起由第 19 位递减至第 1 位；沉默效率 = 100% − 样品 EGFP/RFP ÷ 对照 EGFP/RFP × 100%，原文对照(非沉默 siRNA)定为 100%；柱高为像素图读值(标定取自该图自身 0–140% 坐标刻度)"
AACCACAACACUGUAGAAA,UUGGAUUGGGAGAUUUCAUUUUCUACAGUGUUCUGGUUGGUAAAGCCUCAGCAACAG,6,-0.083,-0.0898,"Sierant et al., 2011, International Journal of Alzheimer's Disease 2011:809218, DOI:10.4061/2011/809218 (PMC3090069) — Figure 4(a) 图读；导向链(antisense strand) P1–P19 与野生型 PSEN1 mRNA 之间为单个 C:C 错配，错配位置自导向链 5′ 端起由第 19 位递减至第 1 位；沉默效率 = 100% − 样品 EGFP/RFP ÷ 对照 EGFP/RFP × 100%，原文对照(非沉默 siRNA)定为 100%；柱高为像素图读值(标定取自该图自身 0–140% 坐标刻度)"
ACCACAACACUGUAGAAAA,CUUGGAUUGGGAGAUUUCAUUUUCUACAGUGUUCUGGUUGGUAAAGCCUCAGCAACA,5,-0.055,-0.0601,"Sierant et al., 2011, International Journal of Alzheimer's Disease 2011:809218, DOI:10.4061/2011/809218 (PMC3090069) — Figure 4(a) 图读；导向链(antisense strand) P1–P19 与野生型 PSEN1 mRNA 之间为单个 C:C 错配，错配位置自导向链 5′ 端起由第 19 位递减至第 1 位；沉默效率 = 100% − 样品 EGFP/RFP ÷ 对照 EGFP/RFP × 100%，原文对照(非沉默 siRNA)定为 100%；柱高为像素图读值(标定取自该图自身 0–140% 坐标刻度)"
CCACAACACUGUAGAAAAU,ACUUGGAUUGGGAGAUUUCAUUUUCUACAGUGUUCUGGUUGGUAAAGCCUCAGCAAC,4,-0.049,-0.0527,"Sierant et al., 2011, International Journal of Alzheimer's Disease 2011:809218, DOI:10.4061/2011/809218 (PMC3090069) — Figure 4(a) 图读；导向链(antisense strand) P1–P19 与野生型 PSEN1 mRNA 之间为单个 C:C 错配，错配位置自导向链 5′ 端起由第 19 位递减至第 1 位；沉默效率 = 100% − 样品 EGFP/RFP ÷ 对照 EGFP/RFP × 100%，原文对照(非沉默 siRNA)定为 100%；柱高为像素图读值(标定取自该图自身 0–140% 坐标刻度)"
CACAACACUGUAGAAAAUG,AACUUGGAUUGGGAGAUUUCAUUUUCUACAGUGUUCUGGUUGGUAAAGCCUCAGCAA,3,-0.076,-0.0824,"Sierant et al., 2011, International Journal of Alzheimer's Disease 2011:809218, DOI:10.4061/2011/809218 (PMC3090069) — Figure 4(a) 图读；导向链(antisense strand) P1–P19 与野生型 PSEN1 mRNA 之间为单个 C:C 错配，错配位置自导向链 5′ 端起由第 19 位递减至第 1 位；沉默效率 = 100% − 样品 EGFP/RFP ÷ 对照 EGFP/RFP × 100%，原文对照(非沉默 siRNA)定为 100%；柱高为像素图读值(标定取自该图自身 0–140% 坐标刻度)"
ACAACACUGUAGAAAAUGA,AAACUUGGAUUGGGAGAUUUCAUUUUCUACAGUGUUCUGGUUGGUAAAGCCUCAGCA,2,-0.055,-0.0601,"Sierant et al., 2011, International Journal of Alzheimer's Disease 2011:809218, DOI:10.4061/2011/809218 (PMC3090069) — Figure 4(a) 图读；导向链(antisense strand) P1–P19 与野生型 PSEN1 mRNA 之间为单个 C:C 错配，错配位置自导向链 5′ 端起由第 19 位递减至第 1 位；沉默效率 = 100% − 样品 EGFP/RFP ÷ 对照 EGFP/RFP × 100%，原文对照(非沉默 siRNA)定为 100%；柱高为像素图读值(标定取自该图自身 0–140% 坐标刻度)"
CAACACUGUAGAAAAUGAA,AAAACUUGGAUUGGGAGAUUUCAUUUUCUACAGUGUUCUGGUUGGUAAAGCCUCAGC,1,0.225,0.2438,"Sierant et al., 2011, International Journal of Alzheimer's Disease 2011:809218, DOI:10.4061/2011/809218 (PMC3090069) — Figure 4(a) 图读；导向链(antisense strand) P1–P19 与野生型 PSEN1 mRNA 之间为单个 C:C 错配，错配位置自导向链 5′ 端起由第 19 位递减至第 1 位；沉默效率 = 100% − 样品 EGFP/RFP ÷ 对照 EGFP/RFP × 100%，原文对照(非沉默 siRNA)定为 100%；柱高为像素图读值(标定取自该图自身 0–140% 坐标刻度)"
