候选编号,所属赛道,候选序列（引导链5'→3'）,过客链序列,靶基因,窗口/靶区,错配位点,关键预测指标-综合排序分,关键预测指标-最终排名,关键预测指标-OligoFormer效率预测,关键预测指标-热力学主分,关键预测指标-GC含量(%),关键预测指标-脱靶风险/罚分,关键预测指标-毒性罚分,关键预测指标-免疫刺激风险,对应模型与运行版本,排序参数,备注（修饰/递送/状态）,结构文件
W0655_g18:U>G,赛道二：AI基因编辑与核酸工具设计,UCUUCUUGUCGCCAUUUGC,GCAAAUGGCGACAAGAAGA,SFRP1,W0655,g18:U>G,0.8523237485,1,0.938874827,0.6607374784,47.37,,0,无,sirna_pipeline@0.1.0,"{""alpha"": 0.4, ""aux_available"": true, ""beta"": 0.6, ""directions"": {""feat_dG_duplex"": -1, ""feat_dG_seed"": -1, ""feat_ddg_ends"": 1, ""feat_mfe"": 1}, ""norm"": ""minmax"", ""penalties"": {""imm_high_flag"": 0.1, ""offtarget_risk"": 0.1, ""tox_viability_flag"": 0.05}, ""seed_kind"": ""seed7"", ""weights"": {""feat_dG_duplex"": 1.2, ""feat_dG_seed"": 0.0, ""feat_ddg_ends"": 1.0, ""feat_mfe"": 1.0}}",修饰:5′-P mU s fC s mU fU mC fU mU fG mU fC mG fC mC fA mU mU mU fG s mC；杂交偏强(mfe=-27.60<-25.0，请交任务9 seed区脱靶复核),无（序列型候选）
W0655_g18:U>C,赛道二：AI基因编辑与核酸工具设计,UCUUCUUGUCGCCAUUUCC,GGAAAUGGCGACAAGAAGA,SFRP1,W0655,g18:U>C,0.8452379115,2,0.9424569101,0.643022886,47.37,,0,无,sirna_pipeline@0.1.0,"{""alpha"": 0.4, ""aux_available"": true, ""beta"": 0.6, ""directions"": {""feat_dG_duplex"": -1, ""feat_dG_seed"": -1, ""feat_ddg_ends"": 1, ""feat_mfe"": 1}, ""norm"": ""minmax"", ""penalties"": {""imm_high_flag"": 0.1, ""offtarget_risk"": 0.1, ""tox_viability_flag"": 0.05}, ""seed_kind"": ""seed7"", ""weights"": {""feat_dG_duplex"": 1.2, ""feat_dG_seed"": 0.0, ""feat_ddg_ends"": 1.0, ""feat_mfe"": 1.0}}",修饰:5′-P mU s fC s mU fU mC fU mU fG mU fC mG fC mC fA mU mU mU fC s mC；杂交偏强(mfe=-27.20<-25.0，请交任务9 seed区脱靶复核),无（序列型候选）
W0716_g19:U>C,赛道二：AI基因编辑与核酸工具设计,UUCUUCAGGUCCUUCUUCC,GGAAGAAGGACCUGAAGAA,SFRP1,W0716,g19:U>C,0.8451474585,3,0.7695439579,0.7979961486,47.37,,0,无,sirna_pipeline@0.1.0,"{""alpha"": 0.4, ""aux_available"": true, ""beta"": 0.6, ""directions"": {""feat_dG_duplex"": -1, ""feat_dG_seed"": -1, ""feat_ddg_ends"": 1, ""feat_mfe"": 1}, ""norm"": ""minmax"", ""penalties"": {""imm_high_flag"": 0.1, ""offtarget_risk"": 0.1, ""tox_viability_flag"": 0.05}, ""seed_kind"": ""seed7"", ""weights"": {""feat_dG_duplex"": 1.2, ""feat_dG_seed"": 0.0, ""feat_ddg_ends"": 1.0, ""feat_mfe"": 1.0}}",修饰:5′-P mU s fU s mC fU mU fC mA fG mG fU mC fC mU fU mC fU mU fC s mC；杂交偏强(mfe=-31.40<-25.0，请交任务9 seed区脱靶复核),无（序列型候选）
W0728_g19:A>C,赛道二：AI基因编辑与核酸工具设计,UACAGCACAAGCUUCUUCC,GGAAGAAGCUUGUGCUGUA,SFRP1,W0728,g19:A>C,0.8409706429,4,0.8446628729,0.7182167974,47.37,,0,无,sirna_pipeline@0.1.0,"{""alpha"": 0.4, ""aux_available"": true, ""beta"": 0.6, ""directions"": {""feat_dG_duplex"": -1, ""feat_dG_seed"": -1, ""feat_ddg_ends"": 1, ""feat_mfe"": 1}, ""norm"": ""minmax"", ""penalties"": {""imm_high_flag"": 0.1, ""offtarget_risk"": 0.1, ""tox_viability_flag"": 0.05}, ""seed_kind"": ""seed7"", ""weights"": {""feat_dG_duplex"": 1.2, ""feat_dG_seed"": 0.0, ""feat_ddg_ends"": 1.0, ""feat_mfe"": 1.0}}",修饰:5′-P mU s fA s mC fA mG fC mA fC mA fA mG fC mU fU mC fU mU fC s mC；杂交偏强(mfe=-30.90<-25.0，请交任务9 seed区脱靶复核),无（序列型候选）
W0618_g18:A>G,赛道二：AI基因编辑与核酸工具设计,UUUCAUCCUCAGUGCAAGC,GCUUGCACUGAGGAUGAAA,SFRP1,W0618,g18:A>G,0.834812851,5,0.8195493504,0.821745362,47.37,,0,无,sirna_pipeline@0.1.0,"{""alpha"": 0.4, ""aux_available"": true, ""beta"": 0.6, ""directions"": {""feat_dG_duplex"": -1, ""feat_dG_seed"": -1, ""feat_ddg_ends"": 1, ""feat_mfe"": 1}, ""norm"": ""minmax"", ""penalties"": {""imm_high_flag"": 0.1, ""offtarget_risk"": 0.1, ""tox_viability_flag"": 0.05}, ""seed_kind"": ""seed7"", ""weights"": {""feat_dG_duplex"": 1.2, ""feat_dG_seed"": 0.0, ""feat_ddg_ends"": 1.0, ""feat_mfe"": 1.0}}",修饰:5′-P mU s mU s mU fC mA fU mC fC mU fC mA fG mU fG mC fA mA fG s mC；杂交偏强(mfe=-31.10<-25.0，请交任务9 seed区脱靶复核),无（序列型候选）
W0686_g19:U>C,赛道二：AI基因编辑与核酸工具设计,AACUUCAGGGGCUUCUUCC,GGAAGAAGCCCCUGAAGUU,SFRP1,W0686,g19:U>C,0.8289292839,6,0.6997978659,0.8251223807,52.63,,0,无,sirna_pipeline@0.1.0,"{""alpha"": 0.4, ""aux_available"": true, ""beta"": 0.6, ""directions"": {""feat_dG_duplex"": -1, ""feat_dG_seed"": -1, ""feat_ddg_ends"": 1, ""feat_mfe"": 1}, ""norm"": ""minmax"", ""penalties"": {""imm_high_flag"": 0.1, ""offtarget_risk"": 0.1, ""tox_viability_flag"": 0.05}, ""seed_kind"": ""seed7"", ""weights"": {""feat_dG_duplex"": 1.2, ""feat_dG_seed"": 0.0, ""feat_ddg_ends"": 1.0, ""feat_mfe"": 1.0}}",修饰:5′-P mA s fA s mC fU mU fC mA fG mG fG mG fC mU fU mC fU mU fC s mC；杂交偏强(mfe=-33.20<-25.0，请交任务9 seed区脱靶复核),无（序列型候选）
W0852_g19:G>C,赛道二：AI基因编辑与核酸工具设计,UUUCUUGUCCCACUUGUGC,GCACAAGUGGGACAAGAAA,SFRP1,W0852,g19:G>C,0.8264362572,7,0.8167721267,0.8409324529,47.37,,0,无,sirna_pipeline@0.1.0,"{""alpha"": 0.4, ""aux_available"": true, ""beta"": 0.6, ""directions"": {""feat_dG_duplex"": -1, ""feat_dG_seed"": -1, ""feat_ddg_ends"": 1, ""feat_mfe"": 1}, ""norm"": ""minmax"", ""penalties"": {""imm_high_flag"": 0.1, ""offtarget_risk"": 0.1, ""tox_viability_flag"": 0.05}, ""seed_kind"": ""seed7"", ""weights"": {""feat_dG_duplex"": 1.2, ""feat_dG_seed"": 0.0, ""feat_ddg_ends"": 1.0, ""feat_mfe"": 1.0}}",修饰:5′-P mU s mU s mU fC mU fU mG fU mC fC mC fA mC fU mU fG mU fG s mC；杂交偏强(mfe=-30.40<-25.0，请交任务9 seed区脱靶复核),无（序列型候选）
W0618_g18:A>C,赛道二：AI基因编辑与核酸工具设计,UUUCAUCCUCAGUGCAACC,GGUUGCACUGAGGAUGAAA,SFRP1,W0618,g18:A>C,0.8252512585,8,0.8110323046,0.7978413808,47.37,,0,无,sirna_pipeline@0.1.0,"{""alpha"": 0.4, ""aux_available"": true, ""beta"": 0.6, ""directions"": {""feat_dG_duplex"": -1, ""feat_dG_seed"": -1, ""feat_ddg_ends"": 1, ""feat_mfe"": 1}, ""norm"": ""minmax"", ""penalties"": {""imm_high_flag"": 0.1, ""offtarget_risk"": 0.1, ""tox_viability_flag"": 0.05}, ""seed_kind"": ""seed7"", ""weights"": {""feat_dG_duplex"": 1.2, ""feat_dG_seed"": 0.0, ""feat_ddg_ends"": 1.0, ""feat_mfe"": 1.0}}",修饰:5′-P mU s mU s mU fC mA fU mC fC mU fC mA fG mU fG mC fA mA fC s mC；杂交偏强(mfe=-28.20<-25.0，请交任务9 seed区脱靶复核),无（序列型候选）
W0852_g17:U>C,赛道二：AI基因编辑与核酸工具设计,UUUCUUGUCCCACUUGCGG,CCGCAAGUGGGACAAGAAA,SFRP1,W0852,g17:U>C,0.8174936184,9,0.7515284586,0.8185758559,52.63,,0,无,sirna_pipeline@0.1.0,"{""alpha"": 0.4, ""aux_available"": true, ""beta"": 0.6, ""directions"": {""feat_dG_duplex"": -1, ""feat_dG_seed"": -1, ""feat_ddg_ends"": 1, ""feat_mfe"": 1}, ""norm"": ""minmax"", ""penalties"": {""imm_high_flag"": 0.1, ""offtarget_risk"": 0.1, ""tox_viability_flag"": 0.05}, ""seed_kind"": ""seed7"", ""weights"": {""feat_dG_duplex"": 1.2, ""feat_dG_seed"": 0.0, ""feat_ddg_ends"": 1.0, ""feat_mfe"": 1.0}}",修饰:5′-P mU s mU s mU fC mU fU mG fU mC fC mC fA mC fU mU fG mC fG s mG；杂交偏强(mfe=-29.10<-25.0，请交任务9 seed区脱靶复核),无（序列型候选）
W0852_g17:U>A,赛道二：AI基因编辑与核酸工具设计,UUUCUUGUCCCACUUGAGG,CCUCAAGUGGGACAAGAAA,SFRP1,W0852,g17:U>A,0.8159225015,10,0.7821213362,0.8146480636,47.37,,0,无,sirna_pipeline@0.1.0,"{""alpha"": 0.4, ""aux_available"": true, ""beta"": 0.6, ""directions"": {""feat_dG_duplex"": -1, ""feat_dG_seed"": -1, ""feat_ddg_ends"": 1, ""feat_mfe"": 1}, ""norm"": ""minmax"", ""penalties"": {""imm_high_flag"": 0.1, ""offtarget_risk"": 0.1, ""tox_viability_flag"": 0.05}, ""seed_kind"": ""seed7"", ""weights"": {""feat_dG_duplex"": 1.2, ""feat_dG_seed"": 0.0, ""feat_ddg_ends"": 1.0, ""feat_mfe"": 1.0}}",修饰:5′-P mU s mU s mU fC mU fU mG fU mC fC mC fA mC fU mU fG mA fG s mG；杂交偏强(mfe=-27.80<-25.0，请交任务9 seed区脱靶复核),无（序列型候选）
W0716_g19:U>G,赛道二：AI基因编辑与核酸工具设计,UUCUUCAGGUCCUUCUUCG,CGAAGAAGGACCUGAAGAA,SFRP1,W0716,g19:U>G,0.8134905935,11,0.7896430708,0.7188539863,47.37,,0,无,sirna_pipeline@0.1.0,"{""alpha"": 0.4, ""aux_available"": true, ""beta"": 0.6, ""directions"": {""feat_dG_duplex"": -1, ""feat_dG_seed"": -1, ""feat_ddg_ends"": 1, ""feat_mfe"": 1}, ""norm"": ""minmax"", ""penalties"": {""imm_high_flag"": 0.1, ""offtarget_risk"": 0.1, ""tox_viability_flag"": 0.05}, ""seed_kind"": ""seed7"", ""weights"": {""feat_dG_duplex"": 1.2, ""feat_dG_seed"": 0.0, ""feat_ddg_ends"": 1.0, ""feat_mfe"": 1.0}}",修饰:5′-P mU s fU s mC fU mU fC mA fG mG fU mC fC mU fU mC fU mU fC s mG；杂交偏强(mfe=-31.80<-25.0，请交任务9 seed区脱靶复核),无（序列型候选）
W0728_g19:A>G,赛道二：AI基因编辑与核酸工具设计,UACAGCACAAGCUUCUUCG,CGAAGAAGCUUGUGCUGUA,SFRP1,W0728,g19:A>G,0.8117895454,12,0.8830080837,0.6452640535,47.37,,0,无,sirna_pipeline@0.1.0,"{""alpha"": 0.4, ""aux_available"": true, ""beta"": 0.6, ""directions"": {""feat_dG_duplex"": -1, ""feat_dG_seed"": -1, ""feat_ddg_ends"": 1, ""feat_mfe"": 1}, ""norm"": ""minmax"", ""penalties"": {""imm_high_flag"": 0.1, ""offtarget_risk"": 0.1, ""tox_viability_flag"": 0.05}, ""seed_kind"": ""seed7"", ""weights"": {""feat_dG_duplex"": 1.2, ""feat_dG_seed"": 0.0, ""feat_ddg_ends"": 1.0, ""feat_mfe"": 1.0}}",修饰:5′-P mU s fA s mC fA mG fC mA fC mA fA mG fC mU fU mC fU mU fC s mG；杂交偏强(mfe=-31.60<-25.0，请交任务9 seed区脱靶复核),无（序列型候选）
W0655_g17:U>A,赛道二：AI基因编辑与核酸工具设计,UCUUCUUGUCGCCAUUAUC,GAUAAUGGCGACAAGAAGA,SFRP1,W0655,g17:U>A,0.8113587357,13,0.9591171113,0.5583249466,42.11,,0,无,sirna_pipeline@0.1.0,"{""alpha"": 0.4, ""aux_available"": true, ""beta"": 0.6, ""directions"": {""feat_dG_duplex"": -1, ""feat_dG_seed"": -1, ""feat_ddg_ends"": 1, ""feat_mfe"": 1}, ""norm"": ""minmax"", ""penalties"": {""imm_high_flag"": 0.1, ""offtarget_risk"": 0.1, ""tox_viability_flag"": 0.05}, ""seed_kind"": ""seed7"", ""weights"": {""feat_dG_duplex"": 1.2, ""feat_dG_seed"": 0.0, ""feat_ddg_ends"": 1.0, ""feat_mfe"": 1.0}}",修饰:5′-P mU s fC s mU fU mC fU mU fG mU fC mG fC mC fA mU fU mA fU s mC；杂交偏强(mfe=-26.60<-25.0，请交任务9 seed区脱靶复核),无（序列型候选）
W0655_g17:U>G,赛道二：AI基因编辑与核酸工具设计,UCUUCUUGUCGCCAUUGUC,GACAAUGGCGACAAGAAGA,SFRP1,W0655,g17:U>G,0.8113587357,14,0.937249146,0.5583249466,47.37,,0,无,sirna_pipeline@0.1.0,"{""alpha"": 0.4, ""aux_available"": true, ""beta"": 0.6, ""directions"": {""feat_dG_duplex"": -1, ""feat_dG_seed"": -1, ""feat_ddg_ends"": 1, ""feat_mfe"": 1}, ""norm"": ""minmax"", ""penalties"": {""imm_high_flag"": 0.1, ""offtarget_risk"": 0.1, ""tox_viability_flag"": 0.05}, ""seed_kind"": ""seed7"", ""weights"": {""feat_dG_duplex"": 1.2, ""feat_dG_seed"": 0.0, ""feat_ddg_ends"": 1.0, ""feat_mfe"": 1.0}}",修饰:5′-P mU s fC s mU fU mC fU mU fG mU fC mG fC mC fA mU fU mG fU s mC；杂交偏强(mfe=-26.70<-25.0，请交任务9 seed区脱靶复核),无（序列型候选）
W0655_g17:U>C,赛道二：AI基因编辑与核酸工具设计,UCUUCUUGUCGCCAUUCUC,GAGAAUGGCGACAAGAAGA,SFRP1,W0655,g17:U>C,0.8101208639,15,0.9512000811,0.555230267,47.37,,0,无,sirna_pipeline@0.1.0,"{""alpha"": 0.4, ""aux_available"": true, ""beta"": 0.6, ""directions"": {""feat_dG_duplex"": -1, ""feat_dG_seed"": -1, ""feat_ddg_ends"": 1, ""feat_mfe"": 1}, ""norm"": ""minmax"", ""penalties"": {""imm_high_flag"": 0.1, ""offtarget_risk"": 0.1, ""tox_viability_flag"": 0.05}, ""seed_kind"": ""seed7"", ""weights"": {""feat_dG_duplex"": 1.2, ""feat_dG_seed"": 0.0, ""feat_ddg_ends"": 1.0, ""feat_mfe"": 1.0}}",修饰:5′-P mU s fC s mU fU mC fU mU fG mU fC mG fC mC fA mU fU mC fU s mC；杂交偏强(mfe=-26.60<-25.0，请交任务9 seed区脱靶复核),无（序列型候选）
W0867_g17:U>C,赛道二：AI基因编辑与核酸工具设计,UUUGAACUCCUUGUUUCUC,GAGAAACAAGGAGUUCAAA,SFRP1,W0867,g17:U>C,0.8099649353,16,0.9710342542,0.5942242597,36.84,,0,无,sirna_pipeline@0.1.0,"{""alpha"": 0.4, ""aux_available"": true, ""beta"": 0.6, ""directions"": {""feat_dG_duplex"": -1, ""feat_dG_seed"": -1, ""feat_ddg_ends"": 1, ""feat_mfe"": 1}, ""norm"": ""minmax"", ""penalties"": {""imm_high_flag"": 0.1, ""offtarget_risk"": 0.1, ""tox_viability_flag"": 0.05}, ""seed_kind"": ""seed7"", ""weights"": {""feat_dG_duplex"": 1.2, ""feat_dG_seed"": 0.0, ""feat_ddg_ends"": 1.0, ""feat_mfe"": 1.0}}",修饰:5′-P mU s mU s mU fG mA fA mC fU mC fC mU fU mG mU mU mU mC fU s mC,无（序列型候选）
W0655_g18:U>A,赛道二：AI基因编辑与核酸工具设计,UCUUCUUGUCGCCAUUUAC,GUAAAUGGCGACAAGAAGA,SFRP1,W0655,g18:U>A,0.8091950935,17,0.9676354885,0.552915841,42.11,,0,无,sirna_pipeline@0.1.0,"{""alpha"": 0.4, ""aux_available"": true, ""beta"": 0.6, ""directions"": {""feat_dG_duplex"": -1, ""feat_dG_seed"": -1, ""feat_ddg_ends"": 1, ""feat_mfe"": 1}, ""norm"": ""minmax"", ""penalties"": {""imm_high_flag"": 0.1, ""offtarget_risk"": 0.1, ""tox_viability_flag"": 0.05}, ""seed_kind"": ""seed7"", ""weights"": {""feat_dG_duplex"": 1.2, ""feat_dG_seed"": 0.0, ""feat_ddg_ends"": 1.0, ""feat_mfe"": 1.0}}",修饰:5′-P mU s fC s mU fU mC fU mU fG mU fC mG fC mC fA mU mU mU fA s mC；杂交偏强(mfe=-27.50<-25.0，请交任务9 seed区脱靶复核),无（序列型候选）
W0671_g19:U>C,赛道二：AI基因编辑与核酸工具设计,UUCUUCUUGGGGACAAUCC,GGAUUGUCCCCAAGAAGAA,SFRP1,W0671,g19:U>C,0.8082107104,18,0.7411014429,0.7903547821,47.37,,0,无,sirna_pipeline@0.1.0,"{""alpha"": 0.4, ""aux_available"": true, ""beta"": 0.6, ""directions"": {""feat_dG_duplex"": -1, ""feat_dG_seed"": -1, ""feat_ddg_ends"": 1, ""feat_mfe"": 1}, ""norm"": ""minmax"", ""penalties"": {""imm_high_flag"": 0.1, ""offtarget_risk"": 0.1, ""tox_viability_flag"": 0.05}, ""seed_kind"": ""seed7"", ""weights"": {""feat_dG_duplex"": 1.2, ""feat_dG_seed"": 0.0, ""feat_ddg_ends"": 1.0, ""feat_mfe"": 1.0}}",修饰:5′-P mU s fU s mC fU mU fC mU fU mG fG mG fG mA fC mA fA mU fC s mC；杂交偏强(mfe=-31.30<-25.0，请交任务9 seed区脱靶复核),无（序列型候选）
W0867_g17:U>G,赛道二：AI基因编辑与核酸工具设计,UUUGAACUCCUUGUUUGUC,GACAAACAAGGAGUUCAAA,SFRP1,W0867,g17:U>G,0.806989324,19,0.9395966124,0.5867852315,36.84,,0,无,sirna_pipeline@0.1.0,"{""alpha"": 0.4, ""aux_available"": true, ""beta"": 0.6, ""directions"": {""feat_dG_duplex"": -1, ""feat_dG_seed"": -1, ""feat_ddg_ends"": 1, ""feat_mfe"": 1}, ""norm"": ""minmax"", ""penalties"": {""imm_high_flag"": 0.1, ""offtarget_risk"": 0.1, ""tox_viability_flag"": 0.05}, ""seed_kind"": ""seed7"", ""weights"": {""feat_dG_duplex"": 1.2, ""feat_dG_seed"": 0.0, ""feat_ddg_ends"": 1.0, ""feat_mfe"": 1.0}}",修饰:5′-P mU s mU s mU fG mA fA mC fU mC fC mU fU mG mU mU mU mG fU s mC,无（序列型候选）
W0668_g19:U>C,赛道二：AI基因编辑与核酸工具设计,UUCUUGGGGACAAUCUUCC,GGAAGAUUGUCCCCAAGAA,SFRP1,W0668,g19:U>C,0.806636215,20,0.8671620535,0.7482199506,47.37,,1,无,sirna_pipeline@0.1.0,"{""alpha"": 0.4, ""aux_available"": true, ""beta"": 0.6, ""directions"": {""feat_dG_duplex"": -1, ""feat_dG_seed"": -1, ""feat_ddg_ends"": 1, ""feat_mfe"": 1}, ""norm"": ""minmax"", ""penalties"": {""imm_high_flag"": 0.1, ""offtarget_risk"": 0.1, ""tox_viability_flag"": 0.05}, ""seed_kind"": ""seed7"", ""weights"": {""feat_dG_duplex"": 1.2, ""feat_dG_seed"": 0.0, ""feat_ddg_ends"": 1.0, ""feat_mfe"": 1.0}}","修饰:5′-P mU s fU s mC fU mU fG mG fG mG fA mC fA mA fU mC fU mU fC s mC；强发夹提示：稳定茎(最长5bp,GC60%)；杂交偏强(mfe=-31.30<-25.0，请交任务9 seed区脱靶复核)；seed 毒性命中",无（序列型候选）
W0683_g19:U>C,赛道二：AI基因编辑与核酸工具设计,UUCAGGGGCUUCUUCUUCC,GGAAGAAGAAGCCCCUGAA,SFRP1,W0683,g19:U>C,0.8032728956,21,0.6843575296,0.7987345861,52.63,,0,无,sirna_pipeline@0.1.0,"{""alpha"": 0.4, ""aux_available"": true, ""beta"": 0.6, ""directions"": {""feat_dG_duplex"": -1, ""feat_dG_seed"": -1, ""feat_ddg_ends"": 1, ""feat_mfe"": 1}, ""norm"": ""minmax"", ""penalties"": {""imm_high_flag"": 0.1, ""offtarget_risk"": 0.1, ""tox_viability_flag"": 0.05}, ""seed_kind"": ""seed7"", ""weights"": {""feat_dG_duplex"": 1.2, ""feat_dG_seed"": 0.0, ""feat_ddg_ends"": 1.0, ""feat_mfe"": 1.0}}","修饰:5′-P mU s fU s mC fA mG fG mG fG mC fU mU fC mU fU mC fU mU fC s mC；强发夹提示：稳定茎(最长5bp,GC60%)；杂交偏强(mfe=-33.50<-25.0，请交任务9 seed区脱靶复核)",无（序列型候选）
W0851_g17:G>U,赛道二：AI基因编辑与核酸工具设计,UUCUUGUCCCACUUGUUGA,UCAACAAGUGGGACAAGAA,SFRP1,W0851,g17:G>U,0.801235286,22,0.8480479745,0.716279203,42.11,,0,无,sirna_pipeline@0.1.0,"{""alpha"": 0.4, ""aux_available"": true, ""beta"": 0.6, ""directions"": {""feat_dG_duplex"": -1, ""feat_dG_seed"": -1, ""feat_ddg_ends"": 1, ""feat_mfe"": 1}, ""norm"": ""minmax"", ""penalties"": {""imm_high_flag"": 0.1, ""offtarget_risk"": 0.1, ""tox_viability_flag"": 0.05}, ""seed_kind"": ""seed7"", ""weights"": {""feat_dG_duplex"": 1.2, ""feat_dG_seed"": 0.0, ""feat_ddg_ends"": 1.0, ""feat_mfe"": 1.0}}",修饰:5′-P mU s fU s mC fU mU fG mU fC mC fC mA fC mU fU mG fU mU fG s mA；杂交偏强(mfe=-27.40<-25.0，请交任务9 seed区脱靶复核),无（序列型候选）
W0851_g17:G>C,赛道二：AI基因编辑与核酸工具设计,UUCUUGUCCCACUUGUCGA,UCGACAAGUGGGACAAGAA,SFRP1,W0851,g17:G>C,0.801235286,23,0.8578726746,0.716279203,47.37,,0,无,sirna_pipeline@0.1.0,"{""alpha"": 0.4, ""aux_available"": true, ""beta"": 0.6, ""directions"": {""feat_dG_duplex"": -1, ""feat_dG_seed"": -1, ""feat_ddg_ends"": 1, ""feat_mfe"": 1}, ""norm"": ""minmax"", ""penalties"": {""imm_high_flag"": 0.1, ""offtarget_risk"": 0.1, ""tox_viability_flag"": 0.05}, ""seed_kind"": ""seed7"", ""weights"": {""feat_dG_duplex"": 1.2, ""feat_dG_seed"": 0.0, ""feat_ddg_ends"": 1.0, ""feat_mfe"": 1.0}}",修饰:5′-P mU s fU s mC fU mU fG mU fC mC fC mA fC mU fU mG fU mC fG s mA；杂交偏强(mfe=-27.40<-25.0，请交任务9 seed区脱靶复核),无（序列型候选）
W0724_g1:G>U,赛道二：AI基因编辑与核酸工具设计,UCACAAGCUUCUUCAGGUC,GACCUGAAGAAGCUUGUGA,SFRP1,W0724,g1:G>U,0.7991117797,24,0.8966076185,0.6528680216,47.37,,0,无,sirna_pipeline@0.1.0,"{""alpha"": 0.4, ""aux_available"": true, ""beta"": 0.6, ""directions"": {""feat_dG_duplex"": -1, ""feat_dG_seed"": -1, ""feat_ddg_ends"": 1, ""feat_mfe"": 1}, ""norm"": ""minmax"", ""penalties"": {""imm_high_flag"": 0.1, ""offtarget_risk"": 0.1, ""tox_viability_flag"": 0.05}, ""seed_kind"": ""seed7"", ""weights"": {""feat_dG_duplex"": 1.2, ""feat_dG_seed"": 0.0, ""feat_ddg_ends"": 1.0, ""feat_mfe"": 1.0}}",修饰:5′-P mU s fC s mA fC mA fA mG fC mU fU mC fU mU fC mA fG mG fU s mC；杂交偏强(mfe=-32.10<-25.0，请交任务9 seed区脱靶复核),无（序列型候选）
W0728_g1:U>A,赛道二：AI基因编辑与核酸工具设计,AACAGCACAAGCUUCUUCA,UGAAGAAGCUUGUGCUGUU,SFRP1,W0728,g1:U>A,0.7975751913,25,0.8755410058,0.6097281683,42.11,,0,无,sirna_pipeline@0.1.0,"{""alpha"": 0.4, ""aux_available"": true, ""beta"": 0.6, ""directions"": {""feat_dG_duplex"": -1, ""feat_dG_seed"": -1, ""feat_ddg_ends"": 1, ""feat_mfe"": 1}, ""norm"": ""minmax"", ""penalties"": {""imm_high_flag"": 0.1, ""offtarget_risk"": 0.1, ""tox_viability_flag"": 0.05}, ""seed_kind"": ""seed7"", ""weights"": {""feat_dG_duplex"": 1.2, ""feat_dG_seed"": 0.0, ""feat_ddg_ends"": 1.0, ""feat_mfe"": 1.0}}",修饰:5′-P mA s fA s mC fA mG fC mA fC mA fA mG fC mU fU mC fU mU fC s mA；杂交偏强(mfe=-31.40<-25.0，请交任务9 seed区脱靶复核),无（序列型候选）
W0686_g19:U>G,赛道二：AI基因编辑与核酸工具设计,AACUUCAGGGGCUUCUUCG,CGAAGAAGCCCCUGAAGUU,SFRP1,W0686,g19:U>G,0.7972724308,26,0.7349470986,0.7459802478,52.63,,0,无,sirna_pipeline@0.1.0,"{""alpha"": 0.4, ""aux_available"": true, ""beta"": 0.6, ""directions"": {""feat_dG_duplex"": -1, ""feat_dG_seed"": -1, ""feat_ddg_ends"": 1, ""feat_mfe"": 1}, ""norm"": ""minmax"", ""penalties"": {""imm_high_flag"": 0.1, ""offtarget_risk"": 0.1, ""tox_viability_flag"": 0.05}, ""seed_kind"": ""seed7"", ""weights"": {""feat_dG_duplex"": 1.2, ""feat_dG_seed"": 0.0, ""feat_ddg_ends"": 1.0, ""feat_mfe"": 1.0}}","修饰:5′-P mA s fA s mC fU mU fC mA fG mG fG mG fC mU fU mC fU mU fC s mG；强发夹提示：稳定茎(最长4bp,GC75%)；杂交偏强(mfe=-33.60<-25.0，请交任务9 seed区脱靶复核)",无（序列型候选）
W0851_g17:G>A,赛道二：AI基因编辑与核酸工具设计,UUCUUGUCCCACUUGUAGA,UCUACAAGUGGGACAAGAA,SFRP1,W0851,g17:G>A,0.7972121935,27,0.8404521147,0.7062214717,42.11,,0,无,sirna_pipeline@0.1.0,"{""alpha"": 0.4, ""aux_available"": true, ""beta"": 0.6, ""directions"": {""feat_dG_duplex"": -1, ""feat_dG_seed"": -1, ""feat_ddg_ends"": 1, ""feat_mfe"": 1}, ""norm"": ""minmax"", ""penalties"": {""imm_high_flag"": 0.1, ""offtarget_risk"": 0.1, ""tox_viability_flag"": 0.05}, ""seed_kind"": ""seed7"", ""weights"": {""feat_dG_duplex"": 1.2, ""feat_dG_seed"": 0.0, ""feat_ddg_ends"": 1.0, ""feat_mfe"": 1.0}}",修饰:5′-P mU s fU s mC fU mU fG mU fC mC fC mA fC mU fU mG fU mA fG s mA；杂交偏强(mfe=-27.40<-25.0，请交任务9 seed区脱靶复核),无（序列型候选）
W0716_wt,赛道二：AI基因编辑与核酸工具设计,UUCUUCAGGUCCUUCUUCU,AGAAGAAGGACCUGAAGAA,SFRP1,W0716,野生型,0.7964028879,28,0.8765816651,0.6761347222,42.11,,0,无,sirna_pipeline@0.1.0,"{""alpha"": 0.4, ""aux_available"": true, ""beta"": 0.6, ""directions"": {""feat_dG_duplex"": -1, ""feat_dG_seed"": -1, ""feat_ddg_ends"": 1, ""feat_mfe"": 1}, ""norm"": ""minmax"", ""penalties"": {""imm_high_flag"": 0.1, ""offtarget_risk"": 0.1, ""tox_viability_flag"": 0.05}, ""seed_kind"": ""seed7"", ""weights"": {""feat_dG_duplex"": 1.2, ""feat_dG_seed"": 0.0, ""feat_ddg_ends"": 1.0, ""feat_mfe"": 1.0}}",修饰:5′-P mU s fU s mC fU mU fC mA fG mG fU mC fC mU fU mC fU mU fC s mU；杂交偏强(mfe=-32.00<-25.0，请交任务9 seed区脱靶复核),无（序列型候选）
W0618_wt,赛道二：AI基因编辑与核酸工具设计,UUUCAUCCUCAGUGCAAAC,GUUUGCACUGAGGAUGAAA,SFRP1,W0618,野生型,0.7953978353,29,0.8435245103,0.7232078227,42.11,,0,无,sirna_pipeline@0.1.0,"{""alpha"": 0.4, ""aux_available"": true, ""beta"": 0.6, ""directions"": {""feat_dG_duplex"": -1, ""feat_dG_seed"": -1, ""feat_ddg_ends"": 1, ""feat_mfe"": 1}, ""norm"": ""minmax"", ""penalties"": {""imm_high_flag"": 0.1, ""offtarget_risk"": 0.1, ""tox_viability_flag"": 0.05}, ""seed_kind"": ""seed7"", ""weights"": {""feat_dG_duplex"": 1.2, ""feat_dG_seed"": 0.0, ""feat_ddg_ends"": 1.0, ""feat_mfe"": 1.0}}",修饰:5′-P mU s mU s mU fC mA fU mC fC mU fC mA fG mU fG mC fA mA fA s mC；杂交偏强(mfe=-31.10<-25.0，请交任务9 seed区脱靶复核),无（序列型候选）
W0867_g17:U>A,赛道二：AI基因编辑与核酸工具设计,UUUGAACUCCUUGUUUAUC,GAUAAACAAGGAGUUCAAA,SFRP1,W0867,g17:U>A,0.7929443802,30,0.9470632062,0.5516728719,31.58,,0,无,sirna_pipeline@0.1.0,"{""alpha"": 0.4, ""aux_available"": true, ""beta"": 0.6, ""directions"": {""feat_dG_duplex"": -1, ""feat_dG_seed"": -1, ""feat_ddg_ends"": 1, ""feat_mfe"": 1}, ""norm"": ""minmax"", ""penalties"": {""imm_high_flag"": 0.1, ""offtarget_risk"": 0.1, ""tox_viability_flag"": 0.05}, ""seed_kind"": ""seed7"", ""weights"": {""feat_dG_duplex"": 1.2, ""feat_dG_seed"": 0.0, ""feat_ddg_ends"": 1.0, ""feat_mfe"": 1.0}}",修饰:5′-P mU s mU s mU fG mA fA mC fU mC fC mU fU mG mU mU mU mA fU s mC,无（序列型候选）
W0851_g18:G>C,赛道二：AI基因编辑与核酸工具设计,UUCUUGUCCCACUUGUGCA,UGCACAAGUGGGACAAGAA,SFRP1,W0851,g18:G>C,0.7924633562,31,0.8053859542,0.6943493785,47.37,,0,无,sirna_pipeline@0.1.0,"{""alpha"": 0.4, ""aux_available"": true, ""beta"": 0.6, ""directions"": {""feat_dG_duplex"": -1, ""feat_dG_seed"": -1, ""feat_ddg_ends"": 1, ""feat_mfe"": 1}, ""norm"": ""minmax"", ""penalties"": {""imm_high_flag"": 0.1, ""offtarget_risk"": 0.1, ""tox_viability_flag"": 0.05}, ""seed_kind"": ""seed7"", ""weights"": {""feat_dG_duplex"": 1.2, ""feat_dG_seed"": 0.0, ""feat_ddg_ends"": 1.0, ""feat_mfe"": 1.0}}",修饰:5′-P mU s fU s mC fU mU fG mU fC mC fC mA fC mU fU mG fU mG fC s mA；杂交偏强(mfe=-29.50<-25.0，请交任务9 seed区脱靶复核),无（序列型候选）
W0618_g18:A>U,赛道二：AI基因编辑与核酸工具设计,UUUCAUCCUCAGUGCAAUC,GAUUGCACUGAGGAUGAAA,SFRP1,W0618,g18:A>U,0.7919910246,32,0.8533140229,0.714690796,42.11,,0,无,sirna_pipeline@0.1.0,"{""alpha"": 0.4, ""aux_available"": true, ""beta"": 0.6, ""directions"": {""feat_dG_duplex"": -1, ""feat_dG_seed"": -1, ""feat_ddg_ends"": 1, ""feat_mfe"": 1}, ""norm"": ""minmax"", ""penalties"": {""imm_high_flag"": 0.1, ""offtarget_risk"": 0.1, ""tox_viability_flag"": 0.05}, ""seed_kind"": ""seed7"", ""weights"": {""feat_dG_duplex"": 1.2, ""feat_dG_seed"": 0.0, ""feat_ddg_ends"": 1.0, ""feat_mfe"": 1.0}}",修饰:5′-P mU s mU s mU fC mA fU mC fC mU fC mA fG mU fG mC fA mA fU s mC；杂交偏强(mfe=-28.30<-25.0，请交任务9 seed区脱靶复核),无（序列型候选）
W0618_g17:A>G,赛道二：AI基因编辑与核酸工具设计,UUUCAUCCUCAGUGCAGAC,GUCUGCACUGAGGAUGAAA,SFRP1,W0618,g17:A>G,0.7898273823,33,0.8240128374,0.7092816902,47.37,,0,无,sirna_pipeline@0.1.0,"{""alpha"": 0.4, ""aux_available"": true, ""beta"": 0.6, ""directions"": {""feat_dG_duplex"": -1, ""feat_dG_seed"": -1, ""feat_ddg_ends"": 1, ""feat_mfe"": 1}, ""norm"": ""minmax"", ""penalties"": {""imm_high_flag"": 0.1, ""offtarget_risk"": 0.1, ""tox_viability_flag"": 0.05}, ""seed_kind"": ""seed7"", ""weights"": {""feat_dG_duplex"": 1.2, ""feat_dG_seed"": 0.0, ""feat_ddg_ends"": 1.0, ""feat_mfe"": 1.0}}",修饰:5′-P mU s mU s mU fC mA fU mC fC mU fC mA fG mU fG mC fA mG fA s mC；杂交偏强(mfe=-31.20<-25.0，请交任务9 seed区脱靶复核),无（序列型候选）
W0728_wt,赛道二：AI基因编辑与核酸工具设计,UACAGCACAAGCUUCUUCA,UGAAGAAGCUUGUGCUGUA,SFRP1,W0728,野生型,0.7886804938,34,0.92280654,0.5874914246,42.11,,0,无,sirna_pipeline@0.1.0,"{""alpha"": 0.4, ""aux_available"": true, ""beta"": 0.6, ""directions"": {""feat_dG_duplex"": -1, ""feat_dG_seed"": -1, ""feat_ddg_ends"": 1, ""feat_mfe"": 1}, ""norm"": ""minmax"", ""penalties"": {""imm_high_flag"": 0.1, ""offtarget_risk"": 0.1, ""tox_viability_flag"": 0.05}, ""seed_kind"": ""seed7"", ""weights"": {""feat_dG_duplex"": 1.2, ""feat_dG_seed"": 0.0, ""feat_ddg_ends"": 1.0, ""feat_mfe"": 1.0}}",修饰:5′-P mU s fA s mC fA mG fC mA fC mA fA mG fC mU fU mC fU mU fC s mA；杂交偏强(mfe=-31.70<-25.0，请交任务9 seed区脱靶复核),无（序列型候选）
W0716_g19:U>A,赛道二：AI基因编辑与核酸工具设计,UUCUUCAGGUCCUUCUUCA,UGAAGAAGGACCUGAAGAA,SFRP1,W0716,g19:U>A,0.7879057982,35,0.9184320529,0.654891998,42.11,,0,无,sirna_pipeline@0.1.0,"{""alpha"": 0.4, ""aux_available"": true, ""beta"": 0.6, ""directions"": {""feat_dG_duplex"": -1, ""feat_dG_seed"": -1, ""feat_ddg_ends"": 1, ""feat_mfe"": 1}, ""norm"": ""minmax"", ""penalties"": {""imm_high_flag"": 0.1, ""offtarget_risk"": 0.1, ""tox_viability_flag"": 0.05}, ""seed_kind"": ""seed7"", ""weights"": {""feat_dG_duplex"": 1.2, ""feat_dG_seed"": 0.0, ""feat_ddg_ends"": 1.0, ""feat_mfe"": 1.0}}",修饰:5′-P mU s fU s mC fU mU fC mA fG mG fU mC fC mU fU mC fU mU fC s mA；杂交偏强(mfe=-31.90<-25.0，请交任务9 seed区脱靶复核),无（序列型候选）
W0852_g18:G>C,赛道二：AI基因编辑与核酸工具设计,UUUCUUGUCCCACUUGUCG,CGACAAGUGGGACAAGAAA,SFRP1,W0852,g18:G>C,0.7867651721,36,0.8453932438,0.7417547402,47.37,,0,无,sirna_pipeline@0.1.0,"{""alpha"": 0.4, ""aux_available"": true, ""beta"": 0.6, ""directions"": {""feat_dG_duplex"": -1, ""feat_dG_seed"": -1, ""feat_ddg_ends"": 1, ""feat_mfe"": 1}, ""norm"": ""minmax"", ""penalties"": {""imm_high_flag"": 0.1, ""offtarget_risk"": 0.1, ""tox_viability_flag"": 0.05}, ""seed_kind"": ""seed7"", ""weights"": {""feat_dG_duplex"": 1.2, ""feat_dG_seed"": 0.0, ""feat_ddg_ends"": 1.0, ""feat_mfe"": 1.0}}",修饰:5′-P mU s mU s mU fC mU fU mG fU mC fC mC fA mC fU mU fG mU fC s mG；杂交偏强(mfe=-27.70<-25.0，请交任务9 seed区脱靶复核),无（序列型候选）
W0853_g1:U>A,赛道二：AI基因编辑与核酸工具设计,AUUUCUUGUCCCACUUGUG,CACAAGUGGGACAAGAAAU,SFRP1,W0853,g1:U>A,0.7864216917,37,0.7629251507,0.6700322013,42.11,,0,无,sirna_pipeline@0.1.0,"{""alpha"": 0.4, ""aux_available"": true, ""beta"": 0.6, ""directions"": {""feat_dG_duplex"": -1, ""feat_dG_seed"": -1, ""feat_ddg_ends"": 1, ""feat_mfe"": 1}, ""norm"": ""minmax"", ""penalties"": {""imm_high_flag"": 0.1, ""offtarget_risk"": 0.1, ""tox_viability_flag"": 0.05}, ""seed_kind"": ""seed7"", ""weights"": {""feat_dG_duplex"": 1.2, ""feat_dG_seed"": 0.0, ""feat_ddg_ends"": 1.0, ""feat_mfe"": 1.0}}",修饰:5′-P mA s mU s mU mU mC fU mU fG mU fC mC fC mA fC mU fU mG fU s mG；杂交偏强(mfe=-30.40<-25.0，请交任务9 seed区脱靶复核),无（序列型候选）
W0716_g17:U>A,赛道二：AI基因编辑与核酸工具设计,UUCUUCAGGUCCUUCUACU,AGUAGAAGGACCUGAAGAA,SFRP1,W0716,g17:U>A,0.7861903769,38,0.8917292471,0.6506034447,42.11,,0,无,sirna_pipeline@0.1.0,"{""alpha"": 0.4, ""aux_available"": true, ""beta"": 0.6, ""directions"": {""feat_dG_duplex"": -1, ""feat_dG_seed"": -1, ""feat_ddg_ends"": 1, ""feat_mfe"": 1}, ""norm"": ""minmax"", ""penalties"": {""imm_high_flag"": 0.1, ""offtarget_risk"": 0.1, ""tox_viability_flag"": 0.05}, ""seed_kind"": ""seed7"", ""weights"": {""feat_dG_duplex"": 1.2, ""feat_dG_seed"": 0.0, ""feat_ddg_ends"": 1.0, ""feat_mfe"": 1.0}}",修饰:5′-P mU s fU s mC fU mU fC mA fG mG fU mC fC mU fU mC fU mA fC s mU；杂交偏强(mfe=-27.60<-25.0，请交任务9 seed区脱靶复核),无（序列型候选）
W0618_g17:A>U,赛道二：AI基因编辑与核酸工具设计,UUUCAUCCUCAGUGCAUAC,GUAUGCACUGAGGAUGAAA,SFRP1,W0618,g17:A>U,0.786113743,39,0.8363244289,0.699997592,42.11,,0,无,sirna_pipeline@0.1.0,"{""alpha"": 0.4, ""aux_available"": true, ""beta"": 0.6, ""directions"": {""feat_dG_duplex"": -1, ""feat_dG_seed"": -1, ""feat_ddg_ends"": 1, ""feat_mfe"": 1}, ""norm"": ""minmax"", ""penalties"": {""imm_high_flag"": 0.1, ""offtarget_risk"": 0.1, ""tox_viability_flag"": 0.05}, ""seed_kind"": ""seed7"", ""weights"": {""feat_dG_duplex"": 1.2, ""feat_dG_seed"": 0.0, ""feat_ddg_ends"": 1.0, ""feat_mfe"": 1.0}}",修饰:5′-P mU s mU s mU fC mA fU mC fC mU fC mA fG mU fG mC fA mU fA s mC；杂交偏强(mfe=-27.80<-25.0，请交任务9 seed区脱靶复核),无（序列型候选）
W0618_g17:A>C,赛道二：AI基因编辑与核酸工具设计,UUUCAUCCUCAGUGCACAC,GUGUGCACUGAGGAUGAAA,SFRP1,W0618,g17:A>C,0.786113743,40,0.7951976402,0.699997592,47.37,,0,无,sirna_pipeline@0.1.0,"{""alpha"": 0.4, ""aux_available"": true, ""beta"": 0.6, ""directions"": {""feat_dG_duplex"": -1, ""feat_dG_seed"": -1, ""feat_ddg_ends"": 1, ""feat_mfe"": 1}, ""norm"": ""minmax"", ""penalties"": {""imm_high_flag"": 0.1, ""offtarget_risk"": 0.1, ""tox_viability_flag"": 0.05}, ""seed_kind"": ""seed7"", ""weights"": {""feat_dG_duplex"": 1.2, ""feat_dG_seed"": 0.0, ""feat_ddg_ends"": 1.0, ""feat_mfe"": 1.0}}",修饰:5′-P mU s mU s mU fC mA fU mC fC mU fC mA fG mU fG mC fA mC fA s mC；杂交偏强(mfe=-27.40<-25.0，请交任务9 seed区脱靶复核),无（序列型候选）
W0713_g19:A>C,赛道二：AI基因编辑与核酸工具设计,UUCAGGUCCUUCUUCUUGC,GCAAGAAGAAGGACCUGAA,SFRP1,W0713,g19:A>C,0.7847166263,41,0.7271104822,0.7739806748,47.37,,1,无,sirna_pipeline@0.1.0,"{""alpha"": 0.4, ""aux_available"": true, ""beta"": 0.6, ""directions"": {""feat_dG_duplex"": -1, ""feat_dG_seed"": -1, ""feat_ddg_ends"": 1, ""feat_mfe"": 1}, ""norm"": ""minmax"", ""penalties"": {""imm_high_flag"": 0.1, ""offtarget_risk"": 0.1, ""tox_viability_flag"": 0.05}, ""seed_kind"": ""seed7"", ""weights"": {""feat_dG_duplex"": 1.2, ""feat_dG_seed"": 0.0, ""feat_ddg_ends"": 1.0, ""feat_mfe"": 1.0}}","修饰:5′-P mU s fU s mC fA mG fG mU fC mC fU mU fC mU fU mC fU mU fG s mC；强发夹提示：稳定茎(最长4bp,GC62%)；杂交偏强(mfe=-30.60<-25.0，请交任务9 seed区脱靶复核)；seed 毒性命中",无（序列型候选）
W0716_g1:U>A,赛道二：AI基因编辑与核酸工具设计,AUCUUCAGGUCCUUCUUCU,AGAAGAAGGACCUGAAGAU,SFRP1,W0716,g1:U>A,0.7838452867,42,0.8255506078,0.6447407191,42.11,,0,无,sirna_pipeline@0.1.0,"{""alpha"": 0.4, ""aux_available"": true, ""beta"": 0.6, ""directions"": {""feat_dG_duplex"": -1, ""feat_dG_seed"": -1, ""feat_ddg_ends"": 1, ""feat_mfe"": 1}, ""norm"": ""minmax"", ""penalties"": {""imm_high_flag"": 0.1, ""offtarget_risk"": 0.1, ""tox_viability_flag"": 0.05}, ""seed_kind"": ""seed7"", ""weights"": {""feat_dG_duplex"": 1.2, ""feat_dG_seed"": 0.0, ""feat_ddg_ends"": 1.0, ""feat_mfe"": 1.0}}",修饰:5′-P mA s fU s mC fU mU fC mA fG mG fU mC fC mU fU mC fU mU fC s mU；杂交偏强(mfe=-31.80<-25.0，请交任务9 seed区脱靶复核),无（序列型候选）
W0658_g19:U>C,赛道二：AI基因编辑与核酸工具设计,CAAUCUUCUUGUCGCCAUC,GAUGGCGACAAGAAGAUUG,SFRP1,W0658,g19:U>C,0.7833176431,43,0.9168663491,0.5357321936,47.37,,0,无,sirna_pipeline@0.1.0,"{""alpha"": 0.4, ""aux_available"": true, ""beta"": 0.6, ""directions"": {""feat_dG_duplex"": -1, ""feat_dG_seed"": -1, ""feat_ddg_ends"": 1, ""feat_mfe"": 1}, ""norm"": ""minmax"", ""penalties"": {""imm_high_flag"": 0.1, ""offtarget_risk"": 0.1, ""tox_viability_flag"": 0.05}, ""seed_kind"": ""seed7"", ""weights"": {""feat_dG_duplex"": 1.2, ""feat_dG_seed"": 0.0, ""feat_ddg_ends"": 1.0, ""feat_mfe"": 1.0}}",修饰:5′-P mC s fA s mA fU mC fU mU fC mU fU mG fU mC fG mC fC mA fU s mC；杂交偏强(mfe=-30.00<-25.0，请交任务9 seed区脱靶复核),无（序列型候选）
W0618_g1:U>A,赛道二：AI基因编辑与核酸工具设计,AUUCAUCCUCAGUGCAAAC,GUUUGCACUGAGGAUGAAU,SFRP1,W0618,g1:U>A,0.7828402458,44,0.7494448452,0.691813849,42.11,,0,无,sirna_pipeline@0.1.0,"{""alpha"": 0.4, ""aux_available"": true, ""beta"": 0.6, ""directions"": {""feat_dG_duplex"": -1, ""feat_dG_seed"": -1, ""feat_ddg_ends"": 1, ""feat_mfe"": 1}, ""norm"": ""minmax"", ""penalties"": {""imm_high_flag"": 0.1, ""offtarget_risk"": 0.1, ""tox_viability_flag"": 0.05}, ""seed_kind"": ""seed7"", ""weights"": {""feat_dG_duplex"": 1.2, ""feat_dG_seed"": 0.0, ""feat_ddg_ends"": 1.0, ""feat_mfe"": 1.0}}",修饰:5′-P mA s fU s mU fC mA fU mC fC mU fC mA fG mU fG mC fA mA fA s mC；杂交偏强(mfe=-30.90<-25.0，请交任务9 seed区脱靶复核),无（序列型候选）
W0728_g19:A>U,赛道二：AI基因编辑与核酸工具设计,UACAGCACAAGCUUCUUCU,AGAAGAAGCUUGUGCUGUA,SFRP1,W0728,g19:A>U,0.7813946195,45,0.9306080894,0.5692767389,42.11,,0,无,sirna_pipeline@0.1.0,"{""alpha"": 0.4, ""aux_available"": true, ""beta"": 0.6, ""directions"": {""feat_dG_duplex"": -1, ""feat_dG_seed"": -1, ""feat_ddg_ends"": 1, ""feat_mfe"": 1}, ""norm"": ""minmax"", ""penalties"": {""imm_high_flag"": 0.1, ""offtarget_risk"": 0.1, ""tox_viability_flag"": 0.05}, ""seed_kind"": ""seed7"", ""weights"": {""feat_dG_duplex"": 1.2, ""feat_dG_seed"": 0.0, ""feat_ddg_ends"": 1.0, ""feat_mfe"": 1.0}}",修饰:5′-P mU s fA s mC fA mG fC mA fC mA fA mG fC mU fU mC fU mU fC s mU；杂交偏强(mfe=-31.30<-25.0，请交任务9 seed区脱靶复核),无（序列型候选）
W0658_g1:C>A,赛道二：AI基因编辑与核酸工具设计,AAAUCUUCUUGUCGCCAUU,AAUGGCGACAAGAAGAUUU,SFRP1,W0658,g1:C>A,0.7811993057,46,0.8940360843,0.5304363501,36.84,,0,无,sirna_pipeline@0.1.0,"{""alpha"": 0.4, ""aux_available"": true, ""beta"": 0.6, ""directions"": {""feat_dG_duplex"": -1, ""feat_dG_seed"": -1, ""feat_ddg_ends"": 1, ""feat_mfe"": 1}, ""norm"": ""minmax"", ""penalties"": {""imm_high_flag"": 0.1, ""offtarget_risk"": 0.1, ""tox_viability_flag"": 0.05}, ""seed_kind"": ""seed7"", ""weights"": {""feat_dG_duplex"": 1.2, ""feat_dG_seed"": 0.0, ""feat_ddg_ends"": 1.0, ""feat_mfe"": 1.0}}",修饰:5′-P mA s fA s mA fU mC fU mU fC mU fU mG fU mC fG mC fC mA fU s mU；杂交偏强(mfe=-28.70<-25.0，请交任务9 seed区脱靶复核),无（序列型候选）
W0669_g1:C>U,赛道二：AI基因编辑与核酸工具设计,UUUCUUGGGGACAAUCUUC,GAAGAUUGUCCCCAAGAAA,SFRP1,W0669,g1:C>U,0.7806164716,47,0.8942447965,0.7279746291,42.11,,0,无,sirna_pipeline@0.1.0,"{""alpha"": 0.4, ""aux_available"": true, ""beta"": 0.6, ""directions"": {""feat_dG_duplex"": -1, ""feat_dG_seed"": -1, ""feat_ddg_ends"": 1, ""feat_mfe"": 1}, ""norm"": ""minmax"", ""penalties"": {""imm_high_flag"": 0.1, ""offtarget_risk"": 0.1, ""tox_viability_flag"": 0.05}, ""seed_kind"": ""seed7"", ""weights"": {""feat_dG_duplex"": 1.2, ""feat_dG_seed"": 0.0, ""feat_ddg_ends"": 1.0, ""feat_mfe"": 1.0}}","修饰:5′-P mU s mU s mU fC mU fU mG fG mG fG mA fC mA fA mU fC mU fU s mC；强发夹提示：稳定茎(最长5bp,GC60%)；杂交偏强(mfe=-31.20<-25.0，请交任务9 seed区脱靶复核)",无（序列型候选）
W0728_g17:U>A,赛道二：AI基因编辑与核酸工具设计,UACAGCACAAGCUUCUACA,UGUAGAAGCUUGUGCUGUA,SFRP1,W0728,g17:U>A,0.7784680064,48,0.9087081997,0.5619602062,42.11,,0,无,sirna_pipeline@0.1.0,"{""alpha"": 0.4, ""aux_available"": true, ""beta"": 0.6, ""directions"": {""feat_dG_duplex"": -1, ""feat_dG_seed"": -1, ""feat_ddg_ends"": 1, ""feat_mfe"": 1}, ""norm"": ""minmax"", ""penalties"": {""imm_high_flag"": 0.1, ""offtarget_risk"": 0.1, ""tox_viability_flag"": 0.05}, ""seed_kind"": ""seed7"", ""weights"": {""feat_dG_duplex"": 1.2, ""feat_dG_seed"": 0.0, ""feat_ddg_ends"": 1.0, ""feat_mfe"": 1.0}}",修饰:5′-P mU s fA s mC fA mG fC mA fC mA fA mG fC mU fU mC fU mA fC s mA；杂交偏强(mfe=-27.30<-25.0，请交任务9 seed区脱靶复核),无（序列型候选）
W0852_g18:G>U,赛道二：AI基因编辑与核酸工具设计,UUUCUUGUCCCACUUGUUG,CAACAAGUGGGACAAGAAA,SFRP1,W0852,g18:G>U,0.7776277452,49,0.8490403843,0.7189111729,42.11,,0,无,sirna_pipeline@0.1.0,"{""alpha"": 0.4, ""aux_available"": true, ""beta"": 0.6, ""directions"": {""feat_dG_duplex"": -1, ""feat_dG_seed"": -1, ""feat_ddg_ends"": 1, ""feat_mfe"": 1}, ""norm"": ""minmax"", ""penalties"": {""imm_high_flag"": 0.1, ""offtarget_risk"": 0.1, ""tox_viability_flag"": 0.05}, ""seed_kind"": ""seed7"", ""weights"": {""feat_dG_duplex"": 1.2, ""feat_dG_seed"": 0.0, ""feat_ddg_ends"": 1.0, ""feat_mfe"": 1.0}}",修饰:5′-P mU s mU s mU fC mU fU mG fU mC fC mC fA mC fU mU fG mU fU s mG；杂交偏强(mfe=-27.70<-25.0，请交任务9 seed区脱靶复核),无（序列型候选）
W0618_g19:C>G,赛道二：AI基因编辑与核酸工具设计,UUUCAUCCUCAGUGCAAAG,CUUUGCACUGAGGAUGAAA,SFRP1,W0618,g19:C>G,0.7774805574,50,0.8036790147,0.678414628,42.11,,0,无,sirna_pipeline@0.1.0,"{""alpha"": 0.4, ""aux_available"": true, ""beta"": 0.6, ""directions"": {""feat_dG_duplex"": -1, ""feat_dG_seed"": -1, ""feat_ddg_ends"": 1, ""feat_mfe"": 1}, ""norm"": ""minmax"", ""penalties"": {""imm_high_flag"": 0.1, ""offtarget_risk"": 0.1, ""tox_viability_flag"": 0.05}, ""seed_kind"": ""seed7"", ""weights"": {""feat_dG_duplex"": 1.2, ""feat_dG_seed"": 0.0, ""feat_ddg_ends"": 1.0, ""feat_mfe"": 1.0}}",修饰:5′-P mU s mU s mU fC mA fU mC fC mU fC mA fG mU fG mC fA mA fA s mG；杂交偏强(mfe=-29.20<-25.0，请交任务9 seed区脱靶复核),无（序列型候选）
