siRNA,mRNA_57nt,mismatch_position,silencing_efficiency,silencing_efficiency_norm,数据来源,label
UACCUCUCCAGACGAGUCC,GAGACGAGAAGAAGGGGAAGGACUCGUCUGGAGAGGUGUUAUCUUCUGUAUGACUAG,1,0.92,1,"Holen et al., 2005, Nucleic Acids Research 33:4704-4710, DOI:10.1093/nar/gki785 (PMC1188085)",1
UACCUCUCCAGACGAGUCC,GAGACGAGAAGAAGGGGAAGGACUCGUCUGGAGAGGUGUUAUCUUCUGUAUGACUAG,1,0.91,0.989,"Holen et al., 2005, Nucleic Acids Research 33:4704-4710, DOI:10.1093/nar/gki785 (PMC1188085)",0.989
UGGGCUUCAGGAUCAAGUC,GAGCCAAGUGGAGACAGAAGACUUGAUCCUGAAGCCCGGGGUGGUGCAUGUGAUCGA,1,0.84,0.9117,"Holen et al., 2005, Nucleic Acids Research 33:4704-4710, DOI:10.1093/nar/gki785 (PMC1188085)",0.9117
GCUCCACUUGGCUCCGGUU,CUACAUGGAGGUGGAGGACAACCGGAGCCAAGUGGAGACAGAAGACUUGAUCCUGAA,1,0.84,0.9117,"Holen et al., 2005, Nucleic Acids Research 33:4704-4710, DOI:10.1093/nar/gki785 (PMC1188085)",0.9117
UGGGCUUCAGGAUCAAGUC,GAGCCAAGUGGAGACGGAAGACUUGAUCCUGAAGCCCGGAGUGGUGCAUGUGAUUGA,1,0.84,0.9117,"Holen et al., 2005, Nucleic Acids Research 33:4704-4710, DOI:10.1093/nar/gki785 (PMC1188085)",0.9117
GCUCCACUUGGCUCCGGUU,CUACAUGGAGGUGGAGGACAACCGGAGCCAAGUGGAGACGGAAGACUUGAUCCUGAA,1,0.84,0.9117,"Holen et al., 2005, Nucleic Acids Research 33:4704-4710, DOI:10.1093/nar/gki785 (PMC1188085)",0.9117
UGGGCUUCAGGAUCAAGUC,GAGCCAAGUGGAGACAGAAGACUUGAUCCUGAAGCCCGGGGUGGUGCAUGUGAUCGA,1,0.82,0.8896,"Holen et al., 2005, Nucleic Acids Research 33:4704-4710, DOI:10.1093/nar/gki785 (PMC1188085)",0.8896
UGGGCUUCAGGAUCAAGUC,GAGCCAAGUGGAGACGGAAGACUUGAUCCUGAAGCCCGGAGUGGUGCAUGUGAUUGA,1,0.82,0.8896,"Holen et al., 2005, Nucleic Acids Research 33:4704-4710, DOI:10.1093/nar/gki785 (PMC1188085)",0.8896
GCGCUCAUCAUUGUGCUGC,GGCUGGUGAAGGUCACUAAGCAGCACAAUGAUGAGUGCAAACAUCUGCUGAGCCUCA,3,0.8,0.8675,"Holen et al., 2005, Nucleic Acids Research 33:4704-4710, DOI:10.1093/nar/gki785 (PMC1188085)",0.8675
GCACUCGUCAUUGUGCUGC,GGCUGGUGAAGGUCACUAAGCAGCACAAUGAUGAGUGCAAACAUCUGCUGAGCCUCA,7,0.78,0.8455,"Holen et al., 2005, Nucleic Acids Research 33:4704-4710, DOI:10.1093/nar/gki785 (PMC1188085)",0.8455
UCAGUUUCCCAUGAUAACU,CUCGAUCCUUUGGCCCUGCAGUUAUCAUGGGAAACUGGGAAAACCACUGGAUAUAUU,1,0.75,0.8124,"Holen et al., 2005, Nucleic Acids Research 33:4704-4710, DOI:10.1093/nar/gki785 (PMC1188085)",0.8124
UCAGUUUCCCAUGAUAACU,CUCGAUCUUUUGGACCCGCAGUUAUCAUGGGAAACUGGGCAAACCACUGGAUAUAUU,1,0.75,0.8124,"Holen et al., 2005, Nucleic Acids Research 33:4704-4710, DOI:10.1093/nar/gki785 (PMC1188085)",0.8124
GCGCUCGUCAUUGUGCUGC,GGCUGGUGAAGGUCACUAAGCAGCACAAUGAUGAGUGCAAACAUCUGCUGAGCCUCA,"3,7",0.72,0.7792,"Holen et al., 2005, Nucleic Acids Research 33:4704-4710, DOI:10.1093/nar/gki785 (PMC1188085)",0.7792
GCGCUCGUCAUUGUGCUGU,GGCUGGUGAAGGUCACUAAGCAGCACAAUGAUGAGUGCAAACAUCUGCUGAGCCUCA,"3,7,19",0.7,0.7572,"Holen et al., 2005, Nucleic Acids Research 33:4704-4710, DOI:10.1093/nar/gki785 (PMC1188085)",0.7572
ACACUCAUCAUUGUGCUGC,GGCUGGUGAAGGUCACUAAGCAGCACAAUGAUGAGUGCAAACAUCUGCUGAGCCUCA,1,0.7,0.7572,"Holen et al., 2005, Nucleic Acids Research 33:4704-4710, DOI:10.1093/nar/gki785 (PMC1188085)",0.7572
CCACUCAUCAUUGUGCUGC,GGCUGGUGAAGGUCACUAAGCAGCACAAUGAUGAGUGCAAACAUCUGCUGAGCCUCA,1,0.7,0.7572,"Holen et al., 2005, Nucleic Acids Research 33:4704-4710, DOI:10.1093/nar/gki785 (PMC1188085)",0.7572
UAACCCAAUAUAUCCAGUG,CAUGGGAAACUGGGAAAACCACUGGAUAUAUUGGGUUGGACCAAUCAUAGGCGCUGU,1,0.7,0.7572,"Holen et al., 2005, Nucleic Acids Research 33:4704-4710, DOI:10.1093/nar/gki785 (PMC1188085)",0.7572
UAACCCAAUAUAUCCAGUG,CAUGGGAAACUGGGCAAACCACUGGAUAUAUUGGGUUGGACCAAUCAUGGGCGCUGU,1,0.7,0.7572,"Holen et al., 2005, Nucleic Acids Research 33:4704-4710, DOI:10.1093/nar/gki785 (PMC1188085)",0.7572
UCACCUCCAUGUAGCUCCC,AGCUGCACAGCAGACGAAAGGGAGCUACAUGGAGGUGGAGGACAACCGGAGCCAAGU,1,0.68,0.7351,"Holen et al., 2005, Nucleic Acids Research 33:4704-4710, DOI:10.1093/nar/gki785 (PMC1188085)",0.7351
UCACCUCCAUGUAGCUCCC,AGCCGCGCAGCAGACAAAAGGGAGCUACAUGGAGGUGGAGGACAACCGGAGCCAAGU,1,0.68,0.7351,"Holen et al., 2005, Nucleic Acids Research 33:4704-4710, DOI:10.1093/nar/gki785 (PMC1188085)",0.7351
UGAGCUGGAUUCAUGCUGG,GCAAUCAAUUAUACCGGAGCCAGCAUGAAUCCAGCUCGAUCCUUUGGCCCUGCAGUU,1,0.67,0.7241,"Holen et al., 2005, Nucleic Acids Research 33:4704-4710, DOI:10.1093/nar/gki785 (PMC1188085)",0.7241
UAACCCAAUAUAUCCAGUG,CAUGGGAAACUGGGAAAACCACUGGAUAUAUUGGGUUGGACCAAUCAUAGGCGCUGU,1,0.66,0.713,"Holen et al., 2005, Nucleic Acids Research 33:4704-4710, DOI:10.1093/nar/gki785 (PMC1188085)",0.713
UAACCCAAUAUAUCCAGUG,CAUGGGAAACUGGGCAAACCACUGGAUAUAUUGGGUUGGACCAAUCAUGGGCGCUGU,1,0.66,0.713,"Holen et al., 2005, Nucleic Acids Research 33:4704-4710, DOI:10.1093/nar/gki785 (PMC1188085)",0.713
GCCCUCAUCAUUGUGCUGC,GGCUGGUGAAGGUCACUAAGCAGCACAAUGAUGAGUGCAAACAUCUGCUGAGCCUCA,3,0.65,0.702,"Holen et al., 2005, Nucleic Acids Research 33:4704-4710, DOI:10.1093/nar/gki785 (PMC1188085)",0.702
UCAGUUUCCCAUGAUAACU,CUCGAUCCUUUGGCCCUGCAGUUAUCAUGGGAAACUGGGAAAACCACUGGAUAUAUU,1,0.65,0.702,"Holen et al., 2005, Nucleic Acids Research 33:4704-4710, DOI:10.1093/nar/gki785 (PMC1188085)",0.702
GCUCCACUUGGCUCCGGUU,CUACAUGGAGGUGGAGGACAACCGGAGCCAAGUGGAGACAGAAGACUUGAUCCUGAA,1,0.65,0.702,"Holen et al., 2005, Nucleic Acids Research 33:4704-4710, DOI:10.1093/nar/gki785 (PMC1188085)",0.702
UCAGUUUCCCAUGAUAACU,CUCGAUCUUUUGGACCCGCAGUUAUCAUGGGAAACUGGGCAAACCACUGGAUAUAUU,1,0.65,0.702,"Holen et al., 2005, Nucleic Acids Research 33:4704-4710, DOI:10.1093/nar/gki785 (PMC1188085)",0.702
GCUCCACUUGGCUCCGGUU,CUACAUGGAGGUGGAGGACAACCGGAGCCAAGUGGAGACGGAAGACUUGAUCCUGAA,1,0.65,0.702,"Holen et al., 2005, Nucleic Acids Research 33:4704-4710, DOI:10.1093/nar/gki785 (PMC1188085)",0.702
UGAGCUGGAUUCAUGCUGG,GCAAUCAAUUAUACUGGAGCCAGCAUGAAUCCAGCUCGAUCUUUUGGACCCGCAGUU,1,0.64,0.6909,"Holen et al., 2005, Nucleic Acids Research 33:4704-4710, DOI:10.1093/nar/gki785 (PMC1188085)",0.6909
UCACCUCCAUGUAGCUCCC,AGCUGCACAGCAGACGAAAGGGAGCUACAUGGAGGUGGAGGACAACCGGAGCCAAGU,1,0.63,0.6799,"Holen et al., 2005, Nucleic Acids Research 33:4704-4710, DOI:10.1093/nar/gki785 (PMC1188085)",0.6799
UCACCUCCAUGUAGCUCCC,AGCCGCGCAGCAGACAAAAGGGAGCUACAUGGAGGUGGAGGACAACCGGAGCCAAGU,1,0.63,0.6799,"Holen et al., 2005, Nucleic Acids Research 33:4704-4710, DOI:10.1093/nar/gki785 (PMC1188085)",0.6799
UGAGCUGGAUUCAUGCUGG,GCAAUCAAUUAUACUGGAGCCAGCAUGAAUCCAGCUCGAUCUUUUGGACCCGCAGUU,1,0.62,0.6689,"Holen et al., 2005, Nucleic Acids Research 33:4704-4710, DOI:10.1093/nar/gki785 (PMC1188085)",0.6689
UGAGCUGGAUUCAUGCUGG,GCAAUCAAUUAUACCGGAGCCAGCAUGAAUCCAGCUCGAUCCUUUGGCCCUGCAGUU,1,0.61,0.6578,"Holen et al., 2005, Nucleic Acids Research 33:4704-4710, DOI:10.1093/nar/gki785 (PMC1188085)",0.6578
UCACUCAUCAUUGUGCUGC,GGCUGGUGAAGGUCACUAAGCAGCACAAUGAUGAGUGCAAACAUCUGCUGAGCCUCA,1,0.6,0.6468,"Holen et al., 2005, Nucleic Acids Research 33:4704-4710, DOI:10.1093/nar/gki785 (PMC1188085)",0.6468
UACCAGGAGCCCAUGGCCA,UUCAUGGAAACCUCACUGCUGGCCAUGGGCUCCUGGUGGAGCUAAUAAUCACUUUCC,1,0.58,0.6247,"Holen et al., 2005, Nucleic Acids Research 33:4704-4710, DOI:10.1093/nar/gki785 (PMC1188085)",0.6247
UACCAGGAGCCCAUGGCCA,UUCAUGGAAACCUCACCGCUGGCCAUGGGCUCCUGGUGGAGUUAAUAAUCACUUUCC,1,0.58,0.6247,"Holen et al., 2005, Nucleic Acids Research 33:4704-4710, DOI:10.1093/nar/gki785 (PMC1188085)",0.6247
GCACUUAUCAUUGUGCUGC,GGCUGGUGAAGGUCACUAAGCAGCACAAUGAUGAGUGCAAACAUCUGCUGAGCCUCA,6,0.55,0.5916,"Holen et al., 2005, Nucleic Acids Research 33:4704-4710, DOI:10.1093/nar/gki785 (PMC1188085)",0.5916
GCACUCAUUAUUGUGCUGC,GGCUGGUGAAGGUCACUAAGCAGCACAAUGAUGAGUGCAAACAUCUGCUGAGCCUCA,9,0.5,0.5364,"Holen et al., 2005, Nucleic Acids Research 33:4704-4710, DOI:10.1093/nar/gki785 (PMC1188085)",0.5364
GCACUCAUCAUUGUGCUGU,GGCUGGUGAAGGUCACUAAGCAGCACAAUGAUGAGUGCAAACAUCUGCUGAGCCUCA,19,0.5,0.5364,"Holen et al., 2005, Nucleic Acids Research 33:4704-4710, DOI:10.1093/nar/gki785 (PMC1188085)",0.5364
UACCAGGAGCCCAUGGCCA,UUCAUGGAAACCUCACUGCUGGCCAUGGGCUCCUGGUGGAGCUAAUAAUCACUUUCC,1,0.5,0.5364,"Holen et al., 2005, Nucleic Acids Research 33:4704-4710, DOI:10.1093/nar/gki785 (PMC1188085)",0.5364
UACCAGGAGCCCAUGGCCA,UUCAUGGAAACCUCACCGCUGGCCAUGGGCUCCUGGUGGAGUUAAUAAUCACUUUCC,1,0.45,0.4812,"Holen et al., 2005, Nucleic Acids Research 33:4704-4710, DOI:10.1093/nar/gki785 (PMC1188085)",0.4812
GUACUCAUCAUUGUGCUGC,GGCUGGUGAAGGUCACUAAGCAGCACAAUGAUGAGUGCAAACAUCUGCUGAGCCUCA,2,0.4,0.426,"Holen et al., 2005, Nucleic Acids Research 33:4704-4710, DOI:10.1093/nar/gki785 (PMC1188085)",0.426
UCCAUGGCCAGCAGUGAGG,UCACCACGGUUCAUGGAAACCUCACUGCUGGCCAUGGGCUCCUGGUGGAGCUAAUAA,1,0.4,0.426,"Holen et al., 2005, Nucleic Acids Research 33:4704-4710, DOI:10.1093/nar/gki785 (PMC1188085)",0.426
GCACUCAUCGUUGUGCUGC,GGCUGGUGAAGGUCACUAAGCAGCACAAUGAUGAGUGCAAACAUCUGCUGAGCCUCA,10,0.35,0.3709,"Holen et al., 2005, Nucleic Acids Research 33:4704-4710, DOI:10.1093/nar/gki785 (PMC1188085)",0.3709
GCGCUCGUCGUUGUGCUGC,GGCUGGUGAAGGUCACUAAGCAGCACAAUGAUGAGUGCAAACAUCUGCUGAGCCUCA,"3,7,10",0.3,0.3157,"Holen et al., 2005, Nucleic Acids Research 33:4704-4710, DOI:10.1093/nar/gki785 (PMC1188085)",0.3157
GCACUCAUCAUUGUGUUGC,GGCUGGUGAAGGUCACUAAGCAGCACAAUGAUGAGUGCAAACAUCUGCUGAGCCUCA,16,0.3,0.3157,"Holen et al., 2005, Nucleic Acids Research 33:4704-4710, DOI:10.1093/nar/gki785 (PMC1188085)",0.3157
UCCAUGGCCAGCAGUGAGG,UCACCACGGUUCAUGGAAACCUCACUGCUGGCCAUGGGCUCCUGGUGGAGCUAAUAA,1,0.28,0.2936,"Holen et al., 2005, Nucleic Acids Research 33:4704-4710, DOI:10.1093/nar/gki785 (PMC1188085)",0.2936
GCACUCGUCGUUGUGCUGC,GGCUGGUGAAGGUCACUAAGCAGCACAAUGAUGAGUGCAAACAUCUGCUGAGCCUCA,"7,10",0.25,0.2605,"Holen et al., 2005, Nucleic Acids Research 33:4704-4710, DOI:10.1093/nar/gki785 (PMC1188085)",0.2605
GUGCUCGUCAUUGUGCUGC,GGCUGGUGAAGGUCACUAAGCAGCACAAUGAUGAGUGCAAACAUCUGCUGAGCCUCA,"2,3,7",0.25,0.2605,"Holen et al., 2005, Nucleic Acids Research 33:4704-4710, DOI:10.1093/nar/gki785 (PMC1188085)",0.2605
GCACUCCUCAUUGUGCUGC,GGCUGGUGAAGGUCACUAAGCAGCACAAUGAUGAGUGCAAACAUCUGCUGAGCCUCA,7,0.25,0.2605,"Holen et al., 2005, Nucleic Acids Research 33:4704-4710, DOI:10.1093/nar/gki785 (PMC1188085)",0.2605
