siRNA_ID,sense_seq(原文),intended_target,offtarget_accession,offtarget_gene,logratio1,logratio2,analysis_groups
C1,GAAAGAGCATCTACGGTGA,NM_000942,NM_014686,I_962629,-0.33,-0.12,*
C1,GAAAGAGCATCTACGGTGA,NM_000942,AL080111,NEK7,-0.33,-0.31,*
C1,GAAAGAGCATCTACGGTGA,NM_000942,NM_012238,SIRT1,0.11,-0.33,*
C1,GAAAGAGCATCTACGGTGA,NM_000942,NM_005000,NDUFA5,-0.37,-0.41,*|*|*
C1,GAAAGAGCATCTACGGTGA,NM_000942,NM_006868,RAB31,-0.30,-0.35,*
C1,GAAAGAGCATCTACGGTGA,NM_000942,BC002461,BNIP2,-0.16,-0.31,*
C1,GAAAGAGCATCTACGGTGA,NM_000942,NM_002628,PFN2,-0.38,-0.24,*
C1,GAAAGAGCATCTACGGTGA,NM_000942,NM_002296,LBR,-0.43,-0.41,*
C1,GAAAGAGCATCTACGGTGA,NM_000942,NM_006805,HNRPA0,-0.26,-0.31,*|*
C1,GAAAGAGCATCTACGGTGA,NM_000942,NM_006579,EBP,-0.31,-0.36,*
C1,GAAAGAGCATCTACGGTGA,NM_000942,ENST00000199168,B4GALT1,-0.41,-0.41,*
C1,GAAAGAGCATCTACGGTGA,NM_000942,NM_024420,PLA2G4A,-0.43,-0.38,*
C1,GAAAGAGCATCTACGGTGA,NM_000942,NM_001497,NM_001497.2,-0.36,-0.33,*
C1,GAAAGAGCATCTACGGTGA,NM_000942,NM_003574,VAPA,-0.28,-0.40,*|*
C1,GAAAGAGCATCTACGGTGA,NM_000942,NM_006216,SERPINE2,-0.35,-0.37,*|*|*
C1,GAAAGAGCATCTACGGTGA,NM_000942,NM_013233,STK39,-0.42,-0.46,*
C1,GAAAGAGCATCTACGGTGA,NM_000942,AK000313,FLJ20306,-0.31,0.02,*
C1,GAAAGAGCATCTACGGTGA,NM_000942,NM_022725,FANCF,-0.34,-0.32,*
C1,GAAAGAGCATCTACGGTGA,NM_000942,NM_022780,FLJ13910,-0.34,-0.36,*
C1,GAAAGAGCATCTACGGTGA,NM_000942,NM_032012,C9orf5,-0.41,-0.42,*
C1,GAAAGAGCATCTACGGTGA,NM_000942,NM_152780,NM_152780.1,-0.31,-0.24,*|*
C1,GAAAGAGCATCTACGGTGA,NM_000942,NM_153812,NM_153812.1,-0.10,-0.30,*
C1,GAAAGAGCATCTACGGTGA,NM_000942,NM_002078,GOLGA4,-0.35,-0.36,*
C1,GAAAGAGCATCTACGGTGA,NM_000942,NM_003089,SNRP70,-0.32,-0.14,*
C1,GAAAGAGCATCTACGGTGA,NM_000942,NM_004396,DDX5,-0.26,-0.37,*|*
C1,GAAAGAGCATCTACGGTGA,NM_000942,NM_001698,AUH,-0.33,-0.31,*|*|*
C1,GAAAGAGCATCTACGGTGA,NM_000942,NM_004568,SERPINB6,-0.37,-0.16,*
C14,GGCCTTAGCTACAGGAGAG,NM_000942,NM_003677,DENR,-0.315,-0.323,*|*
C14,GGCCTTAGCTACAGGAGAG,NM_000942,NM_018371,ChGn,-0.338,-0.247,*
C14,GGCCTTAGCTACAGGAGAG,NM_000942,NM_006587,PRSC,-0.306,-0.239,*
C14,GGCCTTAGCTACAGGAGAG,NM_000942,NM_016097,HSPC039,-0.357,-0.415,*|*
C14,GGCCTTAGCTACAGGAGAG,NM_000942,NM_015224,RAP140,-0.202,-0.325,*
C14,GGCCTTAGCTACAGGAGAG,NM_000942,NM_020726,NLN,-0.188,-0.309,*
C14,GGCCTTAGCTACAGGAGAG,NM_000942,NM_004436,ENSA,-0.29,-0.252,*
C14,GGCCTTAGCTACAGGAGAG,NM_000942,NM_021158,C20orf97,-0.504,-0.601,*|*
C14,GGCCTTAGCTACAGGAGAG,NM_000942,AK056178,I_961477,-0.162,-0.257,*
C14,GGCCTTAGCTACAGGAGAG,NM_000942,NM_015134,I_1109594,-0.161,-0.325,*
C14,GGCCTTAGCTACAGGAGAG,NM_000942,NM_016059,PPIL1,-0.276,-0.337,*
C14,GGCCTTAGCTACAGGAGAG,NM_000942,NM_006600,NUDC,-0.52,-0.553,*|*
C14,GGCCTTAGCTACAGGAGAG,NM_000942,ENST00000307767,I_958489,-0.325,-0.378,*|*
C14,GGCCTTAGCTACAGGAGAG,NM_000942,NM_004550,NDUFS2,-0.341,-0.345,*|*
C14,GGCCTTAGCTACAGGAGAG,NM_000942,NM_024329,MGC4342,-0.274,-0.328,*
C14,GGCCTTAGCTACAGGAGAG,NM_000942,NM_017845,FLJ20502,-0.358,-0.406,*|*
C14,GGCCTTAGCTACAGGAGAG,NM_000942,BC039726,GTF2H3,-0.317,-0.408,*
C14,GGCCTTAGCTACAGGAGAG,NM_000942,NM_001554,CYR61,-0.355,-0.309,*|*
C14,GGCCTTAGCTACAGGAGAG,NM_000942,AK057783,I_958429,-0.267,-0.388,*
C14,GGCCTTAGCTACAGGAGAG,NM_000942,NM_007222,ZHX1,-0.361,-0.245,*
C14,GGCCTTAGCTACAGGAGAG,NM_000942,NM_199133,I_958324,-0.304,-0.372,*
C14,GGCCTTAGCTACAGGAGAG,NM_000942,Z24727,I_960077,-0.253,-0.307,*
C14,GGCCTTAGCTACAGGAGAG,NM_000942,NM_001765,CD1C,-0.0637,-0.392,*
C14,GGCCTTAGCTACAGGAGAG,NM_000942,NM_005012,ROR1,-0.35,-0.342,*|*
C14,GGCCTTAGCTACAGGAGAG,NM_000942,NM_000092,COL4A4,-0.18,-0.312,*
C14,GGCCTTAGCTACAGGAGAG,NM_000942,NM_000356,TCOF1,-0.362,-0.406,*
C14,GGCCTTAGCTACAGGAGAG,NM_000942,NM_001516,NM_001516.3,-0.348,-0.378,*
C14,GGCCTTAGCTACAGGAGAG,NM_000942,NM_002816,I_964302,-0.296,-0.333,*
C14,GGCCTTAGCTACAGGAGAG,NM_000942,NM_002826,QSCN6,-0.466,-0.543,*|*
C14,GGCCTTAGCTACAGGAGAG,NM_000942,NM_002840,I_931679,-0.334,-0.357,*|*
C14,GGCCTTAGCTACAGGAGAG,NM_000942,NM_004287,GOSR2,-0.311,-0.257,*
C14,GGCCTTAGCTACAGGAGAG,NM_000942,NM_005414,NM_005414.1,-0.0676,-0.327,*
C14,GGCCTTAGCTACAGGAGAG,NM_000942,NM_015532,GRINL1A,-0.443,-0.425,*
C14,GGCCTTAGCTACAGGAGAG,NM_000942,NM_015650,MIP-T3,-0.201,-0.308,*
C14,GGCCTTAGCTACAGGAGAG,NM_000942,NM_016341,PLCE1,-0.0259,-0.364,*
C14,GGCCTTAGCTACAGGAGAG,NM_000942,NM_181354,OXR1,-0.34,-0.329,*
C14,GGCCTTAGCTACAGGAGAG,NM_000942,NM_018979,NM_018979.1,-0.368,-0.244,*
C14,GGCCTTAGCTACAGGAGAG,NM_000942,NM_022121,NM_022121.1,-0.621,-0.651,*|*
C14,GGCCTTAGCTACAGGAGAG,NM_000942,NM_024699,FLJ14007,-0.303,-0.167,*
C14,GGCCTTAGCTACAGGAGAG,NM_000942,NM_032690,MGC13198,-0.272,-0.325,*
C14,GGCCTTAGCTACAGGAGAG,NM_000942,NM_134428,RFX3,-0.0828,-0.309,*
C14,GGCCTTAGCTACAGGAGAG,NM_000942,NM_152437,NM_152437.1,-0.349,-0.389,*|*
C14,GGCCTTAGCTACAGGAGAG,NM_000942,NM_001168,BIRC5,-0.307,-0.303,*
C14,GGCCTTAGCTACAGGAGAG,NM_000942,ENST00000269463,MAPK4,-0.253,-0.358,*
C14,GGCCTTAGCTACAGGAGAG,NM_000942,NM_005647,TBL1X,-0.271,-0.341,*
C14,GGCCTTAGCTACAGGAGAG,NM_000942,NM_016441,CRIM1,-0.34,-0.42,*|*|*
C2,GAAAGGATTTGGCTACAAA,NM_000942,NM_014342,MTCH2,-0.30,-0.25,*
C2,GAAAGGATTTGGCTACAAA,NM_000942,NM_014517,UBP1,-0.31,-0.27,*|*
C2,GAAAGGATTTGGCTACAAA,NM_000942,BX538238,RPLP1,-0.18,-0.36,*
C2,GAAAGGATTTGGCTACAAA,NM_000942,NM_001755,CBFB,-0.30,-0.35,*|*|*
C2,GAAAGGATTTGGCTACAAA,NM_000942,NM_004433,ELF3,-0.27,-0.35,*
C2,GAAAGGATTTGGCTACAAA,NM_000942,NM_016131,RAB10,-0.45,-0.55,*|*|*
C2,GAAAGGATTTGGCTACAAA,NM_000942,NM_024054,MGC2821,-0.31,-0.33,*|*|*
C2,GAAAGGATTTGGCTACAAA,NM_000942,NM_145808,V-1,-0.31,-0.34,*|*
C2,GAAAGGATTTGGCTACAAA,NM_000942,A_23_P60699,I_1109406,-0.70,-0.64,*|*
C2,GAAAGGATTTGGCTACAAA,NM_000942,AL832848,I_958969,-0.32,-0.32,*
C2,GAAAGGATTTGGCTACAAA,NM_000942,NM_032783,FLJ14431,-0.30,-0.34,*|*|*
C2,GAAAGGATTTGGCTACAAA,NM_000942,NM_000117,EMD,-0.03,-0.31,*
C2,GAAAGGATTTGGCTACAAA,NM_000942,NM_001412,EIF1A,-0.37,-0.35,*|*|*
C2,GAAAGGATTTGGCTACAAA,NM_000942,NM_001933,DLST,0.15,-0.32,*
C2,GAAAGGATTTGGCTACAAA,NM_000942,NM_012106,BART1,-0.49,-0.50,*|*|*
C2,GAAAGGATTTGGCTACAAA,NM_000942,NM_014316,CARHSP1,0.00,-0.30,*
C2,GAAAGGATTTGGCTACAAA,NM_000942,NM_001710,BF,-0.14,-0.31,*
C2,GAAAGGATTTGGCTACAAA,NM_000942,NM_006457,LIM,-0.20,-0.31,*
C2,GAAAGGATTTGGCTACAAA,NM_000942,NM_006016,CD164,-0.42,-0.33,*|*|*
C2,GAAAGGATTTGGCTACAAA,NM_000942,NM_145058,MGC7036,-0.29,-0.33,*|*
C2,GAAAGGATTTGGCTACAAA,NM_000942,NM_018471,HT010,-0.35,-0.26,*
C2,GAAAGGATTTGGCTACAAA,NM_000942,NM_003211,TDG,-0.33,-0.18,*
C2,GAAAGGATTTGGCTACAAA,NM_000942,NM_002901,RCN1,-0.51,-0.56,*|*|*
C2,GAAAGGATTTGGCTACAAA,NM_000942,NM_014888,FAM3C,-0.31,-0.16,*
C2,GAAAGGATTTGGCTACAAA,NM_000942,NM_005629,SLC6A8,-0.20,-0.32,*
C2,GAAAGGATTTGGCTACAAA,NM_000942,NM_001549,IFIT4,-0.20,-0.42,*
C2,GAAAGGATTTGGCTACAAA,NM_000942,NM_013354,CNOT7,-0.41,-0.37,*|*|*
C2,GAAAGGATTTGGCTACAAA,NM_000942,NM_013994,DDR1,-0.19,-0.32,*
C2,GAAAGGATTTGGCTACAAA,NM_000942,AB020721,FAM13A1,-0.14,-0.31,*
C2,GAAAGGATTTGGCTACAAA,NM_000942,NM_014891,PDAP1,-0.31,-0.27,*|*
C2,GAAAGGATTTGGCTACAAA,NM_000942,NM_016090,RBM7,-0.21,-0.32,*
C2,GAAAGGATTTGGCTACAAA,NM_000942,AK098212,FLJ10359,-0.30,-0.35,*|*|*
C2,GAAAGGATTTGGCTACAAA,NM_000942,NM_022469,NM_022469.1,-0.21,-0.31,*
C2,GAAAGGATTTGGCTACAAA,NM_000942,NM_002136,HNRPA1,-0.41,-0.34,*|*|*
C2,GAAAGGATTTGGCTACAAA,NM_000942,NM_080655,MGC17337,-0.26,-0.36,*
C2,GAAAGGATTTGGCTACAAA,NM_000942,NM_138358,NM_138358.1,-0.43,-0.40,*|*|*
C2,GAAAGGATTTGGCTACAAA,NM_000942,BC021238,NM_144975.1,-0.07,-0.40,*
C2,GAAAGGATTTGGCTACAAA,NM_000942,NM_173705,MTCO2,-0.21,-0.36,*
C2,GAAAGGATTTGGCTACAAA,NM_000942,NM_173714,MTND6,-0.21,-0.32,*
C2,GAAAGGATTTGGCTACAAA,NM_000942,NM_004318,ASPH,-0.11,-0.40,*
C2,GAAAGGATTTGGCTACAAA,NM_000942,NM_005079,TPD52,-0.60,-0.50,*|*|*
C2,GAAAGGATTTGGCTACAAA,NM_000942,NM_021990,GABRE,-0.16,-0.35,*
C2,GAAAGGATTTGGCTACAAA,NM_000942,NM_002245,KCNK1,-0.27,-0.38,*|*
C2,GAAAGGATTTGGCTACAAA,NM_000942,U79751,BLZF1,-0.29,-0.38,*|*
C2,GAAAGGATTTGGCTACAAA,NM_000942,NM_002273,KRT8,-0.30,-0.41,*|*|*
C3,ACAGCAAATTCCATCGTGT,NM_000942,NM_005467,NAALAD2,-0.17,-0.34,*
C3,ACAGCAAATTCCATCGTGT,NM_000942,NM_007219,RNF24,-0.04,-0.31,*
C3,ACAGCAAATTCCATCGTGT,NM_000942,NM_005359,MADH4,-0.16,-0.38,*
C3,ACAGCAAATTCCATCGTGT,NM_000942,NM_018464,MDS029,-0.27,-0.30,*|*
C3,ACAGCAAATTCCATCGTGT,NM_000942,THC1978535,SPC18,-0.46,-0.42,*|*
C3,ACAGCAAATTCCATCGTGT,NM_000942,BC035054,I_1152453,-0.12,-0.36,*
C3,ACAGCAAATTCCATCGTGT,NM_000942,NM_014300,NM_014300.1,-0.39,-0.44,*|*|*
C3,ACAGCAAATTCCATCGTGT,NM_000942,AB014585,I_962909,-0.19,-0.34,*
C3,ACAGCAAATTCCATCGTGT,NM_000942,NM_017798,C20orf21,-0.29,-0.35,*|*
C3,ACAGCAAATTCCATCGTGT,NM_000942,BC007917,I_1110079,-0.32,0.08,*
C3,ACAGCAAATTCCATCGTGT,NM_000942,NM_033503,NM_033503.2,-0.08,-0.31,*
C3,ACAGCAAATTCCATCGTGT,NM_000942,NM_152898,FERD3L,-0.43,-0.35,*|*|*
C4,GGAAAGACTGTTCCAAAAA,NM_000942,NM_015927,TGFB1I1,-0.32,-0.38,*|*
C4,GGAAAGACTGTTCCAAAAA,NM_000942,NM_018492,TOPK,-0.38,-0.30,*|*|*
C4,GGAAAGACTGTTCCAAAAA,NM_000942,NM_016639,TNFRSF12A,-0.30,-0.10,*
C4,GGAAAGACTGTTCCAAAAA,NM_000942,NM_002815,PSMD11,-0.30,-0.25,*
C4,GGAAAGACTGTTCCAAAAA,NM_000942,NM_004386,CSPG3,-0.36,-0.32,*|*|*
C4,GGAAAGACTGTTCCAAAAA,NM_000942,NM_006464,TGOLN2,-0.26,-0.35,*|*
C4,GGAAAGACTGTTCCAAAAA,NM_000942,NM_001047,SRD5A1,-0.31,-0.23,*
C4,GGAAAGACTGTTCCAAAAA,NM_000942,NM_012428,SDFR1,-0.41,-0.34,*|*|*
C4,GGAAAGACTGTTCCAAAAA,NM_000942,BC033809,SNX12,-0.33,-0.26,*|*
C4,GGAAAGACTGTTCCAAAAA,NM_000942,NM_032026,CDA11,-0.32,-0.07,*
C4,GGAAAGACTGTTCCAAAAA,NM_000942,NM_016436,C20orf104,-0.33,-0.36,*|*
C4,GGAAAGACTGTTCCAAAAA,NM_000942,NM_022083,C1orf24,-0.17,-0.33,*
C4,GGAAAGACTGTTCCAAAAA,NM_000942,NM_018018,SLC38A4,-0.32,-0.24,*|*
C4,GGAAAGACTGTTCCAAAAA,NM_000942,A_23_P67028,I_1151840,-0.37,-0.30,*|*
C4,GGAAAGACTGTTCCAAAAA,NM_000942,BC013629,PRKWNK1,-0.32,-0.23,*
C4,GGAAAGACTGTTCCAAAAA,NM_000942,NM_013397,I_966759,-0.43,-0.46,*|*
C4,GGAAAGACTGTTCCAAAAA,NM_000942,NM_012091,ADAT1,-0.31,-0.28,*|*
C4,GGAAAGACTGTTCCAAAAA,NM_000942,NM_030980,FLJ12671,-0.34,-0.24,*
C4,GGAAAGACTGTTCCAAAAA,NM_000942,NM_020898,KIAA1536,-0.31,-0.15,*
C4,GGAAAGACTGTTCCAAAAA,NM_000942,THC1990950,FLJ30663,-0.22,-0.32,*
C4,GGAAAGACTGTTCCAAAAA,NM_000942,NM_006818,AF1Q,-0.36,-0.31,*|*
C4,GGAAAGACTGTTCCAAAAA,NM_000942,NM_012388,PLDN,-0.37,-0.15,*
C4,GGAAAGACTGTTCCAAAAA,NM_000942,NM_001753,CAV1,-0.31,-0.37,*|*
C4,GGAAAGACTGTTCCAAAAA,NM_000942,NM_178129,I_1000556,-0.30,-0.21,*
C4,GGAAAGACTGTTCCAAAAA,NM_000942,NM_020374,C12orf4,-0.43,-0.35,*|*|*
C4,GGAAAGACTGTTCCAAAAA,NM_000942,NM_003739,AKR1C3,-0.49,-0.45,*|*|*
C4,GGAAAGACTGTTCCAAAAA,NM_000942,NM_000691,ALDH3A1,-0.25,-0.31,*|*
C4,GGAAAGACTGTTCCAAAAA,NM_000942,NM_006835,CCNI,-0.21,-0.31,*
C4,GGAAAGACTGTTCCAAAAA,NM_000942,NM_206858,PPP1R2,-0.52,-0.39,*|*|*
C4,GGAAAGACTGTTCCAAAAA,NM_000942,NM_022145,FKSG14,-0.24,-0.37,*
C4,GGAAAGACTGTTCCAAAAA,NM_000942,NM_000104,CYP1B1,-0.43,-0.54,*|*|*
C4,GGAAAGACTGTTCCAAAAA,NM_000942,NM_005168,ARHE,-0.31,-0.29,*|*
C4,GGAAAGACTGTTCCAAAAA,NM_000942,A_23_P84016,ARF4,-0.47,-0.44,*|*
C4,GGAAAGACTGTTCCAAAAA,NM_000942,NM_002444,MSN,-0.28,-0.31,*|*
C4,GGAAAGACTGTTCCAAAAA,NM_000942,NM_016302,LOC51185,-0.30,-0.30,*|*|*
C4,GGAAAGACTGTTCCAAAAA,NM_000942,BC025376,I_950244,-0.31,-0.10,*
C4,GGAAAGACTGTTCCAAAAA,NM_000942,NM_021258,IL22RA1,-0.17,-0.30,*
C4,GGAAAGACTGTTCCAAAAA,NM_000942,NM_003472,DEK,-0.29,-0.37,*|*
C4,GGAAAGACTGTTCCAAAAA,NM_000942,NM_000088,COL1A1,-0.25,-0.49,*|*
C4,GGAAAGACTGTTCCAAAAA,NM_000942,NM_174887,LOC90410,-0.34,-0.28,*|*
C4,GGAAAGACTGTTCCAAAAA,NM_000942,NM_031954,MSTP028,-0.42,-0.35,*|*|*
C4,GGAAAGACTGTTCCAAAAA,NM_000942,NM_002061,GCLM,-0.37,-0.43,*|*|*
C4,GGAAAGACTGTTCCAAAAA,NM_000942,NM_004788,UBE4A,-0.30,-0.23,*
C4,GGAAAGACTGTTCCAAAAA,NM_000942,NM_001387,DPYSL3,-0.42,-0.48,*|*|*
C4,GGAAAGACTGTTCCAAAAA,NM_000942,NM_001086,AADAC,-0.34,-0.29,*|*
C4,GGAAAGACTGTTCCAAAAA,NM_000942,NM_004470,FKBP2,-0.54,-0.60,*|*|*
C4,GGAAAGACTGTTCCAAAAA,NM_000942,NM_005231,EMS1,-0.36,-0.20,*
C4,GGAAAGACTGTTCCAAAAA,NM_000942,NM_000189,HK2,-0.25,-0.34,*|*
C4,GGAAAGACTGTTCCAAAAA,NM_000942,NM_001535,HRMT1L1,-0.34,-0.20,*|*
C4,GGAAAGACTGTTCCAAAAA,NM_000942,NM_001660,NM_001660.2,-0.43,-0.43,*|*|*
C4,GGAAAGACTGTTCCAAAAA,NM_000942,NM_001754,RUNX1,-0.23,-0.32,*
C4,GGAAAGACTGTTCCAAAAA,NM_000942,NM_002094,GSPT1,-0.31,-0.17,*
C4,GGAAAGACTGTTCCAAAAA,NM_000942,NM_003286,NM_003286.2,-0.37,-0.07,*
C4,GGAAAGACTGTTCCAAAAA,NM_000942,NM_016823,I_1109823,-0.34,-0.11,*|*
C4,GGAAAGACTGTTCCAAAAA,NM_000942,NM_006764,IFRD2,-0.50,-0.47,*|*|*
C4,GGAAAGACTGTTCCAAAAA,NM_000942,NM_012383,OSTF1,-0.21,-0.32,*
C4,GGAAAGACTGTTCCAAAAA,NM_000942,AK000796,C14orf129,-0.32,-0.17,*
C4,GGAAAGACTGTTCCAAAAA,NM_000942,NM_018132,FLJ10545,-0.40,-0.31,*|*|*
C4,GGAAAGACTGTTCCAAAAA,NM_000942,NM_018390,I_964018,-0.32,-0.30,*|*|*
C4,GGAAAGACTGTTCCAAAAA,NM_000942,NM_020314,MGC16824,-0.33,-0.20,*
C4,GGAAAGACTGTTCCAAAAA,NM_000942,NM_021156,DJ971N18.2,-0.33,-0.31,*|*|*
C4,GGAAAGACTGTTCCAAAAA,NM_000942,NM_022074,FLJ22794,-0.34,-0.18,*
C4,GGAAAGACTGTTCCAAAAA,NM_000942,NM_032132,NM_032132.1,-0.27,-0.32,*
C4,GGAAAGACTGTTCCAAAAA,NM_000942,NM_080546,CDW92,-0.41,-0.38,*|*|*
C4,GGAAAGACTGTTCCAAAAA,NM_000942,NM_080725,C20orf139,-0.38,-0.31,*|*|*
C4,GGAAAGACTGTTCCAAAAA,NM_000942,NM_080927,ESDN,-0.29,-0.32,*|*
C4,GGAAAGACTGTTCCAAAAA,NM_000942,NM_152344,NM_152344.1,-0.33,-0.27,*|*
C4,GGAAAGACTGTTCCAAAAA,NM_000942,NM_152523,FLJ40432,-0.26,-0.44,*|*
C4,GGAAAGACTGTTCCAAAAA,NM_000942,NM_000408,GPD2,-0.37,-0.41,*|*|*
C4,GGAAAGACTGTTCCAAAAA,NM_000942,NM_003675,PRPF18,-0.40,-0.33,*|*|*
C4,GGAAAGACTGTTCCAAAAA,NM_000942,NM_001425,EMP3,-0.33,-0.25,*|*
C4,GGAAAGACTGTTCCAAAAA,NM_000942,NM_006825,CKAP4,-0.31,-0.36,*|*|*
C4,GGAAAGACTGTTCCAAAAA,NM_000942,NM_022360,FAM12B,-0.35,-0.08,*
C52,CAGGGCGGAGACTTCACCA,NM_000942,AB011134,KIAA0562,-0.39,-0.38,*
C52,CAGGGCGGAGACTTCACCA,NM_000942,NM_002705,PPL,0.18,-0.31,*
C52,CAGGGCGGAGACTTCACCA,NM_000942,NM_002317,LOX,0.33,-0.32,*
C52,CAGGGCGGAGACTTCACCA,NM_000942,NM_006594,AP4B1,-0.32,-0.05,*
C52,CAGGGCGGAGACTTCACCA,NM_000942,NM_018004,FLJ10134,0.18,-0.49,*
C52,CAGGGCGGAGACTTCACCA,NM_000942,AL137442,C20orf177,-0.32,-0.26,*
C52,CAGGGCGGAGACTTCACCA,NM_000942,NM_024071,MGC2550,-0.40,-0.40,*
C52,CAGGGCGGAGACTTCACCA,NM_000942,NM_002925,RGS10,-0.28,-0.30,*
C52,CAGGGCGGAGACTTCACCA,NM_000942,NM_006773,DDX18,-0.32,-0.11,*
C52,CAGGGCGGAGACTTCACCA,NM_000942,NM_003370,VASP,-0.32,-0.33,*
C52,CAGGGCGGAGACTTCACCA,NM_000942,NM_052859,RFT1,-0.35,-0.12,*
C52,CAGGGCGGAGACTTCACCA,NM_000942,NM_014344,FJX1,-0.31,-0.16,*
C52,CAGGGCGGAGACTTCACCA,NM_000942,NM_006285,TESK1,-0.22,-0.35,*
C52,CAGGGCGGAGACTTCACCA,NM_000942,NM_000303,PMM2,-0.40,-0.43,*
C52,CAGGGCGGAGACTTCACCA,NM_000942,NM_000723,CACNB1,-0.31,-0.05,*
C52,CAGGGCGGAGACTTCACCA,NM_000942,NM_003731,I_962660,-0.41,-0.30,*
C52,CAGGGCGGAGACTTCACCA,NM_000942,NM_004042,ARSF,-0.31,-0.26,*
C52,CAGGGCGGAGACTTCACCA,NM_000942,NM_004354,CCNG2,0.11,-0.30,*
C52,CAGGGCGGAGACTTCACCA,NM_000942,NM_005417,SRC,-0.37,-0.25,*
C52,CAGGGCGGAGACTTCACCA,NM_000942,NM_012207,HNRPH3,-0.31,-0.14,*
C52,CAGGGCGGAGACTTCACCA,NM_000942,NM_014298,QPRT,-0.39,-0.33,*
C52,CAGGGCGGAGACTTCACCA,NM_000942,NM_015947,CGI-18,-0.33,-0.51,*
C52,CAGGGCGGAGACTTCACCA,NM_000942,NM_016479,I_951081,-0.52,-0.56,*
C52,CAGGGCGGAGACTTCACCA,NM_000942,NM_017590,RoXaN,-0.32,-0.31,*
C52,CAGGGCGGAGACTTCACCA,NM_000942,NM_018685,NM_018685.1,-0.33,-0.23,*
C52,CAGGGCGGAGACTTCACCA,NM_000942,NM_020188,DC13,-0.44,-0.43,*
C52,CAGGGCGGAGACTTCACCA,NM_000942,NM_025147,FLJ13448,-0.33,-0.15,*
C52,CAGGGCGGAGACTTCACCA,NM_000942,NM_025198,LOC80298,-0.30,-0.08,*
C52,CAGGGCGGAGACTTCACCA,NM_000942,NM_032620,GTPBG3,-0.33,-0.21,*
C52,CAGGGCGGAGACTTCACCA,NM_000942,NM_033502,TReP-132,-0.35,-0.17,*
C52,CAGGGCGGAGACTTCACCA,NM_000942,NM_145110,MAP2K3,-0.35,-0.30,*
C52,CAGGGCGGAGACTTCACCA,NM_000942,THC1943229,I_1110140,-0.30,-0.27,*
C52,CAGGGCGGAGACTTCACCA,NM_000942,NM_173607,C14orf24,-0.31,-0.31,*
C52,CAGGGCGGAGACTTCACCA,NM_000942,NM_000389,CDKN1A,0.02,-0.30,*
C52,CAGGGCGGAGACTTCACCA,NM_000942,THC1961572,NOG,0.15,-0.33,*
C52,CAGGGCGGAGACTTCACCA,NM_000942,NM_004380,CREBBP,-0.40,-0.19,*
C52,CAGGGCGGAGACTTCACCA,NM_000942,NM_002857,PXF,-0.32,-0.04,*
G4,TGGTTTACATGTTCCAATA,NM_002046,NM_198278,I_1201835,-0.419,-0.43,*
G4,TGGTTTACATGTTCCAATA,NM_002046,NM_015584,DKFZP586F1524,-0.264,-0.31,*|*
G4,TGGTTTACATGTTCCAATA,NM_002046,NM_002720,PPP4C,-0.381,-0.392,*|*
G4,TGGTTTACATGTTCCAATA,NM_002046,AY359048,I_1891255.FL1,-0.278,-0.381,*
G4,TGGTTTACATGTTCCAATA,NM_002046,NM_005349,I_957839,-0.277,-0.316,*
G4,TGGTTTACATGTTCCAATA,NM_002046,D14041,KBF2,-0.236,-0.326,*|*
G41,GTATGACAACAGCCTCAAG,NM_002046,NM_033520,I_966130,-0.208,-0.382,*
G41,GTATGACAACAGCCTCAAG,NM_002046,NM_006554,MTX2,-0.336,-0.35,*|*
G41,GTATGACAACAGCCTCAAG,NM_002046,NM_016441,CRIM1,-0.391,-0.398,*|*
G41,GTATGACAACAGCCTCAAG,NM_002046,NM_022163,MRPL46,-0.282,-0.357,*
G41,GTATGACAACAGCCTCAAG,NM_002046,NM_020381,LOC57107,-0.339,-0.335,*|*
G41,GTATGACAACAGCCTCAAG,NM_002046,NM_002109,HARS,-0.38,-0.401,*
G41,GTATGACAACAGCCTCAAG,NM_002046,NM_013402,FADS1,-0.336,-0.209,*
G41,GTATGACAACAGCCTCAAG,NM_002046,NM_033515,MacGAP,-0.284,-0.397,*
G41,GTATGACAACAGCCTCAAG,NM_002046,NM_004060,CCNG1,-0.293,-0.469,*
G41,GTATGACAACAGCCTCAAG,NM_002046,NM_004096,EIF4EBP2,-0.34,-0.336,*|*
G41,GTATGACAACAGCCTCAAG,NM_002046,NM_017946,FKBP14,-0.305,-0.369,*
G41,GTATGACAACAGCCTCAAG,NM_002046,NM_002524,NRAS,-0.393,-0.361,*|*
G41,GTATGACAACAGCCTCAAG,NM_002046,NM_002834,I_1000320,-0.481,-0.443,*
G41,GTATGACAACAGCCTCAAG,NM_002046,A_23_P165819,CALM2,-0.321,-0.453,*|*
G41,GTATGACAACAGCCTCAAG,NM_002046,BC029424,I_1204326,-0.317,-0.258,*|*
G41,GTATGACAACAGCCTCAAG,NM_002046,D31887,KIAA0062,-0.292,-0.348,*
G41,GTATGACAACAGCCTCAAG,NM_002046,NM_001387,DPYSL3,-0.315,-0.394,*|*
G41,GTATGACAACAGCCTCAAG,NM_002046,NM_001921,DCTD,-0.53,-0.531,*|*
G41,GTATGACAACAGCCTCAAG,NM_002046,NM_007096,CLTA,-0.399,-0.406,*|*
G41,GTATGACAACAGCCTCAAG,NM_002046,NM_001349,DARS,-0.379,-0.376,*|*
G41,GTATGACAACAGCCTCAAG,NM_002046,NM_001743,NM_001743.3,-0.505,-0.458,*|*
G41,GTATGACAACAGCCTCAAG,NM_002046,NM_001943,DSG2,-0.319,-0.328,*|*
G41,GTATGACAACAGCCTCAAG,NM_002046,NM_002721,NM_002721.3,-0.315,-0.377,*|*
G41,GTATGACAACAGCCTCAAG,NM_002046,NM_003501,ACOX3,-0.361,-0.329,*|*
G41,GTATGACAACAGCCTCAAG,NM_002046,NM_004261,SEP15,-0.3,-0.346,*
G41,GTATGACAACAGCCTCAAG,NM_002046,NM_006759,UGP2,-0.363,-0.361,*|*
G41,GTATGACAACAGCCTCAAG,NM_002046,NM_018046,FLJ10283,-0.378,-0.334,*|*
G41,GTATGACAACAGCCTCAAG,NM_002046,NM_018192,MLAT4,-0.35,-0.35,*|*
G41,GTATGACAACAGCCTCAAG,NM_002046,NM_032132,NM_032132.1,-0.256,-0.331,*
G41,GTATGACAACAGCCTCAAG,NM_002046,NM_052839,PANX2,-0.335,-0.00303,*
G41,GTATGACAACAGCCTCAAG,NM_002046,NM_002190,I_957599,-0.322,-0.157,*
G41,GTATGACAACAGCCTCAAG,NM_002046,ENST00000328742,I_929270,-0.348,-0.387,*|*
G41,GTATGACAACAGCCTCAAG,NM_002046,NM_002346,LY6E,-0.443,-0.421,*|*
G41,GTATGACAACAGCCTCAAG,NM_002046,NM_002133,HMOX1,-0.486,-0.401,*|*
G41,GTATGACAACAGCCTCAAG,NM_002046,NM_001628,AKR1B1,-0.347,-0.385,*|*
G41,GTATGACAACAGCCTCAAG,NM_002046,NM_000138,FBN1,-0.294,-0.311,*
M1,GCACATGGATGGAGGTTCT,NM_002755,NM_015055,SWAP70,-0.31,-0.13,*
M1,GCACATGGATGGAGGTTCT,NM_002755,NM_016047,CGI-110,-0.56,-0.48,*|*|*
M1,GCACATGGATGGAGGTTCT,NM_002755,NM_018250,FLJ10871,-0.50,-0.30,*|*|*
M1,GCACATGGATGGAGGTTCT,NM_002755,NM_138467,I_1000003,-0.35,-0.36,*|*|*
M1,GCACATGGATGGAGGTTCT,NM_002755,NM_017845,FLJ20502,-0.39,-0.29,*|*
M1,GCACATGGATGGAGGTTCT,NM_002755,NM_005567,LGALS3BP,-0.33,-0.33,*|*|*
M1,GCACATGGATGGAGGTTCT,NM_002755,NM_006345,C4orf1,-0.36,-0.25,*|*
M1,GCACATGGATGGAGGTTCT,NM_002755,NM_001724,BPGM,-0.33,-0.14,*
M1,GCACATGGATGGAGGTTCT,NM_002755,NM_021913,AXL,-0.41,-0.54,*|*|*
M1,GCACATGGATGGAGGTTCT,NM_002755,NM_005895,GOLGA3,-0.32,-0.23,*|*
M1,GCACATGGATGGAGGTTCT,NM_002755,NM_005349,I_957839,-0.31,-0.23,*
M1,GCACATGGATGGAGGTTCT,NM_002755,NM_006711,RNPS1,-0.40,-0.41,*|*
M1,GCACATGGATGGAGGTTCT,NM_002755,NM_001087,AAMP,-0.40,-0.58,*|*|*
M1,GCACATGGATGGAGGTTCT,NM_002755,NM_002185,IL7R,-0.43,-0.41,*|*|*
M1,GCACATGGATGGAGGTTCT,NM_002755,NM_012347,FBXO9,-0.30,-0.21,*
M1,GCACATGGATGGAGGTTCT,NM_002755,NM_014033,NM_014033.1,-0.31,-0.16,*
M1,GCACATGGATGGAGGTTCT,NM_002755,NM_014889,PITRM1,-0.39,-0.33,*|*|*
M1,GCACATGGATGGAGGTTCT,NM_002755,NM_001981,PRO1866,-0.38,-0.27,*|*
M1,GCACATGGATGGAGGTTCT,NM_002755,NM_032122,DTNBP1,-0.42,-0.40,*|*|*
M1,GCACATGGATGGAGGTTCT,NM_002755,NM_005877,I_1110043,-0.33,-0.45,*|*|*
M1,GCACATGGATGGAGGTTCT,NM_002755,NM_153812,NM_153812.1,-0.33,-0.22,*
M1,GCACATGGATGGAGGTTCT,NM_002755,NM_004311,ARL3,-0.40,-0.43,*|*|*
M1,GCACATGGATGGAGGTTCT,NM_002755,NM_001379,DNMT1,-0.43,-0.37,*|*|*
M1,GCACATGGATGGAGGTTCT,NM_002755,NM_001494,GDI2,-0.35,-0.29,*|*
M2,GCAGAGAGAGCAGATTTGA,NM_002755,NM_014908,KIAA1094,-0.34,-0.35,*|*
M2,GCAGAGAGAGCAGATTTGA,NM_002755,NM_020062,SLC2A4RG,-0.49,-0.36,*|*|*
M2,GCAGAGAGAGCAGATTTGA,NM_002755,NM_018686,CMAS,-0.34,-0.25,*|*
M2,GCAGAGAGAGCAGATTTGA,NM_002755,NM_021238,TERA,-0.34,-0.18,*
M2,GCAGAGAGAGCAGATTTGA,NM_002755,NM_004965,HMGN1,-0.36,-0.36,*|*|*
M2,GCAGAGAGAGCAGATTTGA,NM_002755,NM_014374,RIP60,-0.41,-0.40,*|*|*
M2,GCAGAGAGAGCAGATTTGA,NM_002755,NM_014670,BZW1,-0.31,-0.25,*
M2,GCAGAGAGAGCAGATTTGA,NM_002755,NM_018429,BDP1,-0.39,-0.29,*|*
M2,GCAGAGAGAGCAGATTTGA,NM_002755,NM_020470,YIF1P,-0.29,-0.34,*|*
M2,GCAGAGAGAGCAGATTTGA,NM_002755,NM_020820,NM_020820.1,-0.34,-0.15,*
M2,GCAGAGAGAGCAGATTTGA,NM_002755,NM_004731,SLC16A7,-0.31,-0.22,*|*
M3,GAGGTTCTCTGGATCAAGT,NM_002755,NM_078470,COX15,-0.40,-0.33,*|*|*
M3,GAGGTTCTCTGGATCAAGT,NM_002755,NM_032574,LOC84661,-0.37,-0.35,*|*|*
M3,GAGGTTCTCTGGATCAAGT,NM_002755,NM_001948,DUT,-0.30,-0.20,*
M3,GAGGTTCTCTGGATCAAGT,NM_002755,NM_002657,PLAGL2,-0.31,-0.14,*
M3,GAGGTTCTCTGGATCAAGT,NM_002755,NM_012249,TC10,-0.56,-0.19,*|*
M3,GAGGTTCTCTGGATCAAGT,NM_002755,NM_152344,NM_152344.1,-0.31,-0.25,*|*
M4,GAGCAGATTTGAAGCAACT,NM_002755,AB002370,KIAA0372,-0.33,-0.23,*
M4,GAGCAGATTTGAAGCAACT,NM_002755,NM_004844,SH3BP5,-0.32,-0.22,*|*
M4,GAGCAGATTTGAAGCAACT,NM_002755,NM_015455,I_957034,-0.38,-0.35,*|*
M4,GAGCAGATTTGAAGCAACT,NM_002755,NM_016542,MST4,-0.31,-0.27,*|*
M4,GAGCAGATTTGAAGCAACT,NM_002755,NM_001262,CDKN2C,-0.33,-0.29,*|*
M4,GAGCAGATTTGAAGCAACT,NM_002755,NM_198969,AES,-0.31,-0.23,*
M4,GAGCAGATTTGAAGCAACT,NM_002755,NM_012428,SDFR1,-0.33,-0.39,*|*|*
M4,GAGCAGATTTGAAGCAACT,NM_002755,NM_013372,I_1876431.FL1,-0.39,-0.41,*|*|*
M4,GAGCAGATTTGAAGCAACT,NM_002755,NM_013237,PX19,-0.36,-0.37,*|*|*
M4,GAGCAGATTTGAAGCAACT,NM_002755,NM_014071,NCOA6,-0.39,-0.29,*|*
M4,GAGCAGATTTGAAGCAACT,NM_002755,NM_014112,TRPS1,-0.34,-0.29,*
M4,GAGCAGATTTGAAGCAACT,NM_002755,NM_022740,I_1201825,-0.41,-0.32,*|*|*
M4,GAGCAGATTTGAAGCAACT,NM_002755,NM_138444,LOC115207,-0.40,-0.41,*|*
M4,GAGCAGATTTGAAGCAACT,NM_002755,BC032468,I_1000199,-0.33,-0.34,*
M4,GAGCAGATTTGAAGCAACT,NM_002755,NM_015134,I_1109594,-0.43,-0.38,*|*
M4,GAGCAGATTTGAAGCAACT,NM_002755,NM_000691,ALDH3A1,-0.24,-0.39,*
M4,GAGCAGATTTGAAGCAACT,NM_002755,NM_002902,RCN2,-0.50,-0.42,*|*|*
M4,GAGCAGATTTGAAGCAACT,NM_002755,NM_022149,MAGEF1,-0.33,-0.14,*|*
M4,GAGCAGATTTGAAGCAACT,NM_002755,NM_016619,PLAC8,-0.21,-0.33,*
M4,GAGCAGATTTGAAGCAACT,NM_002755,NM_002960,S100A3,-0.41,-0.33,*|*|*
M4,GAGCAGATTTGAAGCAACT,NM_002755,NM_031286,SH3BGRL3,-0.40,-0.42,*|*|*
M4,GAGCAGATTTGAAGCAACT,NM_002755,NM_003472,DEK,-0.43,-0.34,*|*|*
M4,GAGCAGATTTGAAGCAACT,NM_002755,NM_032124,DKFZP564D1378,-0.33,-0.37,*|*|*
M4,GAGCAGATTTGAAGCAACT,NM_002755,NM_014615,KIAA0182,-0.34,-0.21,*
M4,GAGCAGATTTGAAGCAACT,NM_002755,NM_003200,TCF3,-0.42,-0.35,*|*|*
M4,GAGCAGATTTGAAGCAACT,NM_002755,NM_004120,GBP2,-0.32,-0.24,*|*
M4,GAGCAGATTTGAAGCAACT,NM_002755,NM_021137,TNFAIP1,-0.30,-0.20,*
M4,GAGCAGATTTGAAGCAACT,NM_002755,NM_006756,TCEA1,-0.35,-0.30,*|*|*
M4,GAGCAGATTTGAAGCAACT,NM_002755,NM_002224,ITPR3,-0.33,-0.20,*
M4,GAGCAGATTTGAAGCAACT,NM_002755,NM_005120,TNRC11,-0.33,-0.24,*|*
M4,GAGCAGATTTGAAGCAACT,NM_002755,NM_006628,ARPP-19,-0.37,-0.40,*|*|*
M4,GAGCAGATTTGAAGCAACT,NM_002755,NM_012207,HNRPH3,-0.37,-0.35,*|*|*
M4,GAGCAGATTTGAAGCAACT,NM_002755,NM_016516,HCC8,-0.32,-0.18,*|*
M4,GAGCAGATTTGAAGCAACT,NM_002755,NM_025075,FLJ23445,-0.32,-0.26,*|*
M4,GAGCAGATTTGAAGCAACT,NM_002755,NM_031427,MGC12435,-0.26,-0.31,*
M4,GAGCAGATTTGAAGCAACT,NM_002755,NM_004176,SREBF1,-0.41,-0.27,*|*
M4,GAGCAGATTTGAAGCAACT,NM_002755,THC1811009,TMPO,-0.31,-0.23,*
M4,GAGCAGATTTGAAGCAACT,NM_002755,NM_002522,NPTX1,-0.39,-0.27,*
M4,GAGCAGATTTGAAGCAACT,NM_002755,NM_139045,SMARCA2,-0.38,-0.35,*|*|*
