mut_id,parent_id,target_gene,wt_target,mutant_target,mut_eff,mutation_label,target_pos,guide_pos,pubmed,parent_efficacy
MTt1,1036,Gag,GUACUGAGAGACAGGCUAAUU,UUACUGAGAGACAGGCUAAUU,50 fold,G1T,1,21,14602902,100
MTt2,1036,Gag,GUACUGAGAGACAGGCUAAUU,GCACUGAGAGACAGGCUAAUU,42 fold,T2C,2,20,14602902,100
MTt3,1036,Gag,GUACUGAGAGACAGGCUAAUU,GUCCUGAGAGACAGGCUAAUU,10 fold,A3C,3,19,14602902,100
MTt4,1036,Gag,GUACUGAGAGACAGGCUAAUU,GUAAUGAGAGACAGGCUAAUU,2 fold,C4A,4,18,14602902,100
MTt5,1036,Gag,GUACUGAGAGACAGGCUAAUU,GUACCGAGAGACAGGCUAAUU,32 fold,T5C,5,17,14602902,100
MTt6,1036,Gag,GUACUGAGAGACAGGCUAAUU,GUACUAAGAGACAGGCUAAUU,15 fold,G6A,6,16,14602902,100
MTt7,1036,Gag,GUACUGAGAGACAGGCUAAUU,GUACUGCGAGACAGGCUAAUU,10 fold,A7C,7,15,14602902,100
MTt8,1036,Gag,GUACUGAGAGACAGGCUAAUU,GUACUGAAAGACAGGCUAAUU,10 fold,G8A,8,14,14602902,100
MTt9,1036,Gag,GUACUGAGAGACAGGCUAAUU,GUACUGAGCGACAGGCUAAUU,2 fold,A9C,9,13,14602902,100
MTt10,1036,Gag,GUACUGAGAGACAGGCUAAUU,GUACUGAGAUACAGGCUAAUU,2 fold,G10T,10,12,14602902,100
MTt11,1036,Gag,GUACUGAGAGACAGGCUAAUU,GUACUGAGAGCCAGGCUAAUU,10 fold,A11C,11,11,14602902,100
MTt12,1036,Gag,GUACUGAGAGACAGGCUAAUU,GUACUGAGAGAUAGGCUAAUU,54 fold,C12T,12,10,14602902,100
MTt13,1036,Gag,GUACUGAGAGACAGGCUAAUU,GUACUGAGAGACCGGCUAAUU,35 fold,A13C,13,9,14602902,100
MTt14,1036,Gag,GUACUGAGAGACAGGCUAAUU,GUACUGAGAGACAAGCUAAUU,45 fold,G14A,14,8,14602902,100
MTt15,1036,Gag,GUACUGAGAGACAGGCUAAUU,GUACUGAGAGACAGACUAAUU,30 fold,G15A,15,7,14602902,100
MTt16,1036,Gag,GUACUGAGAGACAGGCUAAUU,GUACUGAGAGACAGGAUAAUU,8 fold,C16A,16,6,14602902,100
MTt17,1036,Gag,GUACUGAGAGACAGGCUAAUU,GUACUGAGAGACAGGCCAAUU,7 fold,T17C,17,5,14602902,100
MTt18,1036,Gag,GUACUGAGAGACAGGCUAAUU,GUACUGAGAGACAGGCUCAUU,5 fold,A18C,18,4,14602902,100
MTt19,1036,Gag,GUACUGAGAGACAGGCUAAUU,GUACUGAGAGACAGGCUACUU,230 fold,A19C,19,3,14602902,100
MTt20,1036,Gag,GUACUGAGAGACAGGCUAAUU,GUACUGAGAGACAGGCUAACU,130 fold,T20C,20,2,14602902,100
MTt21,1036,Gag,GUACUGAGAGACAGGCUAAUU,GUACUGAGAGACAGGCUAAUC,110 fold,T21C,21,1,14602902,100
MTt39,1519,Pol,GUGAAGGGGCAGUAGUAAU,GUGAAGGAGCAGUAGUAAU,66,G8A,8,12,19656954,82
MTt40,1519,Pol,GUGAAGGGGCAGUAGUAAU,GUGAAGGGGCAGUAAUAAU,58,G15A,15,5,19656954,82
MTt41,1519,Pol,GUGAAGGGGCAGUAGUAAU,GUGAAGGAGCAGUAAUAAU,43,G8A/G15A,8;15,12;5,19656954,82
MTt42,1520,Tat/Rev,AUGGCAGGAAGAAGCGGAG,AUGGCCGGAAGAAGCGGAG,4,A6C,6,14,19656954,94
MTt43,1520,Tat/Rev,AUGGCAGGAAGAAGCGGAG,AUGGCAGGAAAAAGCGGAG,21,G11A,11,9,19656954,94
MTt44,1520,Tat/Rev,AUGGCAGGAAGAAGCGGAG,AUGGCAGAAAAAAGCGGAG,14,G8A/G11A,8;11,12;9,19656954,94
MTt45,1520,Tat/Rev,AUGGCAGGAAGAAGCGGAG,AUGGCAGGAAGAGGAGGAG,42,A13G/G15A,13;15,7;5,19656954,94
MTt22,1585,Gag,GAUUGUACUGAGAGACAGG,GAAUGUACUGAAAGACAGG,92,T3A/G12A,3;12,17;8,15831707,88
MTt23,1585,Gag,GAUUGUACUGAGAGACAGG,GACUGCACUGAAAGGCAGG,90,T3C/T6C/G12A/A15G,3;6;12;15,17;14;8;5,15831707,88
MTt25,1585,Gag,GAUUGUACUGAGAGACAGG,GAUUGUACUGAAAGACAGG,76,G12A,12,8,15831707,88
MTt26,1585,Gag,GAUUGUACUGAGAGACAGG,GACUGCACUGAAAGACAGG,99.8,T3C/T6C/G12A,3;6;12,17;14;8,15831707,88
MTt29,1575,vif,GUUCAGAAGUACACAUCCC,GUUCAGAAGUACAUAUCCC,33,C14T,14,6,15831707,80
MTt30,1575,vif,GUUCAGAAGUACACAUCCC,GCUCAGAAGUACAUAUCCC,13,T2C/C14T,2;14,18;6,15831707,80
MTt31,1580,Gag,GAUUGUACUGAGAGACAGG,GACUGCACUGAAAGACAGG,92,T3C/T6C/G12A,3;6;12,17;14;8,15831707,90
MTt32,1580,Gag,GAUUGUACUGAGAGACAGG,GACUGUACUGAGAGGCAGG,9,T3C/A15G,3;15,17;5,15831707,90
MTt33,1580,Gag,GAUUGUACUGAGAGACAGG,GAUUGCACUGAAAGACAGG,92,T6C/G12A,6;12,14;8,15831707,90
MTt34,1580,Gag,GAUUGUACUGAGAGACAGG,GACUGCACUGAGAGACAGG,92,T3C/T6C/,3;6,17;14,15831707,90
MTt35,1580,Gag,GAUUGUACUGAGAGACAGG,GAUUGCACUGAGAGACAGG,35,T6C,6,14,15831707,90
MTt36,1580,Gag,GAUUGUACUGAGAGACAGG,GAUUGUACUGAAAGACAGG,68,G12A,12,8,15831707,90
MTt37,1575,vif,GUUCAGAAGUACACAUCCC,GUUCAGAAGUACACAUACC,21,C17A,17,3,15831707,80
mTt51,1031,Tat,CUGCUUGUACCAAUUGCUA,CUGCUUGUUCCAAUUGCUA,69,A9T,9,11,14557638,97
mTt52,1607,tat,GCGGAGACAGCGACGAAGAGC,GCGGAGACAGCGACGAAGCGC,log,A19C,19,3,18596982,92
mTt53,1608,rev,GCCUGUGCCUCUUCAGCUACC,ACCUGUGCCUCUUCAGCUACC,log,G1A,1,21,18596982,95
mTt55,1181,Pol,GUGAAGGGGCAGUAGUAAU,GUGAAGGGACAGUAGUAAU,10,G9A,9,11,16959541,93
mTt56,1237,LTR,UAGUGUGUGCCCGUCUGUUGU,UAGUAUGUGCCCGUCUGUUGU,49,G5A,5,17,17996047,94.2
mTt58,1237,LTR,UAGUGUGUGCCCGUCUGUUGU,UGGUGUGUGCCCGUCUGUGUU,77,A2G/T19G/G20T,2;19;20,20;3;2,17996047,94.2
mTt59,1238,LTR,GUGACUCUGGUAACUAGAGAU,GUGACUCUGGUAGCUAGAGAU,36,A13G,13,9,17996047,46.4
mTt60,1238,LTR,GUGACUCUGGUAACUAGAGAU,AGGACUCUGGUAACUAGAGAU,96,G1A/T2G,1;2,21;20,17996047,46.4
mTt61,1240,LTR,CGCAGGACUCGGCUUGCUGAA,CGCAGGACUCGGCUUGCUGAG,77,A21G,21,1,17996047,49.3
mTt62,1244,Gag,UAGAAGAAAUGAUGACAGCAU,UAGAAGAGAUGAUGACAGCAU,86,A8G,8,14,17996047,85.5
mTt63,1349,Gag,GACAGGCUAAUUUUUUAGGGA,GGCAGGCUAAUUUUUUAGGGA,98.5,A2G,2,20,17996047,97.0999999999999
mTt64,1249,Pol,GACCUACACCUGUCAACAUAA,GACCCACACCUAUCAACAUAA,51,A5C/T12A,5;12,17;10,17996047,79.7
mTt65,1250,Pol,ACCUACACCUGUCAACAUAAU,ACCCACACCUAUCAACAUAAU,40,T4C/G11A,4;11,18;11,17996047,82.5999999999999
mTt66,1255,Pol,UGGAGGAAAUGAACAAGUAGA,UGGAGGGAAUGAACAAAUAGA,0,A7G/G17A,7;17,15;5,17996047,92.8
mTt67,1258,Pol,UCCCUACAAUCCCCAAAGUCA,CCCCUACAAUCCCCAAAGUCA,93,T1C,1,21,17996047,95.7
mTt68,1334,Pol,CAGUACAAAUGGCAGUAUUCA,CAGUACAAAUGGCAGUAUUUA,87,C20T,20,2,17996047,97.0999999999999
mTt70,1264,Pol,GGGUACAGUGCAGGGGAAAGA,GACUACUGUGCAGGGGAAAGA,83,G2A/G3C/A7T,2;3;7,20;19;15,17996047,95.7
mTt71,1265,Pol,UACAGUGCAGGGGAAAGAAUA,UACUGUGCAGGGGAAAGAAUA,99.7,A4T,4,18,17996047,95.7
mTt73,1542,Env,AAGUACAUAAUGUCUGGGCUA,AAGUUCAUAAUGUCUGGGCUA,85,5AU,5,17,18199654,89
mTt74,1542,Env,AAGUACAUAAUGUCUGGGCUA,AAGUACACAAUGUCUGGGCUA,83,U8C,8,14,18199654,89
mTt75,1542,Env,AAGUACAUAAUGUCUGGGCUA,AGGCACAUAAUAUCUGGGCUA,83,A2G/U4C/G12A,2;4;12,20;18;10,18199654,89
mTt78,1540,Env,AAGAGAAAUUGACAAUUACAC,UAAAGAAAUUAGCAAUUACAC,55,A1U/G3A/G11A/A12G,1;3;11;12,21;19;11;10,18199654,91
mTt80,1107,Tat,CUGCUUGUACCAAUUGCUA,CUGCUUGUUCCAAUUGCUA,85,9AU,9,11,16840344,65
mTt81,1107,Tat,CUGCUUGUACCAAUUGCUA,CUGCUUGUCCCAAUUGCUA,5,9AC,9,11,16840344,65
mTt87,1672,Tat/Rev,UAUCAAUACAUGGAUGAUUUGUAU,UAUCAAUACGUGGAUGAUUUGUAU,10,A10G,10,15,16290277,64
mTt88,1672,Tat/Rev,UAUCAAUACAUGGAUGAUUUGUAU,UAUCAAUACAUAGAUGAUUUGUAU,54,G12A,12,13,16290277,64
mTt91,1673,Tat/Rev,UAUCAAUACGUGGAUGAUUUGUAU,UAUCAAUACGUAGAUGAUUUGUAU,17,G12A,12,13,16290277,69
mTt93,1674,Tat/Rev,UAUCAAUACAUAGAUGAUUUGUAU,UAUCAAUACAUGGAUGAUUUGUAU,62,A12G,12,13,16290277,7
mTt95,1542,Env,AAGUACAUAAUGUCUGGGCUA,AAGUUCAUAAUGUCUGGGCUA,85,A5U,5,17,18199654,89
mTt96,1542,Env,AAGUACAUAAUGUCUGGGCUA,AAGUACACAAUGUCUGGGCUA,83,U8C,8,14,18199654,89
mTt99,1539,Env,AAAUAUCUGUGGAACCUGCUA,AAAUAUCUGGGGAAUCUUCUA,55,U10G/C15U/G18U,10;15;18,12;7;4,18199654,52
