mut_id,parent_id,reason,mut_eff,mutation_label,mutant_seq,wt_seq,expected_seq,diff_positions
MTt24,1585,verify_fail,90,T3C/G12A/A15G,GACUGCACUGAAAGGCAGG,GAUUGUACUGAGAGACAGG,GACUGUACUGAAAGGCAGG,3|6|12|15
MTt27,1585,verify_fail,50,T3C/T6C/,GACUGCACUGAAAGACAGG,GAUUGUACUGAGAGACAGG,GACUGCACUGAGAGACAGG,3|6|12
MTt28,1585,verify_fail,15,C17A,GUUCAGAAGUACACAUACC,GAUUGUACUGAGAGACAGG,GAUUGUACUGAGAGACAGG,2|4|5|6|8|9|10|12|14|16|18|19
MTt38,1575,verify_fail,26,C14A,GUUCAGAAGUACAUAUCCC,GUUCAGAAGUACACAUCCC,GUUCAGAAGUACAAAUCCC,14
mTt54,1609,verify_fail,22,C14T/C17T,GUUCAGAAGUACAUAUUCCAU,GUUCAGAAGUACACAUCCCAC,GUUCAGAAGUACAUAUUCCAC,14|17|21
mTt57,1237,verify_fail,37,C1A/G17A,CAGUGUGUGCCCGUCUAUUGU,UAGUGUGUGCCCGUCUGUUGU,AAGUGUGUGCCCGUCUAUUGU,1|17
mTt69,1263,verify_fail,9,G16A/G17C/A19T,GGGGGGAUUGGGGACUACUGU,GGGGGGAUUGGGGGGUACAGU,GGGGGGAUUGGGGGGACCUGU,14|15|19
mTt72,1375,verify_fail,90,A7C/U9C/C10A,AGAAGGCUGCAAACAAAUA,AGAAGGAUGUCAACAAAUA,AGAAGGCUCACAACAAAUA,7|10|11
mTt79,1539,verify_fail,90,A2G/U4C/G12A,UAAAGAAAUUAGCAAUUACAC,AAAUAUCUGUGGAACCUGCUA,AGACAUCUGUGAAACCUGCUA,1|4|5|6|7|8|9|11|13|15|16|18|20|21
mTt82,1107,verify_fail,10,U13C,CUGCUUGUACCAACUGCUA,CUGCUUGUACCAAUUGCUA,CUGCUUGUACCACUUGCUA,14
mTt83,1666,verify_fail,40,G3A/U10G,CUACCUGGCGAGAAGCACA,GCCUGUGCCUCUUCAGUUACC,GCAUGUGCCGCUUCAGUUACC,1|2|3|4|5|8|10|11|12|13|14|15|16|17|18
mTt84,1599,verify_fail,74,G8A,GUGAAGGAGCAGUAGUAAU,ACAGGAGCAGAUGAUACAG,ACAGGAGAAGAUGAUACAG,1|2|3|4|5|6|8|9|10|12|13|15|16|17|19
mTt85,1598,verify_fail,72,G15A,GUGAAGGGGCAGUAAUAAU,GAAGAAAUGAUGACAGCAU,GAAGAAAUGAUGACAGCAU,2|3|4|6|7|8|10|11|13|14|16|17
mTt86,1601,verify_fail,62,G8A/G15A,GUGAAGGAGCAGUAAUAAU,AUGGCAGGAAGAAGCGGAG,AUGGCAGAAAGAAGAGGAG,1|4|5|6|8|9|10|11|12|13|14|15|16|17|19
mTt90,1673,verify_fail,67,G10A,UAUCAAUACAGUGGAUGAUUUGUAU,UAUCAAUACGUGGAUGAUUUGUAU,UAUCAAUACAUGGAUGAUUUGUAU,10|11|12|14|15|16|17|18|21|22|23|24
mTt92,1674,verify_fail,0,A10G,UAUCAAUACAUAGAUGAUUUGUAU,UAUCAAUACAUAGAUGAUUUGUAU,UAUCAAUACGUAGAUGAUUUGUAU,
mTt94,1375,verify_fail,90,A6U/U7G,GAAGGCUGCAAACAAAUA,AGAAGGAUGUCAACAAAUA,AGAAGUGUGUCAACAAAUA,1|2|4|6|7|8|9|10|11|13|14|17|18
mTt97,1542,verify_fail,55,A2G/U4C/G12C,AGGCACAUAAUCAUCUGGGCUA,AAGUACAUAAUGUCUGGGCUA,AGGCACAUAAUCUCUGGGCUA,2|4|12|13|14|15|16|19|20|21
mTt98,1540,verify_fail,90,A1U/G3A/G10A/A11G,UAAAGAAAUUAGCAAUUACAC,AAGAGAAAUUGACAAUUACAC,UAAAGAAAUAGACAAUUACAC,1|3|11|12
mTt100,1542,verify_fail,83,U7C,AAGUACACAAUGUCUGGGCUA,AAGUACAUAAUGUCUGGGCUA,AAGUACCUAAUGUCUGGGCUA,8
