sirna_id,wt_target(sirna_seq),esc_target_raw,esc_target_clean,nucleo_status,nt_no,efficacy,sub_pos_target,del_pos_target,guide_pos,pubmed
1551,GGGACUGGAAGGGCUAAUU,GGGA*U*UGGAAGGGUUAGUU,GGGAUUGGAAGGGUUAGUU,Subs,1,64,5,,15,19672247
1552,ACAGGAGCAGAUGAUACAG,AC*U*GGAG*U*AGAUGAU*G*CAG,ACUGGAGUAGAUGAUGCAG,Subs,3,89,3;8;16,,17;12;4,19672247
1521,AUGGCAGGAAGAAGCGGAG,*G*UGG*U*AGGAAGA*G*GCGGAG,GUGGUAGGAAGAGGCGGAG,Subs,3,89,1;5;13,,19;15;7,19672247
1551,GGGACUGGAAGGGCUAAUU,GGGA*U*UGGAAGGG*U*UA*G*UU,GGGAUUGGAAGGGUUAGUU,Subs,3,43,5;14;17,,15;6;3,19672247
1521,AUGGCAGGAAGAAGCGGAG,*G*UGG*U*AGGAAGA*G*GCGGAG,GUGGUAGGAAGAGGCGGAG,Subs,3,91,1;5;13,,19;15;7,19672247
1551,GGGACUGGAAGGGCUAAUU,GGGAUUGGAAGGG*U*UA*G*UU,GGGAUUGGAAGGGUUAGUU,Subs,2,43,14;17,,6;3,19672247
1522,ACAGGAGCAGAUGAUACAG,AC*G*GGAG*U*AGAUGAU*G*CAG,ACGGGAGUAGAUGAUGCAG,Subs,3,51,3;8;16,,17;12;4,19672247
1521,AUGGCAGGAAGAAGCGGAG,*G*UGG*U*AGGAAGAGGCGGAG,GUGGUAGGAAGAGGCGGAG,Subs,2,76,1;5,,19;15,19672247
1523,GAAGAAAUGAUGACAGCAU,GAAGGAAUGAUGA*U*AG*U*AU,GAAGGAAUGAUGAUAGUAU,Subs,2,76,14;17,,6;3,19672247
1551,GGGACUGGAAGGGCUAAUU,GGGAUUGGAAGGG*U*UA*G*UU,GGGAUUGGAAGGGUUAGUU,Subs,2,72,14;17,,6;3,19672247
1522,ACAGGAGCAGAUGAUACAG,AC*G*GGAG*U*AGAUGAU*G*CAG,ACGGGAGUAGAUGAUGCAG,Subs,3,0,3;8;16,,17;12;4,19672247
1522,ACAGGAGCAGAUGAUACAG,ACGGGAG*U*AGAUGAU*G*CAG,ACGGGAGUAGAUGAUGCAG,Subs,2,78,8;16,,12;4,19672247
1521,AUGGCAGGAAGAAGCGGAG,*G*UGG*U*AGGAAGA*G*GCGGAG,GUGGUAGGAAGAGGCGGAG,Subs,3,90,1;5;13,,19;15;7,19672247
1523,GAAGAAAUGAUGACAGCAU,GAAGGAAUGAUGA*U*AG*U*AU,GAAGGAAUGAUGAUAGUAU,Subs,2,92,14;17,,6;3,19672247
1031,CUGCUUGUACCAAUUGCUA,CUGCUUGU*U*CAAUUGCUA,CUGCUUGUUCAAUUGCUA,Subs,1,69,9,,11,14557638
1676,GAUUGUACUGAGAGACAGGCU,GAUUGUACUGA*A*AGACAGGCU,GAUUGUACUGAAAGACAGGCU,Subs,1,log,12,,10,17805304
1677,AGACAAGCACAUUGUAACA,AGACAAGC*C*C*C*UUGUAACA,AGACAAGCCCCUUGUAACA,Subs,2,High log,9;11,,11;9,20833635
1677,AGACAAGCACAUUGUAACA,AGACAAGCA*U*AUUGUAACA,AGACAAGCAUAUUGUAACA,Subs,1,log,10,,10,20833635
1181,GUGAAGGGGCAGUAGUAAU,GUGAAGGG*A*CAGUAGUAAU,GUGAAGGGACAGUAGUAAU,Subs,1,10,9,,11,16959541
1237,UAGUGUGUGCCCGUCUGUUGU,UAGU*A*UGUGCCCGUCUGUUGU,UAGUAUGUGCCCGUCUGUUGU,Subs,1,49,5,,17,17996047
1237,UAGUGUGUGCCCGUCUGUUGU,*C*AGUGUGUGCCCGUCUGUUGU,CAGUGUGUGCCCGUCUGUUGU,Subs,1,37,1,,21,17996047
1237,UAGUGUGUGCCCGUCUGUUGU,U*G*GUGUGUGCCCGUCUGU*GU*U,UGGUGUGUGCCCGUCUGUGUU,Subs,3,77,2;19;20,,20;3;2,17996047
1240,CGCAGGACUCGGCUUGCUGAA,CGCAGGACUCGGCUUGCUGA*G*,CGCAGGACUCGGCUUGCUGAG,Subs,1,77,21,,1,17996047
1244,UAGAAGAAAUGAUGACAGCAU,UAGAAGA*G*AUGAUGACAGCAU,UAGAAGAGAUGAUGACAGCAU,Subs,1,86,8,,14,17996047
1249,GACCUACACCUGUCAACAUAA,GACC*C*ACACCU*A*UCAACAUAA,GACCCACACCUAUCAACAUAA,Subs,2,51,5;12,,17;10,17996047
1238,GUGACUCUGGUAACUAGAGAU,GUGACUCUGGUA*G*CUAGAGAU,GUGACUCUGGUAGCUAGAGAU,Subs,1,36,13,,9,17996047
1238,GUGACUCUGGUAACUAGAGAU,*AG*GACUCUGGUAACUAGAGAU,AGGACUCUGGUAACUAGAGAU,Subs,2,96,1;2,,21;20,17996047
1250,ACCUACACCUGUCAACAUAAU,ACC*C*ACACCU*A*UCAACAUAAU,ACCCACACCUAUCAACAUAAU,Subs,2,40,4;11,,18;11,17996047
1255,UGGAGGAAAUGAACAAGUAGA,UGGAGG*G*AAUGAACAA*A*UAGA,UGGAGGGAAUGAACAAAUAGA,Subs,2,0,7;17,,15;5,17996047
1258,UCCCUACAAUCCCCAAAGUCA,*C*CCCUACAAUCCCCAAAGUCA,CCCCUACAAUCCCCAAAGUCA,Subs,1,93,1,,21,17996047
1263,GGGGGGAUUGGGGGGUACAGU,GGGGGGAUUGGGG*AC*UAC*U*GU,GGGGGGAUUGGGGACUACUGU,Subs,3,9,14;15;19,,8;7;3,17996047
1264,GGGUACAGUGCAGGGGAAAGA,G*AC*UAC*U*GUGCAGGGGAAAGA,GACUACUGUGCAGGGGAAAGA,Subs,3,83,2;3;7,,20;19;15,17996047
1265,UACAGUGCAGGGGAAAGAAUA,UAC*U*GUGCAGGGGAAAGAAUA,UACUGUGCAGGGGAAAGAAUA,Subs,1,99.7,4,,18,17996047
1519,GUGAAGGGGCAGUAGUAAU,GUGAAGG*A*GCAGUAGUAAU,GUGAAGGAGCAGUAGUAAU,Subs,1,66,8,,12,19656954
1519,GUGAAGGGGCAGUAGUAAU,GUGAAGGGGCAGUA*A*UAAU,GUGAAGGGGCAGUAAUAAU,Subs,1,58,15,,5,19656954
1519,GUGAAGGGGCAGUAGUAAU,GUGAAGG*A*GCAGUA*A*UAAU,GUGAAGGAGCAGUAAUAAU,Subs,2,43,8;15,,12;5,19656954
1520,AUGGCAGGAAGAAGCGGAG,AUGGC*C*GGAAGAAGCGGAG,AUGGCCGGAAGAAGCGGAG,Subs,1,4,6,,14,19656954
1520,AUGGCAGGAAGAAGCGGAG,AUGGCAGGAA*A*AAGCGGAG,AUGGCAGGAAAAAGCGGAG,Subs,1,21,11,,9,19656954
1520,AUGGCAGGAAGAAGCGGAG,AUGGCAG*A*AA*A*AAGCGGAG,AUGGCAGAAAAAAGCGGAG,Subs,2,14,8;11,,12;9,19656954
1520,AUGGCAGGAAGAGGAGGAG,AUGGCAG*A*AAAAAGCGGAG,AUGGCAGAAAAAAGCGGAG,Subs,1,42,8,,12,19656954
1676,GAUUGUACUGAGAGACAGGCU,GAUUGUAC*A*GAGAGACAGGCU,GAUUGUACAGAGAGACAGGCU,Subs,1,log,9,,13,17805304
1676,GAUUGUACUGAGAGACAGGCU,GAUUGUA*U*UGAGAGACAGGCU,GAUUGUAUUGAGAGACAGGCU,Subs,1,log,8,,14,17805304
1668,GGCUUGCUGAAGCGCGCACGG,GGCUUGCUGA*U*GCGCGCACGG,GGCUUGCUGAUGCGCGCACGG,Subs,1,0,11,,11,19556221
1668,GGCUUGCUGAAGCGCGCACGG,GGCUUGCUGA*U*GCGCGCACGG,GGCUUGCUGAUGCGCGCACGG,Subs,1,0,11,,11,19556221
1668,GGCUUGCUGAAGCGCGCACGG,GGCUUGCUGA*U*GCGCGCACGG,GGCUUGCUGAUGCGCGCACGG,Subs,1,0,11,,11,19556221
1668,GGCUUGCUGAAGCGCGCACGG,GGCUUGCUGA*U*GCGCGCACGG,GGCUUGCUGAUGCGCGCACGG,Subs,1,0,11,,11,19556221
1607,GCGGAGACAGCGACGAAGAGC,GCGGAGACAGCGACGAAG*C*GC,GCGGAGACAGCGACGAAGCGC,Subs,1,0,19,,3,18596982
1608,GCCUGUGCCUCUUCAGCUACC,*A*CCUGUGCCUCUUCAGCUACC,ACCUGUGCCUCUUCAGCUACC,Subs,1,0,1,,21,18596982
1609,GUUCAGAAGUACACAUCCCAC,GUUCAGAAGUACA*U*AU*U*CCA*U*,GUUCAGAAGUACAUAUUCCAU,Subs,3,22,14;17;21,,8;5;1,18596982
1106,GUGCCUGGCUAGAAGCACA,------------------------,------------------------,Del,19,0,,1;2;3;4;5;6;7;8;9;10;11;12;13;14;15;16;17;18;19;20;21;22;23;24,del1-19,16708080
1106,GUGCCUGGCUAGAAGCACA,GU*A*CCUGGC*G*AGAAGCACA,GUACCUGGCGAGAAGCACA,Subs,2,28,3;10,,17;10,16708080
1071,GUGCCUGGCUAGAAGCACA,------------------------,------------------------,Del,19,log,,1;2;3;4;5;6;7;8;9;10;11;12;13;14;15;16;17;18;19;20;21;22;23;24,del1-19,15687388
1071,GUGCCUGGCUAGAAGCACA,GU-----------AGCACA,GU-----------AGCACA,Del,11,log,3;4;6;7;8,3;4;5;6;7;8;9;10;11;12;13,17;16;14;13;12;del7-17,15687388
1071,GUGCCUGGCUAGAAGCACA,GUGCCUGGC*G*AGAAGCACA,GUGCCUGGCGAGAAGCACA,Subs,1,log,10,,10,15687388
1071,GUGCCUGGCUAGAAGCACA,GU*A*CCUGGC*G*AGAAGCACA,GUACCUGGCGAGAAGCACA,Subs,2,log,3;10,,17;10,15687388
1071,GUGCCUGGCUAGAAGCACA,-----UGGCUAGAAGCACA,-----UGGCUAGAAGCACA,Del,5,log,1;2;5;6;8;9;10;11;12;13,1;2;3;4;5,19;18;15;14;12;11;10;9;8;7;del15-19,15687388
1071,GUGCCUGGCUAGAAGCACA,GUGCCUGGCUAGAAG----,GUGCCUGGCUAGAAG----,Del,4,log,,16;17;18;19,del1-4,15687388
1071,GUGCCUGGCUAGAAGCACA,GUGCCUGGCUAGA*G*GCACA,GUGCCUGGCUAGAGGCACA,Subs,1,log,14,,6,15687388
1071,GUGCCUGGCUAGAAGCACA,------------------------,------------------------,Del,19,log,,1;2;3;4;5;6;7;8;9;10;11;12;13;14;15;16;17;18;19;20;21;22;23;24,del1-19,15687388
1071,ACUGCUUGUGCCUGGCUAGAAGCACA,*A*CUGCUUGUGCCUGGCUAGAAGCACA,ACUGCUUGUGCCUGGCUAGAAGCACA,Subs,1,log,1,,26,15687388
1071,GUGCCUGGCUAGAAGCACA,GUGCCUGG*A*UAGAAGCACA,GUGCCUGGAUAGAAGCACA,Subs,1,log,9,,11,15687388
1597,GUGCCUGGCUAGAAGCACA,------------------------,------------------------,Del,19,log,,1;2;3;4;5;6;7;8;9;10;11;12;13;14;15;16;17;18;19;20;21;22;23;24,del1-19,14963165
1597,GUGCCUGGCUAGAAGCACA,GU-----------AGCACA,GU-----------AGCACA,Del,11,log,3;4;6;7;8,3;4;5;6;7;8;9;10;11;12;13,17;16;14;13;12;del7-17,14963165
1597,GUGCCUGGCUAGAAGCACA,GUGCCUGGC*G*AGAAGCACA,GUGCCUGGCGAGAAGCACA,Subs,1,log,10,,10,14963165
1597,GUGCCUGGCUAGAAGCACA,GU*A*CCUGGCGAGAAGCACA,GUACCUGGCGAGAAGCACA,Subs,1,log,3,,17,14963165
1597,GUGCCUGGCUAGAAGCACA,-----UGGCUAGAAGCACA,-----UGGCUAGAAGCACA,Del,5,log,1;2;5;6;8;9;10;11;12;13,1;2;3;4;5,19;18;15;14;12;11;10;9;8;7;del15-19,14963165
1597,GUGCCUGGCUAGAAGCACA,GUGCCUGGCUAGAAG----,GUGCCUGGCUAGAAG----,Del,4,log,,16;17;18;19,del1-4,14963165
1597,GUGCCUGGCUAGAAGCACA,GUGCCUGGCUAGA*G*GCACA,GUGCCUGGCUAGAGGCACA,Subs,1,log,14,,6,14963165
1597,GUGCCUGGCUAGAAGCACA,------------------------,------------------------,Del,19,log,,1;2;3;4;5;6;7;8;9;10;11;12;13;14;15;16;17;18;19;20;21;22;23;24,del1-19,14963165
1564,GUGAAGGGGCAGUAGUAAU,GUGAAGG*A*GCAGUAGUAAU,GUGAAGGAGCAGUAGUAAU,Subs,1,log,8,,12,18180777
1564,GUGAAGGGGCAGUAGUAAU,GUGAAGGGGCAGUA*A*UAAU,GUGAAGGGGCAGUAAUAAU,Subs,1,log,15,,5,18180777
1564,GUGAAGGGGCAGUAGUAAU,GUGAAGGGGCAGUA*A*UAAU,GUGAAGGGGCAGUAAUAAU,Subs,1,log,15,,5,18180777
1564,GUGAAGGGGCAGUAGUAAU,GUGAAGGG*A*CAGUAGUAAU,GUGAAGGGACAGUAGUAAU,Subs,1,log,9,,11,18180777
1564,GUGAAGGGGCAGUAGUAAU,GUGAAGGGGCA*U*UAGUAAU,GUGAAGGGGCAUUAGUAAU,Subs,1,log,12,,8,18180777
1669,CAGAUGGCAGGUGAUGAUUGU,CA*C*AUGGCAGGUGAUGAUUGU,CACAUGGCAGGUGAUGAUUGU,Subs,1,0,3,,19,19556221
1669,CAGAUGGCAGGUGAUGAUUGU,CA*C*AU_GCAGGUGAUGAUUGU,CACAU_GCAGGUGAUGAUUGU,Subs/Del,1+1,0,3,6,19;del16,19556221
1669,CAGAUGGCAGGUGAUGAUUGU,*U*A*C*A*A*_GCAG*C*UGAUGAU*CU*U,UACAA_GCAGCUGAUGAUCUU,Subs/Del,6+1,0,1;2;3;4;5;11,6,21;20;19;18;17;11;del16,19556221
1669,CAGAUGGCAGGUGAUGAUUGU,*G*A*UUAAU*_AG*C*UGAUGA*C*UGU,GAUUAAU_AGCUGAUGACUGU,Subs/Del,8+1,0,1;3;4;5;6;7;8;9;10;11;12;13;14;15;16;17;19;20,8,21;19;18;17;16;15;14;13;12;11;10;9;8;7;6;5;3;2;del14,19556221
1669,CAGAUGGCAGGUGAUGAUUGU,*C*A*UU*UGG_AG*C*_ _*UAU*AU*GUG,CAUUUGG_AGC_ _UAUAUGUG,Subs/Del,10+3,0,3;4;8;9;10;11;13;14;15;16;17;19,8;12;14,19;18;14;13;12;11;9;8;7;6;5;3;del8;del10;del14,19556221
1660,CAUGUGGCAGGAAGUAGGA,CAUGUGGCA*C*GAACUAGGA,CAUGUGGCACGAACUAGGA,Subs,1,91,10,,10,17176628
1671,GUGAAGGGGCAGUAGUAAU,GUGAAGG*A*GCAGUAGUAAU,GUGAAGGAGCAGUAGUAAU,Subs,1,65,8,,12,20529316
1671,GUGAAGGGGCAGUAGUAAU,GUGAAGGGGCAGUA*A*UAAU,GUGAAGGGGCAGUAAUAAU,Subs,1,62,15,,5,20529316
1604,ACAGGAGCAGAUGAUACAG,ACAGGA-CAGAUGAUACAG,ACAGGA-CAGAUGAUACAG,Del,1,59,7;8;9;10;11;12;13;14;15;16;17;18,7,13;12;11;10;9;8;7;6;5;4;3;2;del13,17715143
1604,ACAGGAGCAGAUGAUACAG,ACAG-AGCAGAUGA-ACAG,ACAG-AGCAGAUGA-ACAG,Del,2,59,5;6;7;8;9;10;11;12;13;15;17,5;15,15;14;13;12;11;10;9;8;7;5;3;del5;del15,17715143
1604,ACAGGAGCAGAUGAUACAG,ACAGGAG--GAUGAUACAG,ACAGGAG--GAUGAUACAG,Del,2,23,8;10;11;12;13;15;17,8;9,12;10;9;8;7;5;3;del11-12,17715143
1181,GUGAAGGGGCAGUAGUAAU,GUGAAGGG*A*CAGUAGUAAU,GUGAAGGGACAGUAGUAAU,Subs,1,80,9,,11,16959541
1675,CUGCCUGGCUAGAAGCACA,CU*A*CCUGGC*G*AGAAGCACA,CUACCUGGCGAGAAGCACA,Subs,2,39,3;10,,17;10,18668146
1107,CUGCUUGUACCAAUUGCUA,CUGCUUGU*U*CCAAUUGCUA,CUGCUUGUUCCAAUUGCUA,Subs,1,85,9,,11,16840344
1107,CUGCUUGUACCAAUUGCUA,CUGCUUGU*C*CCAAUUGCUA,CUGCUUGUCCCAAUUGCUA,Subs,1,5,9,,11,16840344
1108,GGAGAGCAAUGGCUAGUGA,GGA*A*AGCAAUGGCUAGUGA,GGAAAGCAAUGGCUAGUGA,Subs,1,90,4,,16,16840344
1108,GGAGAGCAAUGGCUAGUGA,GGAGAGCA*U*UGGCUAGUGA,GGAGAGCAUUGGCUAGUGA,Subs,1,90,9,,11,16840344
1108,GGAGAGCAAUGGCUAGUGA,GGA*G*AGCA*G*UGGCUAGUGA,GGAGAGCAGUGGCUAGUGA,Subs,1,78,9,,11,16840344
1107,CUGCUUGUACCAAUUGCUA,CUGCUUGUACCAA*C*UGCUA,CUGCUUGUACCAACUGCUA,Subs,1,10,14,,6,16840344
1109,GACUGGAAGGGCUAAUUCA,GACUGGAAGGGCUA*G*UUCA,GACUGGAAGGGCUAGUUCA,Subs,1,45,15,,5,16840344
1109,GACUGGAAGGGCUAAUUCA,GACUGGAAGGGCUAAUU*U*A,GACUGGAAGGGCUAAUUUA,Subs,1,20,18,,2,16840344
1108,GGAGAGCAAUGGCUAGUGA,GGA*A*AGCAAUGGCUAGUGA,GGAAAGCAAUGGCUAGUGA,Subs,1,85,4,,16,16840344
1108,GGAGAGCAAUGGCUAGUGA,GGAGAGCA*U*UGGCUAGUGA,GGAGAGCAUUGGCUAGUGA,Subs,1,50,9,,11,16840344
1108,GGAGAGCAAUGGCUAGUGA,GGAGAGCAAU*A*GCUAGUGA,GGAGAGCAAUAGCUAGUGA,Subs,1,90,11,,9,16840344
1109,GACUGGAAGGGCUAAUUCA,GACU*A*GAAGGGCUAAUUCA,GACUAGAAGGGCUAAUUCA,Subs,1,68,5,,15,16840344
1109,GACUGGAAGGGCUAAUUCA,GACUGGAAGG*A*CUAAUUCA,GACUGGAAGGACUAAUUCA,Subs,1,25,11,,9,16840344
1109,GACUGGAAGGGCUAAUUCA,GACUGGAAGGGCUAAUU*U*A,GACUGGAAGGGCUAAUUUA,Subs,1,10,18,,2,16840344
1672,UAUCAAUACAUGGAUGAUUUGUAU,UAUCAAUAC*A*UGGAUGAUUUGUAU,UAUCAAUACAUGGAUGAUUUGUAU,Subs,1,10,10,,15,16290277
1672,UAUCAAUACAUGGAUGAUUUGUAU,UAUCAAUACAU*A*GAUGAUUUGUAU,UAUCAAUACAUAGAUGAUUUGUAU,Subs,1,54,12,,13,16290277
1673,UAUCAAUACGUGGAUGAUUUGUAU,UAUCAAUAC*G*UGGAUGAUUUGUAU,UAUCAAUACGUGGAUGAUUUGUAU,Subs,1,67,10,,15,16290277
1673,UAUCAAUACGUGGAUGAUUUGUAU,UAUCAAUACAU*A*GAUGAUUUGUAU,UAUCAAUACAUAGAUGAUUUGUAU,Subs,1,17,12,,13,16290277
1674,UAUCAAUACAUAGAUGAUUUGUAU,UAUCAAUAC*A*UGGAUGAUUUGUAU,UAUCAAUACAUGGAUGAUUUGUAU,Subs,1,0,10,,15,16290277
1674,UAUCAAUACAUAGAUGAUUUGUAU,UAUCAAUAC*G*UGGAUGAUUUGUAU,UAUCAAUACGUGGAUGAUUUGUAU,Subs,1,62,10,,15,16290277
