siRNA,mRNA,沉默效率,突变位置
GCGCUCAUCAUUGUGCUGC,GGCUGGUGAAGGUCACUAAGCAGCACAAUGAUGAGUGCAAACAUCUGCUGAGCCUCA,0.8,3
GCACUCGUCAUUGUGCUGC,GGCUGGUGAAGGUCACUAAGCAGCACAAUGAUGAGUGCAAACAUCUGCUGAGCCUCA,0.78,7
GCACUCAUCGUUGUGCUGC,GGCUGGUGAAGGUCACUAAGCAGCACAAUGAUGAGUGCAAACAUCUGCUGAGCCUCA,0.35,10
GCGCUCGUCAUUGUGCUGC,GGCUGGUGAAGGUCACUAAGCAGCACAAUGAUGAGUGCAAACAUCUGCUGAGCCUCA,0.72,"3,7"
GCACUCGUCGUUGUGCUGC,GGCUGGUGAAGGUCACUAAGCAGCACAAUGAUGAGUGCAAACAUCUGCUGAGCCUCA,0.25,"7,10"
GCGCUCGUCGUUGUGCUGC,GGCUGGUGAAGGUCACUAAGCAGCACAAUGAUGAGUGCAAACAUCUGCUGAGCCUCA,0.3,"3,7,10"
GCACUCAUUAUUGUGCUGC,GGCUGGUGAAGGUCACUAAGCAGCACAAUGAUGAGUGCAAACAUCUGCUGAGCCUCA,0.5,9
GCACUCAUCAUUGUGUUGC,GGCUGGUGAAGGUCACUAAGCAGCACAAUGAUGAGUGCAAACAUCUGCUGAGCCUCA,0.3,16
GCACUUAUCAUUGUGCUGC,GGCUGGUGAAGGUCACUAAGCAGCACAAUGAUGAGUGCAAACAUCUGCUGAGCCUCA,0.55,6
GUACUCAUCAUUGUGCUGC,GGCUGGUGAAGGUCACUAAGCAGCACAAUGAUGAGUGCAAACAUCUGCUGAGCCUCA,0.4,2
GCACUCAUCAUUGUGCUGU,GGCUGGUGAAGGUCACUAAGCAGCACAAUGAUGAGUGCAAACAUCUGCUGAGCCUCA,0.5,19
GCGCUCGUCAUUGUGCUGU,GGCUGGUGAAGGUCACUAAGCAGCACAAUGAUGAGUGCAAACAUCUGCUGAGCCUCA,0.7,"3,7,19"
GUGCUCGUCAUUGUGCUGC,GGCUGGUGAAGGUCACUAAGCAGCACAAUGAUGAGUGCAAACAUCUGCUGAGCCUCA,0.25,"2,3,7"
ACACUCAUCAUUGUGCUGC,GGCUGGUGAAGGUCACUAAGCAGCACAAUGAUGAGUGCAAACAUCUGCUGAGCCUCA,0.7,1
CCACUCAUCAUUGUGCUGC,GGCUGGUGAAGGUCACUAAGCAGCACAAUGAUGAGUGCAAACAUCUGCUGAGCCUCA,0.7,1
UCACUCAUCAUUGUGCUGC,GGCUGGUGAAGGUCACUAAGCAGCACAAUGAUGAGUGCAAACAUCUGCUGAGCCUCA,0.6,1
GCCCUCAUCAUUGUGCUGC,GGCUGGUGAAGGUCACUAAGCAGCACAAUGAUGAGUGCAAACAUCUGCUGAGCCUCA,0.65,3
GCACUCCUCAUUGUGCUGC,GGCUGGUGAAGGUCACUAAGCAGCACAAUGAUGAGUGCAAACAUCUGCUGAGCCUCA,0.25,7
UCCAUGGCCAGCAGUGAGG,UCACCACGGUUCAUGGAAACCUCACUGCUGGCCAUGGGCUCCUGGUGGAGCUAAUAA,0.4,1
UCCAUGGCCAGCAGUGAGG,UCACCACGGUUCAUGGAAACCUCACUGCUGGCCAUGGGCUCCUGGUGGAGCUAAUAA,0.28,1
UACCAGGAGCCCAUGGCCA,UUCAUGGAAACCUCACUGCUGGCCAUGGGCUCCUGGUGGAGCUAAUAAUCACUUUCC,0.5,1
UACCAGGAGCCCAUGGCCA,UUCAUGGAAACCUCACUGCUGGCCAUGGGCUCCUGGUGGAGCUAAUAAUCACUUUCC,0.58,1
UGAGCUGGAUUCAUGCUGG,GCAAUCAAUUAUACCGGAGCCAGCAUGAAUCCAGCUCGAUCCUUUGGCCCUGCAGUU,0.61,1
UGAGCUGGAUUCAUGCUGG,GCAAUCAAUUAUACCGGAGCCAGCAUGAAUCCAGCUCGAUCCUUUGGCCCUGCAGUU,0.67,1
UCAGUUUCCCAUGAUAACU,CUCGAUCCUUUGGCCCUGCAGUUAUCAUGGGAAACUGGGAAAACCACUGGAUAUAUU,0.65,1
UCAGUUUCCCAUGAUAACU,CUCGAUCCUUUGGCCCUGCAGUUAUCAUGGGAAACUGGGAAAACCACUGGAUAUAUU,0.75,1
UAACCCAAUAUAUCCAGUG,CAUGGGAAACUGGGAAAACCACUGGAUAUAUUGGGUUGGACCAAUCAUAGGCGCUGU,0.7,1
UAACCCAAUAUAUCCAGUG,CAUGGGAAACUGGGAAAACCACUGGAUAUAUUGGGUUGGACCAAUCAUAGGCGCUGU,0.66,1
UCACCUCCAUGUAGCUCCC,AGCUGCACAGCAGACGAAAGGGAGCUACAUGGAGGUGGAGGACAACCGGAGCCAAGU,0.68,1
UCACCUCCAUGUAGCUCCC,AGCUGCACAGCAGACGAAAGGGAGCUACAUGGAGGUGGAGGACAACCGGAGCCAAGU,0.63,1
UGGGCUUCAGGAUCAAGUC,GAGCCAAGUGGAGACAGAAGACUUGAUCCUGAAGCCCGGGGUGGUGCAUGUGAUCGA,0.82,1
UGGGCUUCAGGAUCAAGUC,GAGCCAAGUGGAGACAGAAGACUUGAUCCUGAAGCCCGGGGUGGUGCAUGUGAUCGA,0.84,1
UACCUCUCCAGACGAGUCC,GAGACGAGAAGAAGGGGAAGGACUCGUCUGGAGAGGUGUUAUCUUCUGUAUGACUAG,0.92,1
UACCUCUCCAGACGAGUCC,GAGACGAGAAGAAGGGGAAGGACUCGUCUGGAGAGGUGUUAUCUUCUGUAUGACUAG,0.91,1
GCUCCACUUGGCUCCGGUU,CUACAUGGAGGUGGAGGACAACCGGAGCCAAGUGGAGACAGAAGACUUGAUCCUGAA,0.65,1
GCUCCACUUGGCUCCGGUU,CUACAUGGAGGUGGAGGACAACCGGAGCCAAGUGGAGACAGAAGACUUGAUCCUGAA,0.84,1
UACCAGGAGCCCAUGGCCA,UUCAUGGAAACCUCACCGCUGGCCAUGGGCUCCUGGUGGAGUUAAUAAUCACUUUCC,0.45,1
UACCAGGAGCCCAUGGCCA,UUCAUGGAAACCUCACCGCUGGCCAUGGGCUCCUGGUGGAGUUAAUAAUCACUUUCC,0.58,1
UGAGCUGGAUUCAUGCUGG,GCAAUCAAUUAUACUGGAGCCAGCAUGAAUCCAGCUCGAUCUUUUGGACCCGCAGUU,0.64,1
UGAGCUGGAUUCAUGCUGG,GCAAUCAAUUAUACUGGAGCCAGCAUGAAUCCAGCUCGAUCUUUUGGACCCGCAGUU,0.62,1
UCAGUUUCCCAUGAUAACU,CUCGAUCUUUUGGACCCGCAGUUAUCAUGGGAAACUGGGCAAACCACUGGAUAUAUU,0.65,1
UCAGUUUCCCAUGAUAACU,CUCGAUCUUUUGGACCCGCAGUUAUCAUGGGAAACUGGGCAAACCACUGGAUAUAUU,0.75,1
UAACCCAAUAUAUCCAGUG,CAUGGGAAACUGGGCAAACCACUGGAUAUAUUGGGUUGGACCAAUCAUGGGCGCUGU,0.7,1
UAACCCAAUAUAUCCAGUG,CAUGGGAAACUGGGCAAACCACUGGAUAUAUUGGGUUGGACCAAUCAUGGGCGCUGU,0.66,1
UCACCUCCAUGUAGCUCCC,AGCCGCGCAGCAGACAAAAGGGAGCUACAUGGAGGUGGAGGACAACCGGAGCCAAGU,0.68,1
UCACCUCCAUGUAGCUCCC,AGCCGCGCAGCAGACAAAAGGGAGCUACAUGGAGGUGGAGGACAACCGGAGCCAAGU,0.63,1
UGGGCUUCAGGAUCAAGUC,GAGCCAAGUGGAGACGGAAGACUUGAUCCUGAAGCCCGGAGUGGUGCAUGUGAUUGA,0.82,1
UGGGCUUCAGGAUCAAGUC,GAGCCAAGUGGAGACGGAAGACUUGAUCCUGAAGCCCGGAGUGGUGCAUGUGAUUGA,0.84,1
GCUCCACUUGGCUCCGGUU,CUACAUGGAGGUGGAGGACAACCGGAGCCAAGUGGAGACGGAAGACUUGAUCCUGAA,0.65,1
GCUCCACUUGGCUCCGGUU,CUACAUGGAGGUGGAGGACAACCGGAGCCAAGUGGAGACGGAAGACUUGAUCCUGAA,0.84,1
