siRNA,mRNA,label,y,td,dG_total,dG_seed,delta_deltaG_ends,MFE_guide,GC_content
UGUCAGGACUAGUAUAUUU,CUGCUUGCAUCUGAAAAUAAAAUAUACUAGUCCUGACACUGAAUUUUUCAAGUAUAC,0.67,0,"-0.73,-2.11,-10.44,1,0,-169.20999999999998,0.42105263157894735,0,0.21052631578947367,0,0,0.05555555555555555,-2.24,0.16666666666666666,0,0,0.0,-0.93,0,0.0,0,-1.33,0.1111111111111111,0",-28.2,-9.85,-0.73,nan,31.6
UCUCCUAACCAGACCUUCU,GAGAGCACCAGGCCUGGCAAGAAGGUCUGGUUAGGAGAAACAAGCUCUGCAUAUGGA,0.82,1,"-0.27,-2.35,-12.44,1,0,-185.84999999999997,0.3157894736842105,0,0.05263157894736842,0,0,0.0,-2.08,0.05555555555555555,0,0,0.16666666666666666,-2.08,0,0.0,0,-2.24,0.05555555555555555,0",-34.37,-7.49,-0.27,nan,47.4
UCUCCUAACUGCGACCCAU,AAGGCUGAUAUUUUCAUCAAUGGGUCGCAGUUAGGAGAAGAUUUUAUUCAAUUGCAU,0.81,1,"-0.8,-2.35,-12.44,1,0,-190.96999999999997,0.2631578947368421,0,0.10526315789473684,0,0,0.0,-2.08,0.05555555555555555,0,0,0.16666666666666666,-1.1,0,0.05555555555555555,0,-2.35,0.0,0",-35.92,-7.49,-0.8,nan,52.6
UUAUACCCCUUGGAAGAGC,CAGUUGCUCCUGGACUACUGCUCUUCCAAGGGGUAUAACAUUUCUUGGGAACUAGGC,0.87,1,"2.49,-0.93,-6.82,1,0,-184.48999999999998,0.2631578947368421,1,0.21052631578947367,0,0,0.05555555555555555,-1.33,0.1111111111111111,1,0,0.16666666666666666,-3.42,0,0.05555555555555555,0,-2.35,0.1111111111111111,0",-33.76,-7.98,2.49,nan,47.4
UCAGGACUAGUAUAUUUUA,UGCUGCUUGCAUCUGAAAAUAAAAUAUACUAGUCCUGACACUGAAUUUUUCAAGUAU,0.43,0,"-0.57,-2.35,-12.44,1,0,-161.87999999999997,0.42105263157894735,0,0.15789473684210525,0,0,0.05555555555555555,-2.11,0.2222222222222222,0,0,0.0,-1.33,0,0.0,0,-1.33,0.16666666666666666,1",-26.11,-9.58,-0.57,nan,26.3
AUCAUGAUGAGUUUUGGUC,CUUUGGACUCUGAUCAUCUGACCAAAACUCAUCAUGAUAUGUUUACUAAAGGACAAG,0.91,1,"1.7,-1.1,-9.38,0,0,-179.46,0.42105263157894735,0,0.2631578947368421,0,0,0.05555555555555555,-2.35,0.0,1,0,0.0,-2.35,0,0.0,0,-0.93,0.16666666666666666,0",-29.21,-6.13,1.7,nan,36.8
AAUACUUGCCUCAUCACCA,GCCCGAAUGGGAAUAGAAGUGGUGAUGAGGCAAGUAUUCUUUGGAGCAGGAAACUAC,0.95,1,"0.73,-0.93,-6.82,0,0,-181.10000000000002,0.2631578947368421,0,0.05263157894736842,0,0,0.0,-1.1,0.05555555555555555,0,0,0.1111111111111111,-2.11,0,0.05555555555555555,0,-1.1,0.05555555555555555,1",-32.12,-5.25,0.73,nan,42.1
UUCACAAUCAUAACUGGUC,AAAGUGGAUUACCACAGCUGACCAGUUAUGAUUGUGAAGUUAAUGCUCCUAUACAAG,0.9,1,"1.87,-0.93,-6.82,1,0,-176.73,0.3157894736842105,1,0.10526315789473684,0,0,0.05555555555555555,-2.35,0.05555555555555555,1,0,0.0,-2.35,0,0.0,0,-2.24,0.05555555555555555,0",-29.33,-5.85,1.87,nan,36.8
UAAAUGGUAGUUUCCUGCU,UGAGGCAAGUAUUCUUUGGAGCAGGAAACUACCAUUUAGUGGAUGAAAACUUCGAUC,0.89,1,"0.3,-1.33,-7.69,1,0,-170.20999999999998,0.42105263157894735,0,0.21052631578947367,0,0,0.05555555555555555,-0.93,0.1111111111111111,0,0,0.05555555555555555,-2.08,0,0.05555555555555555,0,-2.35,0.1111111111111111,0",-29.72,-5.58,0.3,nan,36.8
AUUGAUGAAAAUAUCAGCC,CUAACAGUUUCCUUAAGAAGGCUGAUAUUUUCAUCAAUGGGUCGCAGUUAGGAGAAG,0.91,1,"2.16,-1.1,-9.38,0,0,-172.54999999999995,0.2631578947368421,0,0.15789473684210525,0,0,0.0,-0.93,0.05555555555555555,1,0,0.05555555555555555,-3.26,0,0.05555555555555555,0,-1.1,0.05555555555555555,0",-27.05,-5.96,2.16,nan,31.6
UUGGAAAGUAAUCCAUGAG,CUUCUAAGACCUUUGGGACCUCAUGGAUUACUUUCCAAAUCUGUCCAACUCAAUGGU,0.81,1,"1.6,-0.93,-6.82,1,0,-174.17999999999998,0.2631578947368421,1,0.2631578947368421,0,0,0.05555555555555555,-2.11,0.05555555555555555,1,0,0.05555555555555555,-2.08,0,0.0,0,-3.26,0.05555555555555555,0",-29.01,-7.12,1.6,nan,36.8
UAUUGAUACACAUCCGCCC,CAUGGUGGAAGGCGAUGAGGGGCGGAUGUGUAUCAAUAUGGAGUGGGGGGCCUUCGG,0.81,1,"1.93,-1.33,-7.69,1,0,-187.69999999999993,0.2631578947368421,0,0.10526315789473684,0,0,0.0,-1.1,0.1111111111111111,0,0,0.16666666666666666,-3.26,0,0.05555555555555555,0,-2.35,0.05555555555555555,0",-33.42,-3.93,1.93,nan,47.4
ACUCUCGUCUAGUUUAGUC,UCUCGUUCCCCUGCCACCAGACUAAACUAGACGAGAGUUUCCUGGUCUCAUGGACCA,0.79,1,"1.01,-2.24,-11.4,0,0,-180.09,0.42105263157894735,0,0.15789473684210525,0,0,0.0,-2.08,0.1111111111111111,0,0,0.0,-2.35,0,0.0,0,-0.93,0.1111111111111111,0",-31.1,-8.92,1.01,nan,42.1
AAAUAUCCUGGUUGACUUG,GAGAAGUUACUGGCAAUCUCAAGUCAACCAGGAUAUUUGCAAAUAUGGAUCCAUCCC,0.61,0,"1.63,-0.93,-6.82,0,0,-173.14,0.3684210526315789,0,0.21052631578947367,0,0,0.05555555555555555,-0.93,0.05555555555555555,0,0,0.05555555555555555,-2.11,0,0.0,0,-2.11,0.1111111111111111,0",-28.9,-5.53,1.63,nan,36.8
UUUAAUUCAUCAGUGGUGG,AAUGCCACCACUACCACUGCCACCACUGAUGAAUUAAAAACAGUGACAAAAGACCGU,0.93,1,"2.33,-0.93,-6.82,1,0,-173.10000000000002,0.42105263157894735,1,0.2631578947368421,0,0,0.1111111111111111,-0.93,0.05555555555555555,1,0,0.0,-3.26,0,0.0,0,-2.24,0.16666666666666666,0",-28.93,-3.03,2.33,nan,36.8
AAGUUAGCCAGGCAUUCGG,CAGCUGUUUGACCACAUUGCCGAAUGCCUGGCUAACUUCAUGGAUAAGCUACAAAUC,0.88,1,"2.33,-0.93,-6.82,0,0,-186.92999999999995,0.21052631578947367,0,0.3157894736842105,0,0,0.1111111111111111,-2.08,0.05555555555555555,0,0,0.05555555555555555,-3.26,0,0.1111111111111111,0,-2.11,0.1111111111111111,0",-34.71,-7.54,2.33,nan,52.6
UGUCCUGAGUAGAAAAUGG,AGACACAGAAGCAAAGAACCCAUUUUCUACUCAGGACACAGAUUUAGACUUGGAGAU,0.92,1,"1.6,-2.11,-10.44,1,0,-179.86,0.2631578947368421,0,0.3157894736842105,0,0,0.05555555555555555,-2.24,0.05555555555555555,0,0,0.05555555555555555,-3.26,0,0.0,0,-0.93,0.0,0",-31.3,-9.85,1.6,nan,42.1
UCAUAUCCCAUCAAUUCGG,UAUUGUGAUGAAAGAAUUACCGAAUUGAUGGGAUAUGAGCCAGAAGAACUUUUAGGC,0.84,1,"1.36,-2.35,-12.44,1,0,-183.40999999999997,0.3157894736842105,0,0.10526315789473684,0,0,0.05555555555555555,-2.11,0.05555555555555555,0,0,0.1111111111111111,-3.26,0,0.0,0,-0.93,0.05555555555555555,0",-30.92,-7.16,1.36,nan,42.1
UAACGCAUUUAGGCCAAAG,GCUCAGGACUGGACUUGAUCUUUGGCCUAAAUGCGUUAUUAAGAACAGCAGAUUUGC,0.76,1,"1.2,-1.33,-7.69,1,0,-171.94999999999996,0.21052631578947367,0,0.21052631578947367,0,0,0.05555555555555555,-0.93,0.1111111111111111,0,0,0.05555555555555555,-2.08,0,0.1111111111111111,0,-3.42,0.1111111111111111,0",-30.21,-7.17,1.2,nan,42.1
UCUAGUUUAGUCUGGUGGC,UUUACCUUCUCGUUCCCCUGCCACCAGACUAAACUAGACGAGAGUUUCCUGGUCUCA,0.82,1,"1.52,-2.35,-12.44,1,0,-185.23000000000002,0.42105263157894735,0,0.3157894736842105,0,0,0.1111111111111111,-2.08,0.1111111111111111,0,0,0.0,-3.42,0,0.05555555555555555,0,-2.11,0.1111111111111111,0",-33.88,-5.05,1.52,nan,47.4
UGAACUUUGUCUAGUGCUU,CACCUAGUCCUUCCGAUGGAAGCACUAGACAAAGUUCACCUGAGCCUAAUAGUCCCA,0.89,1,"-0.73,-2.11,-10.44,1,0,-171.11999999999998,0.47368421052631576,0,0.21052631578947367,0,0,0.0,-2.35,0.05555555555555555,0,0,0.0,-0.93,0,0.05555555555555555,0,-2.08,0.16666666666666666,0",-29.55,-4.92,-0.73,nan,36.8
UUGAUAGUUGUAAACAUGG,AAAAGGACGGCUCCUCUAACCAUGUUUACAACUAUCAACCCUGUGAUCAUCCACGGC,0.69,0,"2.33,-0.93,-6.82,1,0,-166.36,0.3684210526315789,1,0.2631578947368421,0,0,0.05555555555555555,-2.11,0.1111111111111111,1,0,0.0,-3.26,0,0.0,0,-0.93,0.1111111111111111,0",-26.89,-6.22,2.33,nan,31.6
AAUGAUGCUGUCGUCACAG,ACUUAGGGCUUGAGAGCACCUGUGACGACAGCAUCAUUGUUAAGGAGGUGUGCACUG,0.84,1,"1.6,-0.93,-6.82,0,0,-188.45,0.2631578947368421,0,0.2631578947368421,0,0,0.0,-1.1,0.0,0,0,0.0,-2.08,0,0.05555555555555555,0,-2.24,0.0,0",-32.85,-7.65,1.6,nan,47.4
AUACUCGAAGCUUCCUUCU,AAGCGUGCAAGGUUCAAAGAGAAGGAAGCUUCGAGUAUACCUUCAUUGCACAAACAC,0.87,1,"0.53,-1.1,-9.38,0,0,-178.95,0.3684210526315789,0,0.10526315789473684,0,0,0.0,-1.33,0.05555555555555555,1,0,0.05555555555555555,-2.08,0,0.05555555555555555,0,-2.35,0.1111111111111111,0",-31.31,-7.72,0.53,nan,42.1
UUUUCAUAUCUGAAGAUUC,AUGUGUCCUUAAACCGGUUGAAUCUUCAGAUAUGAAAAUGACUCAGCUAUUCACCAA,0.9,1,"1.87,-0.93,-6.82,1,0,-166.64000000000001,0.47368421052631576,1,0.10526315789473684,0,0,0.0,-0.93,0.05555555555555555,1,0,0.0,-2.35,0,0.0,0,-0.93,0.2222222222222222,0",-24.87,-3.76,1.87,nan,26.3
UUCUUGAGUAGGUGCUGUU,CUACCAGAAAAAGUUCAAGAACAGCACCUACUCAAGAAGCUCUGUAGAUGUGCUAUA,0.65,0,"0.0,-0.93,-6.82,1,0,-177.69,0.47368421052631576,1,0.3157894736842105,0,0,0.05555555555555555,-2.35,0.05555555555555555,1,0,0.0,-0.93,0,0.05555555555555555,0,-2.11,0.16666666666666666,0",-31.88,-7.36,0.0,nan,42.1
AAUGAGGCCAACUUCACAG,GUGGCUUUGAAGACCCUCACUGUGAAGUUGGCCUCAUUGUUGGCACGGGCAGCAAUG,0.89,1,"1.6,-0.93,-6.82,0,0,-185.05,0.15789473684210525,0,0.21052631578947367,0,0,0.05555555555555555,-1.1,0.0,0,0,0.05555555555555555,-2.08,0,0.05555555555555555,0,-0.93,0.05555555555555555,0",-33.15,-9.78,1.6,nan,47.4
UUGAGCGGCCUAAAAGUUC,GAUGGGAUAUGAGCCAGAAGAACUUUUAGGCCGCUCAAUUUAUGAAUAUUAUCAUGC,0.23,0,"1.87,-0.93,-6.82,1,0,-179.79999999999995,0.2631578947368421,1,0.2631578947368421,0,0,0.05555555555555555,-2.11,0.05555555555555555,1,0,0.05555555555555555,-2.35,0,0.1111111111111111,0,-0.93,0.1111111111111111,0",-32.45,-11.04,1.87,nan,47.4
UAAACAUAUCAUGAUGAGU,CUCUGAUCAUCUGACCAAAACUCAUCAUGAUAUGUUUACUAAAGGACAAGUCACCAC,0.63,0,"0.46,-1.33,-7.69,1,0,-167.85,0.3157894736842105,0,0.15789473684210525,0,0,0.0,-0.93,0.1111111111111111,0,0,0.0,-2.24,0,0.0,0,-2.35,0.0,0",-25.98,-3.65,0.46,nan,26.3
AACAAUAUUCACUGGGACU,AAGUUCACCUGAGCCUAAUAGUCCCAGUGAAUAUUGUUUUUAUGUGGAUAGUGAUAU,0.81,1,"0.7,-0.93,-6.82,0,0,-174.0,0.2631578947368421,0,0.15789473684210525,0,0,0.1111111111111111,-2.24,0.05555555555555555,0,0,0.0,-2.08,0,0.0,0,-2.11,0.05555555555555555,0",-29.76,-3.82,0.7,nan,36.8
AACAACAUCGAUUUCUUCC,AGGAGGAACAAGAAGAUGAGGAAGAAAUCGAUGUUGUUUCUGUGGAAAAGAGGCAGG,0.8,1,"2.33,-0.93,-6.82,0,0,-173.47999999999996,0.3157894736842105,0,0.05263157894736842,0,0,0.0,-2.24,0.0,0,0,0.05555555555555555,-3.26,0,0.0,0,-0.93,0.16666666666666666,0",-28.11,-5.74,2.33,nan,36.8
UCAAACUCCUCUCGCCGGU,CUGCUGAAGGAAGCGAUCCACCGGCGAGAGGAGUUUGACCUGGAUGUGGUUGCUGUG,0.88,1,"-0.11,-2.35,-12.44,1,0,-193.35999999999999,0.2631578947368421,0,0.15789473684210525,0,0,0.05555555555555555,-2.11,0.0,0,0,0.1111111111111111,-2.24,0,0.05555555555555555,0,-2.36,0.0,0",-37.02,-6.55,-0.11,nan,57.9
AUGAUGCUGUCGUCACAGG,CACUUAGGGCUUGAGAGCACCUGUGACGACAGCAUCAUUGUUAAGGAGGUGUGCACU,0.86,1,"2.16,-1.1,-9.38,0,0,-195.01999999999998,0.2631578947368421,0,0.3157894736842105,0,0,0.05555555555555555,-2.11,0.0,1,0,0.0,-3.26,0,0.05555555555555555,0,-2.35,0.0,0",-35.18,-8.18,2.16,nan,52.6
AUGCUGUCGUCACAGGUGC,CAACACUUAGGGCUUGAGAGCACCUGUGACGACAGCAUCAUUGUUAAGGAGGUGUGC,0.89,1,"2.32,-1.1,-9.38,0,0,-199.48,0.2631578947368421,0,0.3157894736842105,0,0,0.05555555555555555,-2.11,0.0,1,0,0.0,-3.42,0,0.1111111111111111,0,-2.11,0.0,0",-37.39,-9.77,2.32,nan,57.9
UUUAGUCUGGUGGCAGGGG,UGGGUUUUACCUUCUCGUUCCCCUGCCACCAGACUAAACUAGACGAGAGUUUCCUGG,0.39,0,"2.33,-0.93,-6.82,1,0,-193.82999999999998,0.3157894736842105,1,0.47368421052631576,0,0,0.2777777777777778,-0.93,0.05555555555555555,1,0,0.0,-3.26,0,0.05555555555555555,0,-3.42,0.1111111111111111,0",-37.77,-6.02,2.33,nan,57.9
UGAGUCAUUUUCAUAUCUG,CUUAAACCGGUUGAAUCUUCAGAUAUGAAAAUGACUCAGCUAUUCACCAAAGUUGAA,0.53,0,"0.9,-2.11,-10.44,1,0,-172.83999999999995,0.47368421052631576,0,0.15789473684210525,0,0,0.0,-2.35,0.05555555555555555,0,0,0.0,-2.11,0,0.0,0,-1.1,0.16666666666666666,0",-27.12,-7.69,0.9,nan,31.6
UCUUCUCCUAACUGCGACC,GCUGAUAUUUUCAUCAAUGGGUCGCAGUUAGGAGAAGAUUUUAUUCAAUUGCAUAAA,0.89,1,"1.36,-2.35,-12.44,1,0,-191.22000000000003,0.3157894736842105,0,0.10526315789473684,0,0,0.0,-2.08,0.05555555555555555,0,0,0.1111111111111111,-3.26,0,0.05555555555555555,0,-2.11,0.05555555555555555,0",-35.26,-8.96,1.36,nan,52.6
UUCUGUUCACUAGAUUUGC,UGGAAACGUGUAAAAGGAUGCAAAUCUAGUGAACAGAAUGGAAUGGAGCAAAAGACA,0.87,1,"2.49,-0.93,-6.82,1,0,-174.78,0.47368421052631576,1,0.15789473684210525,0,0,0.0,-2.35,0.05555555555555555,1,0,0.0,-3.42,0,0.05555555555555555,0,-2.35,0.2222222222222222,0",-29.13,-7.52,2.49,nan,36.8
AACUAUAUGAGAAAGCUGG,AGGAAGUUCACUGGGCUUGCCAGCUUUCUCAUAUAGUUUUUUUGUGAUAAGAAAUGC,0.95,1,"2.33,-0.93,-6.82,0,0,-174.62,0.21052631578947367,0,0.2631578947368421,0,0,0.05555555555555555,-2.24,0.1111111111111111,0,0,0.0,-3.26,0,0.05555555555555555,0,-0.93,0.0,0",-29.27,-4.19,2.33,nan,36.8
AAGGACUAGGUGUCUGAUC,UACCAUGCCCCAGAUUCAGGAUCAGACACCUAGUCCUUCCGAUGGAAGCACUAGACA,0.84,1,"1.87,-0.93,-6.82,0,0,-190.1,0.2631578947368421,0,0.3157894736842105,0,0,0.1111111111111111,-2.08,0.05555555555555555,0,0,0.0,-2.35,0,0.0,0,-2.35,0.0,0",-34.0,-8.35,1.87,nan,47.4
UUAUUGGUGUUUGACACCG,CUCCUCUGAAGCAAAUUCUCGGUGUCAAACACCAAUAAAGAUGAAGCCAAAUAUUGA,0.37,0,"1.43,-0.93,-6.82,1,0,-174.24,0.42105263157894735,1,0.2631578947368421,0,0,0.05555555555555555,-1.33,0.05555555555555555,1,0,0.05555555555555555,-2.36,0,0.0,0,-2.35,0.2222222222222222,0",-30.24,-5.98,1.43,nan,42.1
GGUGGGUAAUGGAGACAUU,UACAGAAUAUAAAUUUGGCAAUGUCUCCAUUACCCACCGCUGAAACGCCAAAGCCAC,0.28,0,"-2.33,-3.26,-13.39,0,1,-187.2,0.2631578947368421,0,0.42105263157894735,1,0,0.2222222222222222,-2.24,0.05555555555555555,0,0,0.0,-0.93,0,0.0,0,-2.08,0.05555555555555555,0",-33.72,-9.9,-2.33,nan,47.4
UUCAAUGUCUGAGAUGUCU,CCGGUCGCUUUGAGACCAAAGACAUCUCAGACAUUGAAGGGGAGAAGGAUGGCAUCC,0.75,1,"0.7,-0.93,-6.82,1,0,-179.54999999999998,0.42105263157894735,1,0.21052631578947367,0,0,0.0,-2.35,0.0,1,0,0.0,-2.08,0,0.0,0,-2.35,0.05555555555555555,0",-29.98,-5.85,0.7,nan,36.8
UUGCGGAACCGCUUAGAGA,GAUGAGACCCUCUUGGAGAUCUCUAAGCGGUUCCGCAAGGAGAUGGAGAAAGGGCUU,0.53,0,"0.97,-0.93,-6.82,1,0,-185.51999999999998,0.21052631578947367,1,0.3157894736842105,0,0,0.05555555555555555,-2.11,0.05555555555555555,1,0,0.05555555555555555,-2.35,0,0.1111111111111111,0,-0.93,0.1111111111111111,1",-34.85,-9.44,0.97,nan,52.6
UUGAACAGAAAGCUGCACA,AAAGUGUAUGAUAAAUACAUGUGCAGCUUUCUGUUCAACUUGAACAAUGAUUUUGUG,0.84,1,"0.73,-0.93,-6.82,1,0,-177.30999999999997,0.15789473684210525,1,0.21052631578947367,0,0,0.0,-2.11,0.0,1,0,0.0,-2.11,0,0.1111111111111111,0,-2.08,0.05555555555555555,1",-31.54,-7.28,0.73,nan,42.1
UCAACUUUGGUGAAUAGCU,UCAGAUAUGAAAAUGACUCAGCUAUUCACCAAAGUUGAAUCAGAAGAUACAAGUAGC,0.84,1,"-0.27,-2.35,-12.44,1,0,-172.00999999999996,0.3684210526315789,0,0.21052631578947367,0,0,0.05555555555555555,-2.11,0.05555555555555555,0,0,0.0,-2.08,0,0.05555555555555555,0,-0.93,0.1111111111111111,0",-29.59,-4.68,-0.27,nan,36.8
UACUGGUCAACCUUCUGCA,GAGCUCAACCAUGACCAAGUGCAGAAGGUUGACCAGUAUCUCUACCACAUGCGCCUC,0.75,1,"0.33,-1.33,-7.69,1,0,-184.21999999999997,0.3157894736842105,0,0.15789473684210525,0,0,0.05555555555555555,-2.24,0.05555555555555555,0,0,0.05555555555555555,-2.11,0,0.05555555555555555,0,-0.93,0.05555555555555555,1",-34.24,-9.74,0.33,nan,47.4
CUAACUGCGACCCAUUGAU,UAAGAAGGCUGAUAUUUUCAUCAAUGGGUCGCAGUUAGGAGAAGAUUUUAUUCAAUU,0.42,0,"-1.43,-2.08,-10.48,0,0,-185.01999999999998,0.2631578947368421,0,0.15789473684210525,0,0,0.0,-1.33,0.05555555555555555,1,1,0.1111111111111111,-1.1,0,0.05555555555555555,0,-2.11,0.05555555555555555,0",-32.82,-7.57,-1.43,nan,47.4
UUAGGGUACACUUCAUUCU,ACAGCGAAGCUUUUUUCUCAGAAUGAAGUGUACCCUAACUAGCCGAGGAAGAACUAU,0.77,1,"0.7,-0.93,-6.82,1,0,-172.34999999999997,0.42105263157894735,1,0.15789473684210525,0,0,0.1111111111111111,-1.33,0.1111111111111111,1,0,0.0,-2.08,0,0.0,0,-2.35,0.16666666666666666,0",-29.96,-8.51,0.7,nan,36.8
AAUAUUCAUAAAUUGAGCG,GCCAGAAGAACUUUUAGGCCGCUCAAUUUAUGAAUAUUAUCAUGCUUUGGACUCUGA,0.87,1,"1.43,-0.93,-6.82,0,0,-161.42999999999995,0.3157894736842105,0,0.15789473684210525,0,0,0.0,-1.1,0.1111111111111111,0,0,0.0,-2.36,0,0.05555555555555555,0,-0.93,0.1111111111111111,0",-23.95,-3.93,1.43,nan,26.3
GAGAUUGCCAGUAACUUCU,GGAAUCAACCUUUGAAGAGAGAAGUUACUGGCAAUCUCAAGUCAACCAGGAUAUUUG,0.93,1,"-1.17,-2.35,-12.44,0,1,-181.39,0.3157894736842105,0,0.21052631578947367,0,0,0.0,-2.08,0.05555555555555555,0,0,0.05555555555555555,-2.08,0,0.05555555555555555,0,-0.93,0.1111111111111111,0",-31.43,-7.45,-1.17,nan,42.1
UUCACUGUCUCAUGCAUGA,CAUCCUCACUUUGCCAAAGUCAUGCAUGAGACAGUGAAGGACCUGGCUCCGAAAUGU,0.9,1,"0.97,-0.93,-6.82,1,0,-185.57,0.3684210526315789,1,0.15789473684210525,0,0,0.0,-2.35,0.0,1,0,0.0,-2.35,0,0.05555555555555555,0,-2.11,0.05555555555555555,1",-32.26,-8.14,0.97,nan,42.1
AAUUUGAAGGCAGUCUGUC,UUAAAUUCUUGGCUAUUACGACAGACUGCCUUCAAAUUUUAGCUUAUGGCAACCAAG,0.89,1,"1.87,-0.93,-6.82,0,0,-180.48,0.3157894736842105,0,0.2631578947368421,0,0,0.05555555555555555,-1.1,0.0,0,0,0.0,-2.35,0,0.05555555555555555,0,-2.24,0.1111111111111111,0",-31.06,-3.36,1.87,nan,42.1
CAGCGGCUGGGGCCAGCAA,GGAACCUGAUGCUUUAACUUUGCUGGCCCCAGCCGCUGGAGACACAAUCAUAUCUUU,0.31,0,"-1.63,-2.11,-10.44,0,0,-209.79999999999998,0.05263157894736842,0,0.42105263157894735,0,0,0.2222222222222222,-2.08,0.0,0,1,0.05555555555555555,-0.93,0,0.2222222222222222,0,-3.26,0.0,1",-43.41,-11.63,-1.63,nan,73.7
AGAGAUAGCCAAUAAUCAG,GAAAACUUCGAUCCUUUACCUGAUUAUUGGCUAUCUCUUCUGUUCAAGAAAUUGGUG,0.92,1,"0.9,-2.08,-10.48,0,0,-178.21999999999997,0.15789473684210525,0,0.21052631578947367,0,0,0.0,-2.35,0.1111111111111111,0,0,0.05555555555555555,-2.08,0,0.05555555555555555,0,-1.33,0.0,0",-29.55,-7.2,0.9,nan,36.8
CCAAGGCUUUCAAAUAAAA,GAAAGCACAGAUGAAUUGCUUUUAUUUGAAAGCCUUGGAUGGUUUUGUUAUGGUUCU,0.14,0,"-2.33,-3.26,-13.39,0,0,-160.23999999999995,0.21052631578947367,0,0.10526315789473684,0,0,0.05555555555555555,-2.11,0.05555555555555555,0,1,0.05555555555555555,-0.93,1,0.05555555555555555,0,-0.93,0.1111111111111111,1",-26.0,-9.34,-2.33,nan,31.6
UUGUCCGUUACUUUCACCC,ACCAACUUCCGUGUGCUUUGGGUGAAAGUAACGGACAAUGGGCUCCAGAAGGUGGAG,0.61,0,"2.33,-0.93,-6.82,1,0,-180.29000000000002,0.42105263157894735,1,0.10526315789473684,0,0,0.0,-2.11,0.05555555555555555,1,0,0.16666666666666666,-3.26,0,0.0,0,-0.93,0.2222222222222222,0",-32.61,-9.57,2.33,nan,47.4
UUUGACUCAAAGCGACAGA,AAGAAGCCCUAACGUGUUAUCUGUCGCUUUGAGUCAAAGAACUACAGUUCCUGAGGA,0.75,1,"0.97,-0.93,-6.82,1,0,-177.06999999999996,0.21052631578947367,1,0.21052631578947367,0,0,0.0,-0.93,0.0,1,0,0.0,-2.35,0,0.05555555555555555,0,-2.36,0.1111111111111111,1",-30.96,-7.52,0.97,nan,42.1
UACAGAGUUAAAUCUCCUU,GACAAUCCAAGGUAUAAAGAAGGAGAUUUAACUCUGUAUGCCAUAAACCUCCAUAAU,0.61,0,"-0.4,-1.33,-7.69,1,0,-166.85999999999999,0.3684210526315789,0,0.10526315789473684,0,0,0.0,-2.24,0.1111111111111111,0,0,0.05555555555555555,-0.93,0,0.0,0,-2.35,0.1111111111111111,0",-27.71,-8.11,-0.4,nan,31.6
UGGAGUGGACCUCACAAAG,CAGUGAAGAUGCUGCCCACCUUUGUGAGGUCCACUCCAGAUGGGACAGAACACGGAG,0.59,0,"0.87,-2.11,-10.44,1,0,-191.2,0.15789473684210525,0,0.3157894736842105,0,0,0.1111111111111111,-3.26,0.0,0,0,0.05555555555555555,-2.08,0,0.0,0,-2.11,0.0,0",-35.55,-11.21,0.87,nan,52.6
UCAUCUGUGCUUUCAUGUC,UGAUUUGGAUAUUGAAGAUGACAUGAAAGCACAGAUGAAUUGCUUUUAUUUGAAAGC,0.69,0,"0.9,-2.35,-12.44,1,0,-185.67,0.47368421052631576,0,0.15789473684210525,0,0,0.0,-2.11,0.0,0,0,0.0,-2.35,0,0.05555555555555555,0,-2.35,0.1111111111111111,0",-31.53,-7.45,0.9,nan,42.1
UAACCAGACCUUCUUGCCA,UGGUUGAGAGCACCAGGCCUGGCAAGAAGGUCUGGUUAGGAGAAACAAGCUCUGCAU,0.33,0,"0.33,-1.33,-7.69,1,0,-182.59000000000003,0.2631578947368421,0,0.10526315789473684,0,0,0.0,-0.93,0.05555555555555555,0,0,0.16666666666666666,-2.11,0,0.05555555555555555,0,-2.08,0.1111111111111111,1",-34.08,-7.98,0.33,nan,47.4
UUUCAUCCACUAAAUGGUA,AUUCUUUGGAGCAGGAAACUACCAUUUAGUGGAUGAAAACUUCGAUCCUUUACCUGA,0.63,0,"0.4,-0.93,-6.82,1,0,-166.63000000000002,0.3684210526315789,1,0.10526315789473684,0,0,0.05555555555555555,-0.93,0.1111111111111111,1,0,0.05555555555555555,-1.33,0,0.0,0,-0.93,0.1111111111111111,1",-27.7,-7.56,0.4,nan,31.6
UGAGACUAGAGAGAAGCGG,GGACCCCGGCGAUUGCCGCCCGCUUCUCUCUAGUCUCACGAGGGGUUUCCCGCCUCG,0.68,0,"1.6,-2.11,-10.44,1,0,-193.01,0.10526315789473684,0,0.42105263157894735,0,0,0.05555555555555555,-2.35,0.05555555555555555,0,0,0.0,-3.26,0,0.05555555555555555,0,-2.35,0.0,0",-35.34,-7.89,1.6,nan,52.6
AGAGUCGAGAGCUCUAGCA,XXXXXXXXXXXXXXXXXAGUGCUAGAGCUCUCGACUCUCCGCUGCGCGGCAGCUGGC,0.73,1,"0.03,-2.08,-10.48,0,0,-194.43999999999997,0.15789473684210525,0,0.3157894736842105,0,0,0.0,-2.35,0.05555555555555555,0,0,0.0,-2.11,0,0.1111111111111111,0,-2.35,0.0,1",-36.2,-9.19,0.03,nan,52.6
UAGAGUUAGACCAUUGAGU,UACUUUCCAAAUCUGUCCAACUCAAUGGUCUAACUCUAAAGAUGGUGGAUGAUCAAA,0.91,1,"0.46,-1.33,-7.69,1,0,-175.05999999999997,0.3157894736842105,0,0.2631578947368421,0,0,0.0,-2.08,0.1111111111111111,0,0,0.05555555555555555,-2.24,0,0.0,0,-1.1,0.1111111111111111,0",-30.2,-6.02,0.46,nan,36.8
AGAGCUUCUUGAGUAGGUG,AGAAAAAGUUCAAGAACAGCACCUACUCAAGAAGCUCUGUAGAUGUGCUAUACACUU,0.85,1,"0.93,-2.08,-10.48,0,0,-186.15,0.3157894736842105,0,0.3684210526315789,0,0,0.05555555555555555,-2.35,0.05555555555555555,0,0,0.0,-2.11,0,0.05555555555555555,0,-2.24,0.1111111111111111,0",-33.56,-9.12,0.93,nan,47.4
UCGCCUUCCACCAUGUCGA,AUGGAAGAGAUGCGCCACAUCGACAUGGUGGAAGGCGAUGAGGGGCGGAUGUGUAUC,0.8,1,"0.0,-2.35,-12.44,1,0,-195.84000000000003,0.2631578947368421,0,0.15789473684210525,0,0,0.0,-2.36,0.0,0,0,0.16666666666666666,-2.35,0,0.05555555555555555,0,-1.1,0.05555555555555555,1",-37.25,-10.31,0.0,nan,57.9
UUGGUGAAAUCGAUGAGAA,GGUGAGAUUGUCCGUAACAUUCUCAUCGAUUUCACCAAGCGUGGACUACUCUUCCGA,0.77,1,"0.0,-0.93,-6.82,1,0,-174.41999999999996,0.2631578947368421,1,0.3157894736842105,0,0,0.05555555555555555,-2.11,0.0,1,0,0.0,-0.93,0,0.0,0,-1.1,0.05555555555555555,1",-28.95,-8.01,0.0,nan,36.8
CACACCUCCUUAACAAUGA,AGCACCUGUGACGACAGCAUCAUUGUUAAGGAGGUGUGCACUGUGGUGGCCCGGCGG,0.71,1,"-0.66,-2.11,-10.44,0,0,-178.77999999999997,0.21052631578947367,0,0.05263157894736842,0,0,0.0,-2.24,0.05555555555555555,0,1,0.1111111111111111,-2.35,0,0.0,0,-2.24,0.05555555555555555,1",-31.22,-9.74,-0.66,nan,42.1
UUGAGUGAAAGCUCAUCCA,ACAGAAUUUGAUGUGGCUGUGGAUGAGCUUUCACUCAACCCCGGCAAGCAGAGGUUC,0.88,1,"0.73,-0.93,-6.82,1,0,-181.41999999999996,0.2631578947368421,1,0.21052631578947367,0,0,0.0,-2.11,0.0,1,0,0.05555555555555555,-2.11,0,0.05555555555555555,0,-2.35,0.05555555555555555,1",-31.9,-8.25,0.73,nan,42.1
UUGGUGAAGCUAACGUUGA,CCUCCCGCGACGAUGCCCCUCAACGUUAGCUUCACCAACAGGAACUAUGACCUCGAC,0.18,0,"0.97,-0.93,-6.82,1,0,-174.18999999999997,0.3157894736842105,1,0.3157894736842105,0,0,0.05555555555555555,-2.11,0.05555555555555555,1,0,0.0,-2.35,0,0.05555555555555555,0,-2.24,0.1111111111111111,1",-31.01,-8.01,0.97,nan,42.1
UACAACUGCAUGUUUCAGC,UGGCUGAACCAUCACAGAUGCUGAAACAUGCAGUUGUAAACUUGAUUAACUAUCAAG,0.9,1,"2.09,-1.33,-7.69,1,0,-179.75999999999996,0.3157894736842105,0,0.15789473684210525,0,0,0.0,-2.24,0.05555555555555555,0,0,0.0,-3.42,0,0.1111111111111111,0,-0.93,0.1111111111111111,0",-31.3,-7.17,2.09,nan,42.1
UGGAGAACCCAGGAGGAUG,CCACGGACCCGCGGUUCCUCAUCCUCCUGGGUUCUCCAAAGCUUCGUACCUUGGCCA,0.92,1,"0.9,-2.11,-10.44,1,0,-199.74,0.10526315789473684,0,0.42105263157894735,0,0,0.16666666666666666,-3.26,0.0,0,0,0.1111111111111111,-2.11,0,0.0,0,-2.35,0.0,0",-38.0,-9.12,0.9,nan,57.9
ACAGUGCACACCUCCUUAA,UGUGACGACAGCAUCAUUGUUAAGGAGGUGUGCACUGUGGUGGCCCGGCGGGCAGCC,0.43,0,"-0.86,-2.24,-11.4,0,0,-183.17999999999998,0.21052631578947367,0,0.10526315789473684,0,0,0.0,-2.11,0.05555555555555555,0,0,0.1111111111111111,-0.93,0,0.05555555555555555,0,-2.35,0.05555555555555555,1",-34.13,-9.53,-0.86,nan,47.4
AAGUCGUGCUGAAUAAUAC,GUGAAUUACGUUGUGAGUGGUAUUAUUCAGCACGACUUGAUUUUCUCCCUUCAACAA,0.83,1,"1.76,-0.93,-6.82,0,0,-173.70999999999998,0.2631578947368421,0,0.21052631578947367,0,0,0.0,-2.08,0.1111111111111111,0,0,0.0,-2.24,0,0.05555555555555555,0,-1.1,0.0,0",-28.69,-8.84,1.76,nan,36.8
UGGCAUACAGAGUUAAAUC,UCCAAGGUAUAAAGAAGGAGAUUUAACUCUGUAUGCCAUAAACCUCCAUAAUGUCAC,0.92,1,"1.14,-2.11,-10.44,1,0,-175.5,0.2631578947368421,0,0.21052631578947367,0,0,0.05555555555555555,-3.26,0.1111111111111111,0,0,0.0,-2.35,0,0.05555555555555555,0,-0.93,0.05555555555555555,0",-29.46,-9.37,1.14,nan,36.8
AAUGGGUUCACAAAUCAGC,CACCUAUGACCUGCUUGGUGCUGAUUUGUGAACCCAUUCCUCACCCAUCAAAUAUUG,0.9,1,"2.49,-0.93,-6.82,0,0,-180.28999999999996,0.21052631578947367,0,0.21052631578947367,0,0,0.1111111111111111,-1.1,0.0,0,0,0.0,-3.42,0,0.05555555555555555,0,-0.93,0.05555555555555555,0",-31.02,-7.91,2.49,nan,42.1
AAACACACUGUGUCCAGUU,GAUUAACUCAGUUUGAACUAACUGGACACAGUGUGUUUGAUUUUACUCAUCCAUGUG,0.77,1,"0.0,-0.93,-6.82,0,0,-176.79999999999998,0.2631578947368421,0,0.15789473684210525,0,0,0.0,-0.93,0.0,0,0,0.05555555555555555,-0.93,0,0.0,0,-2.35,0.05555555555555555,0",-31.56,-7.33,0.0,nan,42.1
UUGAGCCGCUCUGAGAUGC,GGACUACUCUUCCGAGGCCGCAUCUCAGAGCGGCUCAAGACAAGGGGCAUCUUUGAA,0.78,1,"2.49,-0.93,-6.82,1,0,-200.53999999999996,0.2631578947368421,1,0.3157894736842105,0,0,0.0,-2.11,0.0,1,0,0.05555555555555555,-3.42,0,0.16666666666666666,0,-2.35,0.05555555555555555,0",-37.42,-11.04,2.49,nan,57.9
UUUGGCAAAGUGAGGAUGU,AUGGGACCCUCUACAAGCUACAUCCUCACUUUGCCAAAGUCAUGCAUGAGACAGUGA,0.85,1,"0.86,-0.93,-6.82,1,0,-177.67,0.3157894736842105,1,0.3684210526315789,0,0,0.1111111111111111,-0.93,0.0,1,0,0.0,-2.24,0,0.05555555555555555,0,-2.08,0.1111111111111111,0",-31.55,-7.77,0.86,nan,42.1
AAACGCUGGACAUUAGUGG,CAGUUUGAUGCUGCUCAUCCCACUAAUGUCCAGCGUUUGGCUGAACCAUCACAGAUG,0.87,1,"2.33,-0.93,-6.82,0,0,-181.42000000000002,0.21052631578947367,0,0.3157894736842105,0,0,0.1111111111111111,-0.93,0.05555555555555555,0,0,0.0,-3.26,0,0.05555555555555555,0,-0.93,0.05555555555555555,0",-32.54,-8.6,2.33,nan,47.4
AUCACCACUUCUAUUCCCA,UUGGGCCUGUCAGCCCGAAUGGGAAUAGAAGUGGUGAUGAGGCAAGUAUUCUUUGGA,0.93,1,"0.56,-1.1,-9.38,0,0,-181.61,0.3157894736842105,0,0.0,0,0,0.0,-2.35,0.05555555555555555,1,0,0.16666666666666666,-2.11,0,0.0,0,-1.1,0.1111111111111111,1",-32.2,-9.77,0.56,nan,42.1
UGUGUAAGCAUUUCUCUCA,CCAUGUGACCAUGAGGAAAUGAGAGAAAUGCUUACACACAGAAAUGGCCUUGUGAAA,0.82,1,"0.0,-2.11,-10.44,1,0,-174.67999999999995,0.42105263157894735,0,0.15789473684210525,0,0,0.0,-2.24,0.05555555555555555,0,0,0.0,-2.11,0,0.05555555555555555,0,-2.35,0.1111111111111111,1",-29.86,-6.84,0.0,nan,36.8
UUAGGCCAAAGAUCAAGUC,UGCAAACUGCUCAGGACUGGACUUGAUCUUUGGCCUAAAUGCGUUAUUAAGAACAGC,0.63,0,"1.87,-0.93,-6.82,1,0,-179.72,0.21052631578947367,1,0.21052631578947367,0,0,0.05555555555555555,-1.33,0.05555555555555555,1,0,0.05555555555555555,-2.35,0,0.05555555555555555,0,-2.35,0.05555555555555555,0",-31.3,-10.47,1.87,nan,42.1
UCGCCGGUGGAUCGCUUCC,ACGUGGUGACCCUGCUGAAGGAAGCGAUCCACCGGCGAGAGGAGUUUGACCUGGAUG,0.83,1,"1.36,-2.35,-12.44,1,0,-206.19,0.2631578947368421,0,0.3157894736842105,0,0,0.1111111111111111,-2.36,0.0,0,0,0.1111111111111111,-3.26,0,0.1111111111111111,0,-2.36,0.05555555555555555,0",-40.28,-12.36,1.36,nan,68.4
UUCUGCAAAGCUAGUAUCU,GAGGAAGAACUAAAUCCAAAGAUACUAGCUUUGCAGAAUGCUCAGAGAAAGCGAAAA,0.83,1,"0.7,-0.93,-6.82,1,0,-173.48999999999998,0.3684210526315789,1,0.15789473684210525,0,0,0.0,-2.35,0.1111111111111111,1,0,0.0,-2.08,0,0.1111111111111111,0,-2.08,0.05555555555555555,0",-29.96,-8.01,0.7,nan,36.8
UCUGAUUCAACUUUGGUGA,AUGAAAAUGACUCAGCUAUUCACCAAAGUUGAAUCAGAAGAUACAAGUAGCCUCUUU,0.89,1,"0.0,-2.35,-12.44,1,0,-174.28,0.42105263157894735,0,0.21052631578947367,0,0,0.05555555555555555,-2.08,0.0,0,0,0.0,-2.35,0,0.0,0,-0.93,0.16666666666666666,1",-29.57,-6.83,0.0,nan,36.8
UCAGGUAAAGGAUCGAAGU,UACCAUUUAGUGGAUGAAAACUUCGAUCCUUUACCUGAUUAUUGGCUAUCUCUUCUG,0.95,1,"-0.11,-2.35,-12.44,1,0,-178.33999999999997,0.21052631578947367,0,0.3157894736842105,0,0,0.1111111111111111,-2.11,0.05555555555555555,0,0,0.0,-2.24,0,0.0,0,-2.35,0.0,0",-31.34,-7.41,-0.11,nan,42.1
AUCAGAGAGGCGCAUGUGG,AGGUUGACCAGUAUCUCUACCACAUGCGCCUCUCUGAUGAGACCCUCUUGGAGAUCU,0.72,1,"2.16,-1.1,-9.38,0,0,-200.52999999999997,0.15789473684210525,0,0.42105263157894735,0,0,0.1111111111111111,-2.35,0.0,1,0,0.0,-3.26,0,0.1111111111111111,0,-2.11,0.0,0",-37.35,-8.33,2.16,nan,57.9
AAUGUGGUCAAACAGCUGG,UCAUGCGAGGCAGUGGCACCCAGCUGUUUGACCACAUUGCCGAAUGCCUGGCUAACU,0.78,1,"2.33,-0.93,-6.82,0,0,-183.96999999999997,0.21052631578947367,0,0.3157894736842105,0,0,0.1111111111111111,-1.1,0.0,0,0,0.0,-3.26,0,0.05555555555555555,0,-2.11,0.0,0",-33.07,-8.07,2.33,nan,47.4
UCUUUGGAUUUAGUUCUUC,AAGAACUACAGUUCCUGAGGAAGAACUAAAUCCAAAGAUACUAGCUUUGCAGAAUGC,0.58,0,"0.9,-2.35,-12.44,1,0,-167.08999999999997,0.5789473684210527,0,0.15789473684210525,0,0,0.05555555555555555,-2.08,0.05555555555555555,0,0,0.0,-2.35,0,0.0,0,-2.24,0.3333333333333333,0",-26.72,-7.12,0.9,nan,31.6
UUAUCUGGAAACAUUGAGG,AAAAUUUUUGAAGCCAUUUCCUCAAUGUUUCCAGAUAAGGGCACAGCAGAAGAACUA,0.83,1,"2.33,-0.93,-6.82,1,0,-174.17999999999995,0.3157894736842105,1,0.2631578947368421,0,0,0.1111111111111111,-1.33,0.05555555555555555,1,0,0.0,-3.26,0,0.0,0,-1.1,0.1111111111111111,0",-29.01,-7.69,2.33,nan,36.8
UGGUUCACCAUGUCUCCUC,AUGGUGACCGAGCUGCUGGGAGGAGACAUGGUGAACCAGAGUUUCAUCUGCGACCCG,0.36,0,"1.14,-2.11,-10.44,1,0,-195.72,0.3684210526315789,0,0.15789473684210525,0,0,0.05555555555555555,-3.26,0.0,0,0,0.1111111111111111,-2.35,0,0.0,0,-2.35,0.05555555555555555,0",-35.99,-9.04,1.14,nan,52.6
AUUUAGGCCAAAGAUCAAG,CAAACUGCUCAGGACUGGACUUGAUCUUUGGCCUAAAUGCGUUAUUAAGAACAGCAG,0.8,1,"1.43,-1.1,-9.38,0,0,-172.07999999999998,0.21052631578947367,0,0.21052631578947367,0,0,0.05555555555555555,-0.93,0.05555555555555555,1,0,0.05555555555555555,-2.08,0,0.05555555555555555,0,-2.35,0.1111111111111111,0",-28.74,-7.41,1.43,nan,36.8
UCAGUUUCUGUGUCGUUGC,AUAUCUUUAGAUUUUGGCAGCAACGACACAGAAACUGAUGACCAGCAACUUGAGGAA,0.88,1,"1.52,-2.35,-12.44,1,0,-184.29,0.47368421052631576,0,0.2631578947368421,0,0,0.0,-2.11,0.0,0,0,0.0,-3.42,0,0.05555555555555555,0,-2.35,0.16666666666666666,0",-32.64,-6.55,1.52,nan,47.4
AUUCUGCAAAGCUAGUAUC,AGGAAGAACUAAAUCCAAAGAUACUAGCUUUGCAGAAUGCUCAGAGAAAGCGAAAAA,0.88,1,"1.7,-1.1,-9.38,0,0,-176.10999999999999,0.3157894736842105,0,0.15789473684210525,0,0,0.0,-0.93,0.1111111111111111,1,0,0.0,-2.35,0,0.1111111111111111,0,-1.33,0.05555555555555555,0",-29.43,-8.01,1.7,nan,36.8
UUCUGCUGCCUUGUAUAGG,UGAUUGUGAAGUUAAUGCUCCUAUACAAGGCAGCAGAAACCUACUGCAGGGUGAAGA,0.38,0,"2.33,-0.93,-6.82,1,0,-184.69,0.42105263157894735,1,0.2631578947368421,0,0,0.05555555555555555,-2.35,0.1111111111111111,1,0,0.05555555555555555,-3.26,0,0.1111111111111111,0,-2.24,0.1111111111111111,0",-33.68,-9.61,2.33,nan,47.4
UGUUUCUCCUAACCAGACC,GCACCAGGCCUGGCAAGAAGGUCUGGUUAGGAGAAACAAGCUCUGCAUAUGGAGGCG,0.75,1,"1.6,-2.11,-10.44,1,0,-184.82999999999998,0.3157894736842105,0,0.10526315789473684,0,0,0.0,-2.24,0.05555555555555555,0,0,0.16666666666666666,-3.26,0,0.0,0,-3.26,0.1111111111111111,0",-33.59,-6.79,1.6,nan,47.4
AUCUCCAAGUCUAAAUCUG,CCAUUUUCUACUCAGGACACAGAUUUAGACUUGGAGAUGUUAGCUCCCUAUAUCCCA,0.89,1,"1.46,-1.1,-9.38,0,0,-176.92999999999998,0.3157894736842105,0,0.10526315789473684,0,0,0.0,-2.35,0.05555555555555555,1,0,0.05555555555555555,-2.11,0,0.0,0,-0.93,0.0,0",-29.22,-8.09,1.46,nan,36.8
CAGUGCACACCUCCUUAAC,CUGUGACGACAGCAUCAUUGUUAAGGAGGUGUGCACUGUGGUGGCCCGGCGGGCAGC,0.56,0,"0.13,-2.11,-10.44,0,0,-190.62,0.21052631578947367,0,0.10526315789473684,0,0,0.0,-2.08,0.05555555555555555,0,1,0.1111111111111111,-2.24,0,0.05555555555555555,0,-3.26,0.05555555555555555,0",-35.03,-9.66,0.13,nan,52.6
UAACUGUGCUUUGAGGACU,CGCAAGCCCUGAAAGCGCAAGUCCUCAAAGCACAGUUACAGUAUUCCAGCAGACUCA,0.91,1,"0.3,-1.33,-7.69,1,0,-177.69,0.3684210526315789,0,0.2631578947368421,0,0,0.05555555555555555,-0.93,0.05555555555555555,0,0,0.0,-2.08,0,0.05555555555555555,0,-2.35,0.1111111111111111,0",-31.88,-7.17,0.3,nan,42.1
AAUUUAUCCAGCCACAUAA,GACACCUUUGCAGCUGGCUUUAUGUGGCUGGAUAAAUUGGGCCUGUCAGCCCGAAUG,0.5,0,"0.0,-0.93,-6.82,0,0,-167.04999999999998,0.2631578947368421,0,0.05263157894736842,0,0,0.0,-1.1,0.1111111111111111,0,0,0.1111111111111111,-0.93,0,0.05555555555555555,0,-2.11,0.1111111111111111,1",-27.63,-3.2,0.0,nan,31.6
UUGUCUUGAGCCGCUCUGA,ACUCUUCCGAGGCCGCAUCUCAGAGCGGCUCAAGACAAGGGGCAUCUUUGAAACCAA,0.86,1,"0.97,-0.93,-6.82,1,0,-190.77999999999997,0.3684210526315789,1,0.2631578947368421,0,0,0.0,-2.11,0.0,1,0,0.05555555555555555,-2.35,0,0.1111111111111111,0,-3.42,0.1111111111111111,1",-35.62,-7.28,0.97,nan,52.6
UUUCUCCUAACCAGACCUU,GAGCACCAGGCCUGGCAAGAAGGUCUGGUUAGGAGAAACAAGCUCUGCAUAUGGAGG,0.58,0,"0.0,-0.93,-6.82,1,0,-176.56999999999996,0.3684210526315789,1,0.05263157894736842,0,0,0.0,-0.93,0.05555555555555555,1,0,0.16666666666666666,-0.93,0,0.0,0,-2.08,0.16666666666666666,0",-31.8,-8.06,0.0,nan,42.1
AAGGGAGAAAAUCAAGUCG,UGAGUGGUAUUAUUCAGCACGACUUGAUUUUCUCCCUUCAACAAACAGAAUGUGUCC,0.87,1,"1.43,-0.93,-6.82,0,0,-176.60999999999996,0.10526315789473684,0,0.3157894736842105,0,0,0.1111111111111111,-2.08,0.0,0,0,0.0,-2.36,0,0.0,0,-2.11,0.0,0",-30.08,-10.39,1.43,nan,42.1
UGUUGCAGACUUUAUGUUC,CUAGCCGAGGAAGAACUAUGAACAUAAAGUCUGCAACAUGGAAGGUAUUGCACUGCA,0.55,0,"1.14,-2.11,-10.44,1,0,-173.7,0.47368421052631576,0,0.21052631578947367,0,0,0.0,-2.24,0.05555555555555555,0,0,0.0,-2.35,0,0.05555555555555555,0,-1.33,0.2222222222222222,0",-29.05,-8.8,1.14,nan,36.8
UUCUUGUAGACGGAACCGU,CGCUCUACUAUUGGGGUCGACGGUUCCGUCUACAAGAAACACCCCCAUUUUGCCAAG,0.76,1,"0.86,-0.93,-6.82,1,0,-179.48,0.3157894736842105,1,0.2631578947368421,0,0,0.05555555555555555,-2.35,0.05555555555555555,1,0,0.05555555555555555,-2.24,0,0.0,0,-2.35,0.1111111111111111,0",-32.65,-6.05,0.86,nan,47.4
UCUACAGAGCUUCUUGAGU,AAGUUCAAGAACAGCACCUACUCAAGAAGCUCUGUAGAUGUGCUAUACACUUUUGCA,0.49,0,"-0.11,-2.35,-12.44,1,0,-181.47999999999996,0.3684210526315789,0,0.21052631578947367,0,0,0.0,-2.08,0.05555555555555555,0,0,0.0,-2.24,0,0.05555555555555555,0,-2.08,0.1111111111111111,0",-32.2,-7.65,-0.11,nan,42.1
AAUAGCUGAGUCAUUUUCA,CCGGUUGAAUCUUCAGAUAUGAAAAUGACUCAGCUAUUCACCAAAGUUGAAUCAGAA,0.81,1,"0.73,-0.93,-6.82,0,0,-169.04,0.3684210526315789,0,0.15789473684210525,0,0,0.0,-1.1,0.05555555555555555,0,0,0.0,-2.11,0,0.05555555555555555,0,-1.1,0.16666666666666666,1",-27.54,-7.58,0.73,nan,31.6
UAAAUCUGUGUCCUGAGUA,AAGCAAAGAACCCAUUUUCUACUCAGGACACAGAUUUAGACUUGGAGAUGUUAGCUC,0.8,1,"0.0,-1.33,-7.69,1,0,-175.02,0.3684210526315789,0,0.21052631578947367,0,0,0.0,-0.93,0.1111111111111111,0,0,0.05555555555555555,-1.33,0,0.0,0,-2.08,0.0,1",-30.23,-4.96,0.0,nan,36.8
UGUCGGAUAGCAAGGGCGC,CUCUGCAUAUGGAGGCGGAGCGCCCUUGCUAUCCGACACCUUUGCAGCUGGCUUUAU,0.9,1,"1.76,-2.11,-10.44,1,0,-200.76999999999992,0.15789473684210525,0,0.42105263157894735,0,0,0.16666666666666666,-2.24,0.05555555555555555,0,0,0.0,-3.42,0,0.16666666666666666,0,-2.08,0.0,0",-38.9,-9.12,1.76,nan,63.2
UAACUGGAAGUCAUCAUCC,UAGCUCCCUAUAUCCCAAUGGAUGAUGACUUCCAGUUACGUUCCUUCGAUCAGUUGU,0.91,1,"1.93,-1.33,-7.69,1,0,-184.38,0.2631578947368421,0,0.15789473684210525,0,0,0.05555555555555555,-0.93,0.05555555555555555,0,0,0.05555555555555555,-3.26,0,0.0,0,-1.1,0.0,0",-31.74,-7.98,1.93,nan,42.1
UUGAGUUUCAACCCAGACA,UUGCCAAAAGAGGUGGAUAUGUCUGGGUUGAAACUCAAGCAACUGUCAUAUAUAACA,0.8,1,"0.73,-0.93,-6.82,1,0,-177.25,0.2631578947368421,1,0.15789473684210525,0,0,0.0,-2.11,0.0,1,0,0.1111111111111111,-2.11,0,0.0,0,-3.26,0.16666666666666666,1",-31.62,-5.65,0.73,nan,42.1
UCUUUUCGACGUUCAGAAC,AACGACAAGAAAAAGAUAAGUUCUGAACGUCGAAAAGAAAAGUCUCGAGAUGCAGCC,0.73,1,"0.79,-2.35,-12.44,1,0,-175.85,0.3684210526315789,0,0.15789473684210525,0,0,0.0,-2.08,0.0,0,0,0.0,-2.24,0,0.0,0,-2.35,0.2222222222222222,0",-29.57,-5.49,0.79,nan,42.1
AUACGGUCUUUUGUCACUG,ACCACUGAUGAAUUAAAAACAGUGACAAAAGACCGUAUGGAAGACAUUAAAAUAUUG,0.84,1,"1.46,-1.1,-9.38,0,0,-176.98999999999998,0.42105263157894735,0,0.21052631578947367,0,0,0.05555555555555555,-1.33,0.05555555555555555,1,0,0.0,-2.11,0,0.0,0,-2.24,0.16666666666666666,0",-30.45,-9.24,1.46,nan,42.1
UUGAGAAGAAUCUCAGCCC,CCACUGCCCGAGUGGAGCCGGGCUGAGAUUCUUCUCAAGUUGAGCCUCAGUGAUCCU,0.74,1,"2.33,-0.93,-6.82,1,0,-189.16999999999996,0.21052631578947367,1,0.21052631578947367,0,0,0.0,-2.11,0.0,1,0,0.1111111111111111,-3.26,0,0.05555555555555555,0,-2.35,0.05555555555555555,0",-33.58,-7.36,2.33,nan,47.4
UCAUCACCACUUCUAUUCC,GGGCCUGUCAGCCCGAAUGGGAAUAGAAGUGGUGAUGAGGCAAGUAUUCUUUGGAGC,0.89,1,"1.36,-2.35,-12.44,1,0,-184.38,0.3684210526315789,0,0.0,0,0,0.0,-2.11,0.05555555555555555,0,0,0.1111111111111111,-3.26,0,0.0,0,-2.08,0.1111111111111111,0",-31.74,-9.08,1.36,nan,42.1
AAAGUGAGGAUGUAGCUUG,GUGUGGAUGGGACCCUCUACAAGCUACAUCCUCACUUUGCCAAAGUCAUGCAUGAGA,0.89,1,"1.63,-0.93,-6.82,0,0,-179.38999999999996,0.2631578947368421,0,0.3684210526315789,0,0,0.05555555555555555,-0.93,0.05555555555555555,0,0,0.0,-2.11,0,0.05555555555555555,0,-1.33,0.05555555555555555,0",-31.19,-7.25,1.63,nan,42.1
CAUACAGAGUUAAAUCUCC,CAAUCCAAGGUAUAAAGAAGGAGAUUUAACUCUGUAUGCCAUAAACCUCCAUAAUGU,0.46,0,"0.7,-2.11,-10.44,0,0,-176.82,0.2631578947368421,0,0.10526315789473684,0,0,0.0,-1.1,0.1111111111111111,0,1,0.05555555555555555,-3.26,0,0.0,0,-0.93,0.05555555555555555,0",-28.81,-6.22,0.7,nan,36.8
AAAGGUGUCGGAUAGCAAG,CAUAUGGAGGCGGAGCGCCCUUGCUAUCCGACACCUUUGCAGCUGGCUUUAUGUGGC,0.71,1,"1.6,-0.93,-6.82,0,0,-182.49999999999997,0.15789473684210525,0,0.3684210526315789,0,0,0.1111111111111111,-0.93,0.05555555555555555,0,0,0.0,-2.08,0,0.05555555555555555,0,-1.33,0.0,0",-32.62,-7.87,1.6,nan,47.4
UGUCGACUGAGGAAAGUCU,GAAAUUCCUUUAGAUAGCAAGACUUUCCUCAGUCGACACAGCCUGGAUAUGAAAUUU,0.89,1,"-0.03,-2.11,-10.44,1,0,-185.81999999999996,0.2631578947368421,0,0.3157894736842105,0,0,0.05555555555555555,-2.24,0.0,0,0,0.0,-2.08,0,0.0,0,-0.93,0.0,0",-33.5,-9.08,-0.03,nan,47.4
GCCCCCCAUUCCAUGUUCA,GAAGAGGGGCGGAUGUGUGUGAACAUGGAAUGGGGGGCCUUCGGGGACAAUGGAUGC,0.51,0,"-1.76,-3.42,-14.88,0,1,-198.32999999999998,0.2631578947368421,0,0.10526315789473684,0,1,0.0,-3.26,0.0,0,0,0.3333333333333333,-2.11,0,0.05555555555555555,0,-1.1,0.1111111111111111,1",-37.88,-13.87,-1.76,nan,57.9
UGUCACUUUGAGAGCGUCC,UACGAGAAAACCGUGGGCUGGACGCUCUCAAAGUGACAGUGGGUGUGGAUGGGACCC,0.84,1,"1.6,-2.11,-10.44,1,0,-191.94,0.3157894736842105,0,0.2631578947368421,0,0,0.0,-2.24,0.0,0,0,0.05555555555555555,-3.26,0,0.05555555555555555,0,-2.08,0.1111111111111111,0",-35.05,-7.41,1.6,nan,52.6
ACCACAGUGCACACCUCCU,GACGACAGCAUCAUUGUUAAGGAGGUGUGCACUGUGGUGGCCCGGCGGGCAGCCCAG,0.81,1,"-0.16,-2.24,-11.4,0,0,-197.08,0.15789473684210525,0,0.10526315789473684,0,0,0.0,-3.26,0.0,0,0,0.16666666666666666,-2.08,0,0.05555555555555555,0,-2.24,0.0,0",-38.55,-9.5,-0.16,nan,57.9
UUAUGUGGAAGUGGCAACU,UUUUAUGAGCUUGCUCAUCAGUUGCCACUUCCACAUAAUGUGAGUUCGCAUCUUGAU,0.89,1,"0.7,-0.93,-6.82,1,0,-177.5,0.3157894736842105,1,0.3157894736842105,0,0,0.1111111111111111,-1.33,0.05555555555555555,1,0,0.0,-2.08,0,0.05555555555555555,0,-3.26,0.05555555555555555,0",-31.84,-7.61,0.7,nan,42.1
CAAGUCUAAAUCUGUGUCC,AGAACCCAUUUUCUACUCAGGACACAGAUUUAGACUUGGAGAUGUUAGCUCCCUAUA,0.87,1,"0.7,-2.11,-10.44,0,0,-181.58999999999997,0.3157894736842105,0,0.15789473684210525,0,0,0.0,-0.93,0.05555555555555555,0,1,0.05555555555555555,-3.26,0,0.0,0,-2.11,0.0,0",-30.73,-6.02,0.7,nan,42.1
UCUACCUUCAUCCUCCUCU,GACCAGCUGCUGGAGGUCAAGAGGAGGAUGAAGGUAGAAAUGGAGCGAGGUCUGAGC,0.84,1,"-0.27,-2.35,-12.44,1,0,-189.45,0.42105263157894735,0,0.0,0,0,0.0,-2.08,0.05555555555555555,0,0,0.16666666666666666,-2.08,0,0.0,0,-2.08,0.05555555555555555,0",-34.65,-7.38,-0.27,nan,47.4
AUGUGGUAGAGAUACUGGU,GACCAAGUGCAGAAGGUUGACCAGUAUCUCUACCACAUGCGCCUCUCUGAUGAGACC,0.74,1,"0.69,-1.1,-9.38,0,0,-183.10999999999999,0.3157894736842105,0,0.3684210526315789,0,0,0.1111111111111111,-2.11,0.1111111111111111,1,0,0.0,-2.24,0,0.0,0,-1.33,0.0,0",-32.62,-8.3,0.69,nan,42.1
CAGAGUUAAAUCUCCUUCU,CUGACAAUCCAAGGUAUAAAGAAGGAGAUUUAACUCUGUAUGCCAUAAACCUCCAUA,0.9,1,"-0.93,-2.11,-10.44,0,0,-174.40999999999997,0.3684210526315789,0,0.10526315789473684,0,0,0.0,-2.08,0.05555555555555555,0,1,0.05555555555555555,-2.08,0,0.0,0,-2.35,0.1111111111111111,0",-29.02,-6.02,-0.93,nan,36.8
UUAUCCAUGAAGUUAGCCA,GACCACAUUGCCGAAUGCCUGGCUAACUUCAUGGAUAAGCUACAAAUCAAAGACAAG,0.92,1,"0.73,-0.93,-6.82,1,0,-173.76999999999998,0.3157894736842105,1,0.15789473684210525,0,0,0.0,-1.33,0.1111111111111111,1,0,0.1111111111111111,-2.11,0,0.05555555555555555,0,-0.93,0.1111111111111111,1",-30.03,-6.26,0.73,nan,36.8
UACUUGCCUCAUCACCACU,CAGCCCGAAUGGGAAUAGAAGUGGUGAUGAGGCAAGUAUUCUUUGGAGCAGGAAACU,0.88,1,"0.3,-1.33,-7.69,1,0,-186.78000000000003,0.3157894736842105,0,0.05263157894736842,0,0,0.0,-2.24,0.05555555555555555,0,0,0.1111111111111111,-2.08,0,0.05555555555555555,0,-2.11,0.05555555555555555,0",-34.41,-9.5,0.3,nan,47.4
UAUCCAGCCACAUAAAGCC,AUCCGACACCUUUGCAGCUGGCUUUAUGUGGCUGGAUAAAUUGGGCCUGUCAGCCCG,0.87,1,"1.93,-1.33,-7.69,1,0,-186.49999999999994,0.15789473684210525,0,0.10526315789473684,0,0,0.0,-1.1,0.1111111111111111,0,0,0.16666666666666666,-3.26,0,0.1111111111111111,0,-1.33,0.0,0",-33.88,-9.78,1.93,nan,47.4
UCUGGUAGUGUUCUCGGAG,CUACCAGGAGCAAUUGCUACUCCGAGAACACUACCAGAAAAAGUUCAAGAACAGCAC,0.89,1,"0.63,-2.35,-12.44,1,0,-191.35999999999999,0.3684210526315789,0,0.3684210526315789,0,0,0.1111111111111111,-2.08,0.05555555555555555,0,0,0.0,-2.08,0,0.0,0,-2.08,0.05555555555555555,0",-35.26,-9.01,0.63,nan,52.6
AUACAAUGCACUGUGGUUG,AUAUAACACCAAGAAUUCUCAACCACAGUGCAUUGUAUGUGUGAAUUACGUUGUGAG,0.86,1,"1.46,-1.1,-9.38,0,0,-179.75000000000003,0.3157894736842105,0,0.2631578947368421,0,0,0.05555555555555555,-1.33,0.05555555555555555,1,0,0.0,-2.11,0,0.05555555555555555,0,-2.24,0.05555555555555555,0",-31.23,-5.28,1.46,nan,42.1
UACUUGUAUCUUCUGAUUC,UCAGCUAUUCACCAAAGUUGAAUCAGAAGAUACAAGUAGCCUCUUUGACAAACUUAA,0.81,1,"1.47,-1.33,-7.69,1,0,-172.15,0.5263157894736842,0,0.10526315789473684,0,0,0.0,-2.24,0.1111111111111111,0,0,0.0,-2.35,0,0.0,0,-2.08,0.16666666666666666,0",-27.45,-5.94,1.47,nan,31.6
UUGAACAGAAGAGAUAGCC,GAUCCUUUACCUGAUUAUUGGCUAUCUCUUCUGUUCAAGAAAUUGGUGGGCACCAAG,0.9,1,"2.33,-0.93,-6.82,1,0,-182.42999999999995,0.15789473684210525,1,0.2631578947368421,0,0,0.0,-2.11,0.05555555555555555,1,0,0.05555555555555555,-3.26,0,0.05555555555555555,0,-2.35,0.05555555555555555,0",-31.54,-7.28,2.33,nan,42.1
ACUGCCUCGCAUGAUGUCC,AGAUCUAUGCCAUCCCUGAGGACAUCAUGCGAGGCAGUGGCACCCAGCUGUUUGACC,0.55,0,"1.47,-2.24,-11.4,0,0,-201.45,0.2631578947368421,0,0.21052631578947367,0,0,0.0,-2.08,0.0,0,0,0.1111111111111111,-3.26,0,0.1111111111111111,0,-2.35,0.0,0",-37.51,-11.21,1.47,nan,57.9
UUGGUCAUGGUUGAGCUCC,UGCUUGCCUACUUCUUCACGGAGCUCAACCAUGACCAAGUGCAGAAGGUUGACCAGU,0.67,0,"2.33,-0.93,-6.82,1,0,-193.57999999999998,0.3684210526315789,1,0.3157894736842105,0,0,0.1111111111111111,-2.11,0.0,1,0,0.05555555555555555,-3.26,0,0.05555555555555555,0,-2.35,0.1111111111111111,0",-35.75,-8.18,2.33,nan,52.6
GUUUUCAUCCACUAAAUGG,UCUUUGGAGCAGGAAACUACCAUUUAGUGGAUGAAAACUUCGAUCCUUUACCUGAUU,0.93,1,"0.57,-2.24,-11.4,0,1,-173.2,0.3684210526315789,0,0.15789473684210525,0,0,0.05555555555555555,-0.93,0.05555555555555555,1,0,0.05555555555555555,-3.26,0,0.0,0,-1.33,0.16666666666666666,0",-28.2,-3.36,0.57,nan,36.8
CUUGAGUAGGUGCUGUUCU,CACUACCAGAAAAAGUUCAAGAACAGCACCUACUCAAGAAGCUCUGUAGAUGUGCUA,0.58,0,"-0.9,-2.08,-10.48,0,0,-185.06999999999996,0.42105263157894735,0,0.3157894736842105,0,0,0.05555555555555555,-0.93,0.05555555555555555,1,1,0.0,-2.08,0,0.05555555555555555,0,-2.08,0.1111111111111111,0",-33.48,-6.05,-0.9,nan,47.4
AUCAGGGUUUAGAAAAUCU,GACGGACUGCUACCAAGGAAGAUUUUCUAAACCCUGAUGUAUUGGACAUUUUUAUUU,0.72,1,"0.53,-1.1,-9.38,0,0,-166.87999999999997,0.3157894736842105,0,0.21052631578947367,0,0,0.1111111111111111,-2.35,0.05555555555555555,1,0,0.0,-2.08,0,0.0,0,-0.93,0.1111111111111111,0",-27.35,-10.31,0.53,nan,31.6
UGAGUAGGUGCUGUUCUUG,AACACUACCAGAAAAAGUUCAAGAACAGCACCUACUCAAGAAGCUCUGUAGAUGUGC,0.79,1,"0.9,-2.11,-10.44,1,0,-185.02999999999997,0.42105263157894735,0,0.3684210526315789,0,0,0.05555555555555555,-2.35,0.05555555555555555,0,0,0.0,-2.11,0,0.05555555555555555,0,-2.24,0.1111111111111111,0",-33.51,-9.25,0.9,nan,47.4
GUAGAGAUACUGGUCAACC,ACCAUGACCAAGUGCAGAAGGUUGACCAGUAUCUCUACCACAUGCGCCUCUCUGAUG,0.85,1,"0.57,-2.24,-11.4,0,1,-189.99,0.21052631578947367,0,0.2631578947368421,0,0,0.05555555555555555,-1.33,0.1111111111111111,1,0,0.05555555555555555,-3.26,0,0.0,0,-2.24,0.0,0",-33.59,-6.3,0.57,nan,47.4
UCGCAGUAGAAAUACGGCU,CUCGACUACGACUCGGUGCAGCCGUAUUUCUACUGCGACGAGGAGGAGAACUUCUAC,0.3,0,"-0.27,-2.35,-12.44,1,0,-181.33999999999995,0.21052631578947367,0,0.2631578947368421,0,0,0.05555555555555555,-2.36,0.1111111111111111,0,0,0.0,-2.08,0,0.1111111111111111,0,-1.33,0.0,0",-32.98,-9.0,-0.27,nan,47.4
AAGGCAAGUCCAGAGGUGG,GGUUUCCCGCCUCGCACCCCCACCUCUGGACUUGCCUUUCCUUCUCUUCUCCGCGUG,0.56,0,"2.33,-0.93,-6.82,0,0,-195.67000000000002,0.10526315789473684,0,0.42105263157894735,0,0,0.16666666666666666,-2.08,0.0,0,0,0.05555555555555555,-3.26,0,0.05555555555555555,0,-2.35,0.0,0",-37.61,-9.34,2.33,nan,57.9
UUCAAACUGAGUUAAUCCC,AUAAUGUGAACAAAUACAUGGGAUUAACUCAGUUUGAACUAACUGGACACAGUGUGU,0.9,1,"2.33,-0.93,-6.82,1,0,-172.57999999999998,0.3157894736842105,1,0.10526315789473684,0,0,0.0,-2.35,0.05555555555555555,1,0,0.1111111111111111,-3.26,0,0.0,0,-1.33,0.1111111111111111,0",-28.97,-5.65,2.33,nan,36.8
UGACUUUGGCAAAGUGAGG,GACCCUCUACAAGCUACAUCCUCACUUUGCCAAAGUCAUGCAUGAGACAGUGAAGGA,0.83,1,"1.6,-2.11,-10.44,1,0,-182.48999999999995,0.2631578947368421,0,0.3684210526315789,0,0,0.1111111111111111,-2.35,0.0,0,0,0.0,-3.26,0,0.05555555555555555,0,-2.08,0.1111111111111111,0",-32.98,-6.55,1.6,nan,47.4
UGUGGUCAUCAUAACCACA,AGUUGGGACCAUGAUGACCUGUGGUUAUGAUGACCACAACUGUGAGAUUGGUCUCAU,0.05,0,"0.0,-2.11,-10.44,1,0,-182.11999999999998,0.2631578947368421,0,0.15789473684210525,0,0,0.05555555555555555,-2.24,0.05555555555555555,0,0,0.05555555555555555,-2.11,0,0.0,0,-0.93,0.0,1",-32.31,-9.77,0.0,nan,42.1
UGAUGCUGUCGUCACAGGU,ACACUUAGGGCUUGAGAGCACCUGUGACGACAGCAUCAUUGUUAAGGAGGUGUGCAC,0.85,1,"0.13,-2.11,-10.44,1,0,-193.32000000000002,0.3157894736842105,0,0.3157894736842105,0,0,0.05555555555555555,-2.35,0.0,0,0,0.0,-2.24,0,0.05555555555555555,0,-2.11,0.0,0",-35.87,-9.08,0.13,nan,52.6
UGCAUCUCGAGACUUUUCU,UAAGUUCUGAACGUCGAAAAGAAAAGUCUCGAGAUGCAGCCAGAUCUCGGCGAAGUA,0.85,1,"-0.03,-2.11,-10.44,1,0,-180.70999999999998,0.42105263157894735,0,0.15789473684210525,0,0,0.0,-3.42,0.0,0,0,0.0,-2.08,0,0.05555555555555555,0,-2.08,0.16666666666666666,0",-31.21,-9.32,-0.03,nan,42.1
UUUGCGCGCAGCCUGGUAG,UCUCAGAGAAGCUGGCCUCCUACCAGGCUGCGCGCAAAGACAGCGGCAGCCCGAACC,0.22,0,"1.6,-0.93,-6.82,1,0,-195.74,0.2631578947368421,1,0.3684210526315789,0,0,0.05555555555555555,-0.93,0.05555555555555555,1,0,0.05555555555555555,-2.08,0,0.2222222222222222,0,-2.08,0.1111111111111111,0",-38.38,-10.06,1.6,nan,63.2
AUGUCUUCUGGCGGGCACG,CCGGCUGGCCGAUCAACACCGUGCCCGCCAGAAGACAUUAGAGCAUCUGCAGCUGAG,0.73,1,"1.26,-1.1,-9.38,0,0,-200.04000000000002,0.2631578947368421,0,0.3684210526315789,0,0,0.16666666666666666,-2.11,0.0,1,0,0.0,-2.36,0,0.1111111111111111,0,-3.26,0.05555555555555555,0",-38.5,-7.52,1.26,nan,63.2
CUUGGUUUCAAAGAUGCCC,CAGAGCGGCUCAAGACAAGGGGCAUCUUUGAAACCAAGUUCUUGUCUCAGAUUGAGA,0.88,1,"0.73,-2.08,-10.48,0,0,-183.47999999999996,0.3157894736842105,0,0.21052631578947367,0,0,0.05555555555555555,-0.93,0.0,1,1,0.1111111111111111,-3.26,0,0.05555555555555555,0,-2.35,0.16666666666666666,0",-32.29,-5.41,0.73,nan,47.4
UUCGGUAAUUCUUUCAUCA,AUAUGAAAUUUUCUUAUUGUGAUGAAAGAAUUACCGAAUUGAUGGGAUAUGAGCCAG,0.91,1,"0.73,-0.93,-6.82,1,0,-166.04999999999998,0.47368421052631576,1,0.10526315789473684,0,0,0.05555555555555555,-2.35,0.05555555555555555,1,0,0.0,-2.11,0,0.0,0,-0.93,0.2222222222222222,1",-26.75,-7.48,0.73,nan,31.6
UAUUUGAUGGGUGAGGAAU,GGUGCUGAUUUGUGAACCCAUUCCUCACCCAUCAAAUAUUGAAAUUCCUUUAGAUAG,0.9,1,"-0.23,-1.33,-7.69,1,0,-175.93,0.3684210526315789,0,0.3684210526315789,0,0,0.16666666666666666,-1.1,0.05555555555555555,0,0,0.0,-1.1,0,0.0,0,-2.35,0.1111111111111111,0",-29.91,-3.53,-0.23,nan,36.8
AAUGUCGAUAUCAAAGUCC,AGGCCAUCCAGAGGAGAGGGGACUUUGAUAUCGACAUUGUGGCUGUGGUGAAUGACA,0.87,1,"2.33,-0.93,-6.82,0,0,-176.90999999999997,0.2631578947368421,0,0.15789473684210525,0,0,0.0,-1.1,0.05555555555555555,0,0,0.05555555555555555,-3.26,0,0.0,0,-0.93,0.0,0",-28.68,-7.52,2.33,nan,36.8
AAUGAGACCAAUCUCACAG,GUGGUUAUGAUGACCACAACUGUGAGAUUGGUCUCAUUGUGGGCACGGGCAGCAACG,0.75,1,"1.6,-0.93,-6.82,0,0,-184.21999999999997,0.15789473684210525,0,0.15789473684210525,0,0,0.0,-1.1,0.0,0,0,0.05555555555555555,-2.08,0,0.0,0,-2.08,0.0,0",-31.34,-7.69,1.6,nan,42.1
UUCAAUGAAAGUACCAUCC,GAGAUGAAGUUUUAGAUCAGGAUGGUACUUUCAUUGAAGAACUAAUAAAAAAUUAUG,0.76,1,"2.33,-0.93,-6.82,1,0,-175.10000000000002,0.2631578947368421,1,0.10526315789473684,0,0,0.0,-2.35,0.05555555555555555,1,0,0.1111111111111111,-3.26,0,0.0,0,-2.24,0.05555555555555555,0",-29.17,-5.96,2.33,nan,36.8
AUCCUGGUUGACUUGAGAU,AAGAGAGAAGUUACUGGCAAUCUCAAGUCAACCAGGAUAUUUGCAAAUAUGGAUCCA,0.48,0,"0.0,-1.1,-9.38,0,0,-183.45,0.3684210526315789,0,0.2631578947368421,0,0,0.05555555555555555,-2.35,0.0,1,0,0.05555555555555555,-1.1,0,0.0,0,-0.93,0.1111111111111111,0",-32.04,-10.31,0.0,nan,42.1
UUCAGCAUCUUAGCCGUCU,GUUGGUCAGCCUCGAAGAAAGACGGCUAAGAUGCUGAAGAGCUUCCUGAAGGCUGGU,0.84,1,"0.7,-0.93,-6.82,1,0,-184.96999999999997,0.3684210526315789,1,0.15789473684210525,0,0,0.0,-2.35,0.05555555555555555,1,0,0.05555555555555555,-2.08,0,0.1111111111111111,0,-3.42,0.1111111111111111,0",-33.59,-8.18,0.7,nan,47.4
UUUGCUUCUGUGUCUUCAG,UUGGUAGAAAAACUUUUUGCUGAAGACACAGAAGCAAAGAACCCAUUUUCUACUCAG,0.83,1,"1.6,-0.93,-6.82,1,0,-178.62999999999997,0.5263157894736842,1,0.21052631578947367,0,0,0.0,-0.93,0.0,1,0,0.0,-2.08,0,0.05555555555555555,0,-2.35,0.2222222222222222,0",-30.89,-7.28,1.6,nan,42.1
UUUAUUUUCAGAUGCAAGC,AAGAAAUGCCAAAGUUGCUGCUUGCAUCUGAAAAUAAAAUAUACUAGUCCUGACACU,0.95,1,"2.49,-0.93,-6.82,1,0,-166.95999999999998,0.42105263157894735,1,0.15789473684210525,0,0,0.0,-0.93,0.05555555555555555,1,0,0.0,-3.42,0,0.1111111111111111,0,-2.11,0.2777777777777778,0",-26.6,-1.16,2.49,nan,31.6
UCCACGCUUGGUGAAAUCG,UUGUCCGUAACAUUCUCAUCGAUUUCACCAAGCGUGGACUACUCUUCCGAGGCCGCA,0.88,1,"0.46,-2.35,-12.44,1,0,-187.37,0.2631578947368421,0,0.2631578947368421,0,0,0.05555555555555555,-3.26,0.0,0,0,0.05555555555555555,-2.36,0,0.05555555555555555,0,-2.35,0.05555555555555555,0",-33.95,-10.93,0.46,nan,52.6
AUCGAAGUUUUCAUCCACU,GAGCAGGAAACUACCAUUUAGUGGAUGAAAACUUCGAUCCUUUACCUGAUUAUUGGC,0.88,1,"0.53,-1.1,-9.38,0,0,-173.41999999999996,0.3684210526315789,0,0.10526315789473684,0,0,0.0,-2.35,0.0,1,0,0.05555555555555555,-2.08,0,0.0,0,-1.1,0.16666666666666666,0",-28.81,-7.32,0.53,nan,36.8
AACUGUAGUUCUUUGACUC,ACGUGUUAUCUGUCGCUUUGAGUCAAAGAACUACAGUUCCUGAGGAAGAACUAAAUC,0.92,1,"1.87,-0.93,-6.82,0,0,-173.35999999999999,0.42105263157894735,0,0.15789473684210525,0,0,0.0,-2.24,0.05555555555555555,0,0,0.0,-2.35,0,0.0,0,-0.93,0.16666666666666666,0",-29.06,-7.54,1.87,nan,36.8
UAAGGACACAUUCUGUUUG,CUUGAUUUUCUCCCUUCAACAAACAGAAUGUGUCCUUAAACCGGUUGAAUCUUCAGA,0.9,1,"1.23,-1.33,-7.69,1,0,-172.21,0.3684210526315789,0,0.21052631578947367,0,0,0.05555555555555555,-0.93,0.05555555555555555,0,0,0.0,-2.11,0,0.0,0,-2.08,0.16666666666666666,0",-28.89,-7.98,1.23,nan,36.8
GUUAGGGUACACUUCAUUC,CAGCGAAGCUUUUUUCUCAGAAUGAAGUGUACCCUAACUAGCCGAGGAAGAACUAUG,0.82,1,"0.11,-2.24,-11.4,0,1,-180.71,0.3684210526315789,0,0.21052631578947367,0,0,0.1111111111111111,-0.93,0.1111111111111111,1,0,0.0,-2.35,0,0.0,0,-0.93,0.16666666666666666,0",-31.02,-8.11,0.11,nan,42.1
UUCGCUUUCUCUGAGCAUU,AAAGAUACUAGCUUUGCAGAAUGCUCAGAGAAAGCGAAAAAUGGAACAUGAUGGUUC,0.93,1,"0.0,-0.93,-6.82,1,0,-178.57,0.47368421052631576,1,0.15789473684210525,0,0,0.0,-2.35,0.0,1,0,0.0,-0.93,0,0.1111111111111111,0,-2.35,0.2222222222222222,0",-30.97,-7.08,0.0,nan,42.1
UUGCUAUCUAAAGGAAUUU,CCUCACCCAUCAAAUAUUGAAAUUCCUUUAGAUAGCAAGACUUUCCUCAGUCGACAC,0.39,0,"0.0,-0.93,-6.82,1,0,-159.03999999999996,0.42105263157894735,1,0.15789473684210525,0,0,0.05555555555555555,-2.11,0.1111111111111111,1,0,0.0,-0.93,0,0.05555555555555555,0,-3.26,0.16666666666666666,0",-25.18,-7.85,0.0,nan,26.3
CACGCUUGCCAUUAACACC,AGAAAUUGGUGGGCACCAAGGUGUUAAUGGCAAGCGUGCAAGGUUCAAAGAGAAGGA,0.85,1,"0.7,-2.11,-10.44,0,0,-187.54000000000002,0.21052631578947367,0,0.10526315789473684,0,0,0.0,-2.24,0.05555555555555555,0,1,0.1111111111111111,-3.26,0,0.1111111111111111,0,-1.33,0.1111111111111111,0",-34.09,-8.6,0.7,nan,52.6
UUCAACUUUGGUGAAUAGC,CAGAUAUGAAAAUGACUCAGCUAUUCACCAAAGUUGAAUCAGAAGAUACAAGUAGCC,0.84,1,"2.49,-0.93,-6.82,1,0,-172.06999999999996,0.3684210526315789,1,0.21052631578947367,0,0,0.05555555555555555,-2.35,0.05555555555555555,1,0,0.0,-3.42,0,0.05555555555555555,0,-2.35,0.16666666666666666,0",-28.89,-5.65,2.49,nan,36.8
UAGCCGUCUUUCUUCGAGG,UGGUCCUGAUGUUGGUCAGCCUCGAAGAAAGACGGCUAAGAUGCUGAAGAGCUUCCU,0.87,1,"1.93,-1.33,-7.69,1,0,-186.84000000000003,0.3684210526315789,0,0.2631578947368421,0,0,0.05555555555555555,-2.08,0.05555555555555555,0,0,0.05555555555555555,-3.26,0,0.05555555555555555,0,-0.93,0.16666666666666666,0",-34.2,-11.17,1.93,nan,52.6
AGUGCACACCUCCUUAACA,CCUGUGACGACAGCAUCAUUGUUAAGGAGGUGUGCACUGUGGUGGCCCGGCGGGCAG,0.77,1,"0.03,-2.08,-10.48,0,0,-183.17999999999998,0.21052631578947367,0,0.10526315789473684,0,0,0.0,-2.24,0.05555555555555555,0,0,0.1111111111111111,-2.11,0,0.05555555555555555,0,-2.08,0.05555555555555555,1",-34.13,-9.69,0.03,nan,47.4
UUUAGGCCAAAGAUCAAGU,GCAAACUGCUCAGGACUGGACUUGAUCUUUGGCCUAAAUGCGUUAUUAAGAACAGCA,0.84,1,"0.86,-0.93,-6.82,1,0,-170.38,0.2631578947368421,1,0.21052631578947367,0,0,0.05555555555555555,-0.93,0.05555555555555555,1,0,0.05555555555555555,-2.24,0,0.05555555555555555,0,-1.1,0.1111111111111111,0",-29.43,-9.74,0.86,nan,36.8
UUGUAUAGGAGCAUUAACU,UGACCAGUUAUGAUUGUGAAGUUAAUGCUCCUAUACAAGGCAGCAGAAACCUACUGC,0.9,1,"0.7,-0.93,-6.82,1,0,-167.06999999999996,0.3684210526315789,1,0.21052631578947367,0,0,0.05555555555555555,-2.11,0.16666666666666666,1,0,0.0,-2.08,0,0.05555555555555555,0,-1.1,0.1111111111111111,0",-27.96,-5.65,0.7,nan,31.6
UCUGUCUGUUCUAUGACUC,CCAAACAGAGCAGGAAAAGGAGUCAUAGAACAGACAGAAAAAUCUCAUCCAAGAAGC,0.92,1,"0.9,-2.35,-12.44,1,0,-186.2,0.47368421052631576,0,0.15789473684210525,0,0,0.0,-2.08,0.05555555555555555,0,0,0.0,-2.35,0,0.0,0,-1.1,0.05555555555555555,0",-31.94,-8.88,0.9,nan,42.1
AUUAUCAGAAAUGUAAAUC,UCACAGAUGAUGGUGACAUGAUUUACAUUUCUGAUAAUGUGAACAAAUACAUGGGAU,0.85,1,"1.7,-1.1,-9.38,0,0,-159.74999999999997,0.3157894736842105,0,0.10526315789473684,0,0,0.0,-0.93,0.1111111111111111,1,0,0.0,-2.35,0,0.0,0,-2.24,0.05555555555555555,0",-22.76,-5.36,1.7,nan,21.1
AAGCACACGGAAGUUGGUC,UGGCUCUGGAUCUUGGAGGGACCAACUUCCGUGUGCUUUGGGUGAAAGUAACGGACA,0.65,0,"1.87,-0.93,-6.82,0,0,-188.18999999999997,0.15789473684210525,0,0.3157894736842105,0,0,0.1111111111111111,-2.08,0.0,0,0,0.0,-2.35,0,0.05555555555555555,0,-2.24,0.05555555555555555,0",-34.7,-9.66,1.87,nan,52.6
UUUUGUGCUAUCACACAAG,CCUUGUGACAGUUCGUGCCCUUGUGUGAUAGCACAAAAUUUUUGUGAAAAGUUUUGU,0.79,1,"1.6,-0.93,-6.82,1,0,-171.7,0.3684210526315789,1,0.15789473684210525,0,0,0.0,-0.93,0.05555555555555555,1,0,0.0,-2.08,0,0.05555555555555555,0,-2.24,0.16666666666666666,0",-28.81,-7.2,1.6,nan,36.8
UUAGUUCUUCCUCAGGAAC,UUUGAGUCAAAGAACUACAGUUCCUGAGGAAGAACUAAAUCCAAAGAUACUAGCUUU,0.89,1,"1.76,-0.93,-6.82,1,0,-179.34,0.3684210526315789,1,0.15789473684210525,0,0,0.05555555555555555,-1.33,0.05555555555555555,1,0,0.05555555555555555,-2.24,0,0.0,0,-2.11,0.16666666666666666,0",-31.34,-6.02,1.76,nan,42.1
UUGGCAAGCAUCCUGUACU,GGACAAGUCACCACAGGACAGUACAGGAUGCUUGCCAAAAGAGGUGGAUAUGUCUGG,0.88,1,"0.7,-0.93,-6.82,1,0,-184.64,0.3157894736842105,1,0.21052631578947367,0,0,0.05555555555555555,-2.11,0.05555555555555555,1,0,0.05555555555555555,-2.08,0,0.1111111111111111,0,-2.08,0.05555555555555555,0",-34.17,-9.37,0.7,nan,47.4
AUAGAUCUGAUUCUCCAUC,AUGGGCUCCAGAAGGUGGAGAUGGAGAAUCAGAUCUAUGCCAUCCCUGAGGACAUCA,0.77,1,"1.7,-1.1,-9.38,0,0,-185.05,0.3684210526315789,0,0.10526315789473684,0,0,0.0,-1.33,0.05555555555555555,1,0,0.05555555555555555,-2.35,0,0.0,0,-2.08,0.05555555555555555,0",-29.94,-6.3,1.7,nan,36.8
UAUCUGAAGAUUCAACCGG,AACAGAAUGUGUCCUUAAACCGGUUGAAUCUUCAGAUAUGAAAAUGACUCAGCUAUU,0.9,1,"1.93,-1.33,-7.69,1,0,-179.99999999999994,0.2631578947368421,0,0.21052631578947367,0,0,0.05555555555555555,-1.1,0.05555555555555555,0,0,0.05555555555555555,-3.26,0,0.0,0,-2.11,0.05555555555555555,0",-30.68,-5.93,1.93,nan,42.1
UGUCUCAUGCAUGACUUUG,AGCUACAUCCUCACUUUGCCAAAGUCAUGCAUGAGACAGUGAAGGACCUGGCUCCGA,0.84,1,"0.9,-2.11,-10.44,1,0,-183.66999999999996,0.42105263157894735,0,0.21052631578947367,0,0,0.0,-2.24,0.0,0,0,0.0,-2.11,0,0.05555555555555555,0,-2.35,0.1111111111111111,0",-31.29,-7.69,0.9,nan,42.1
AUUAGAACUGUUCCACUGC,UAUUAAGAACAGCAGAUUUGCAGUGGAACAGUUCUAAUGCUCAGUUGCUCCUGGACU,0.67,0,"2.32,-1.1,-9.38,0,0,-180.31,0.3157894736842105,0,0.15789473684210525,0,0,0.0,-0.93,0.05555555555555555,1,0,0.05555555555555555,-3.42,0,0.05555555555555555,0,-3.26,0.1111111111111111,0",-31.35,-5.32,2.32,nan,42.1
UUGAGUUGGACAGAUUUGG,GGACCUCAUGGAUUACUUUCCAAAUCUGUCCAACUCAAUGGUCUAACUCUAAAGAUG,0.94,1,"2.33,-0.93,-6.82,1,0,-178.95,0.3684210526315789,1,0.3684210526315789,0,0,0.1111111111111111,-2.11,0.0,1,0,0.0,-3.26,0,0.0,0,-2.35,0.2222222222222222,0",-30.93,-7.28,2.33,nan,42.1
AACUUGAAUUCAUUGACCA,UUUUAUGUGGAUAGUGAUAUGGUCAAUGAAUUCAAGUUGGAAUUGGUAGAAAAACUU,0.87,1,"0.73,-0.93,-6.82,0,0,-167.56,0.3157894736842105,0,0.10526315789473684,0,0,0.0,-2.24,0.0,0,0,0.05555555555555555,-2.11,0,0.0,0,-0.93,0.16666666666666666,1",-27.17,-5.65,0.73,nan,31.6
AAAUCGAUGAGAAUGUUAC,UACCUGGGUGAGAUUGUCCGUAACAUUCUCAUCGAUUUCACCAAGCGUGGACUACUC,0.88,1,"1.76,-0.93,-6.82,0,0,-170.34,0.2631578947368421,0,0.21052631578947367,0,0,0.0,-0.93,0.05555555555555555,0,0,0.0,-2.24,0,0.0,0,-1.1,0.05555555555555555,0",-26.35,-5.2,1.76,nan,31.6
UAGUUCUUUGACUCAAAGC,CCCUAACGUGUUAUCUGUCGCUUUGAGUCAAAGAACUACAGUUCCUGAGGAAGAACU,0.89,1,"2.09,-1.33,-7.69,1,0,-172.26,0.3684210526315789,0,0.15789473684210525,0,0,0.0,-2.08,0.05555555555555555,0,0,0.0,-3.42,0,0.05555555555555555,0,-2.35,0.16666666666666666,0",-28.93,-5.62,2.09,nan,36.8
UUGUCUAGUGCUUCCAUCG,AUCAGACACCUAGUCCUUCCGAUGGAAGCACUAGACAAAGUUCACCUGAGCCUAAUA,0.89,1,"1.43,-0.93,-6.82,1,0,-185.16999999999996,0.42105263157894735,1,0.21052631578947367,0,0,0.0,-2.11,0.05555555555555555,1,0,0.05555555555555555,-2.36,0,0.05555555555555555,0,-2.35,0.1111111111111111,0",-32.89,-7.65,1.43,nan,47.4
UUAAGUUUGUCAAAGAGGC,GAAUCAGAAGAUACAAGUAGCCUCUUUGACAAACUUAAGAAGGAACCUGAUGCUUUA,0.89,1,"2.49,-0.93,-6.82,1,0,-169.55,0.3157894736842105,1,0.2631578947368421,0,0,0.05555555555555555,-1.33,0.05555555555555555,1,0,0.0,-3.42,0,0.05555555555555555,0,-0.93,0.16666666666666666,0",-28.69,-3.45,2.49,nan,36.8
UUGGUGCCACCAAACCUCA,GGCUUGUCUCCUGCGUACCUGAGGUUUGGUGGCACCAAGACAGACUUCCUAAUUUUC,0.51,0,"0.73,-0.93,-6.82,1,0,-187.17,0.21052631578947367,1,0.15789473684210525,0,0,0.05555555555555555,-2.11,0.0,1,0,0.16666666666666666,-2.11,0,0.05555555555555555,0,-0.93,0.05555555555555555,1",-35.96,-11.86,0.73,nan,52.6
UAGGUGCUGUUCUUGAACU,CGAGAACACUACCAGAAAAAGUUCAAGAACAGCACCUACUCAAGAAGCUCUGUAGAU,0.57,0,"0.3,-1.33,-7.69,1,0,-177.69,0.42105263157894735,0,0.2631578947368421,0,0,0.05555555555555555,-2.08,0.05555555555555555,0,0,0.0,-2.08,0,0.05555555555555555,0,-0.93,0.1111111111111111,0",-31.88,-10.2,0.3,nan,42.1
UCUCUUUGAACCUUGCACG,CCAAGGUGUUAAUGGCAAGCGUGCAAGGUUCAAAGAGAAGGAAGCUUCGAGUAUACC,0.55,0,"0.46,-2.35,-12.44,1,0,-181.74,0.3684210526315789,0,0.15789473684210525,0,0,0.0,-2.08,0.0,0,0,0.05555555555555555,-2.36,0,0.05555555555555555,0,-0.93,0.16666666666666666,0",-32.32,-6.39,0.46,nan,47.4
UUCACUGGGACUAUUAGGC,CUAGACAAAGUUCACCUGAGCCUAAUAGUCCCAGUGAAUAUUGUUUUUAUGUGGAUA,0.89,1,"2.49,-0.93,-6.82,1,0,-186.12,0.3157894736842105,1,0.2631578947368421,0,0,0.16666666666666666,-2.35,0.1111111111111111,1,0,0.0,-3.42,0,0.05555555555555555,0,-1.1,0.1111111111111111,0",-33.92,-9.61,2.49,nan,47.4
UUUCUCUGAGCAUUCUGCA,AAUCCAAAGAUACUAGCUUUGCAGAAUGCUCAGAGAAAGCGAAAAAUGGAACAUGAU,0.85,1,"0.73,-0.93,-6.82,1,0,-181.98999999999995,0.42105263157894735,1,0.15789473684210525,0,0,0.0,-0.93,0.0,1,0,0.0,-2.11,0,0.1111111111111111,0,-0.93,0.16666666666666666,1",-31.9,-7.36,0.73,nan,42.1
AAAUGUAAAUCAUGUCACC,UAUGGUUCUCACAGAUGAUGGUGACAUGAUUUACAUUUCUGAUAAUGUGAACAAAUA,0.75,1,"2.33,-0.93,-6.82,0,0,-170.01,0.2631578947368421,0,0.10526315789473684,0,0,0.0,-0.93,0.05555555555555555,0,0,0.05555555555555555,-3.26,0,0.0,0,-2.11,0.0,0",-26.93,-3.65,2.33,nan,31.6
UGCGGGAUGGCGUAGAUCU,GGAGUGGAGAUGCACAACAAGAUCUACGCCAUCCCGCAGGAGGUCAUGCACGGCACC,0.72,1,"-0.03,-2.11,-10.44,1,0,-197.16999999999996,0.2631578947368421,0,0.42105263157894735,0,0,0.16666666666666666,-3.42,0.05555555555555555,0,0,0.0,-2.08,0,0.1111111111111111,0,-1.33,0.0,0",-37.55,-11.21,-0.03,nan,57.9
AAAGCCAGCUGCAAAGGUG,GAGCGCCCUUGCUAUCCGACACCUUUGCAGCUGGCUUUAUGUGGCUGGAUAAAUUGG,0.86,1,"1.63,-0.93,-6.82,0,0,-186.44999999999996,0.10526315789473684,0,0.3157894736842105,0,0,0.05555555555555555,-0.93,0.0,0,0,0.05555555555555555,-2.11,0,0.16666666666666666,0,-0.93,0.0,0",-34.96,-9.34,1.63,nan,52.6
AUUGACCAUAUCACUAUCC,GUGAAUAUUGUUUUUAUGUGGAUAGUGAUAUGGUCAAUGAAUUCAAGUUGGAAUUGG,0.86,1,"2.16,-1.1,-9.38,0,0,-181.08999999999997,0.3157894736842105,0,0.05263157894736842,0,0,0.0,-0.93,0.1111111111111111,1,0,0.1111111111111111,-3.26,0,0.0,0,-2.24,0.05555555555555555,0",-29.91,-8.01,2.16,nan,36.8
UGCUGCAGUAGGGUGAGUG,AGAAAGGGCUUGGAGCCACCACUCACCCUACUGCAGCAGUGAAGAUGCUGCCCACCU,0.76,1,"0.9,-2.11,-10.44,1,0,-197.66,0.2631578947368421,0,0.47368421052631576,0,0,0.1111111111111111,-3.42,0.05555555555555555,0,0,0.0,-2.11,0,0.1111111111111111,0,-2.24,0.0,0",-38.09,-11.13,0.9,nan,57.9
UUCUCUGAGACGAGCUUGG,AGCGGCUUCUCGGCCGCCGCCAAGCUCGUCUCAGAGAAGCUGGCCUCCUACCAGGCU,0.52,0,"2.33,-0.93,-6.82,1,0,-192.09999999999997,0.3157894736842105,1,0.3157894736842105,0,0,0.05555555555555555,-2.35,0.0,1,0,0.0,-3.26,0,0.05555555555555555,0,-2.08,0.1111111111111111,0",-34.97,-8.33,2.33,nan,52.6
UGAGCCCAUGUCAAUCUCC,UUCGCACUGAGUUUGACCAGGAGAUUGACAUGGGCUCACUGAACCCGGGAAAGCAAC,0.44,0,"1.6,-2.11,-10.44,1,0,-197.17999999999995,0.2631578947368421,0,0.15789473684210525,0,0,0.0,-2.35,0.0,0,0,0.16666666666666666,-3.26,0,0.05555555555555555,0,-0.93,0.0,0",-36.03,-11.94,1.6,nan,52.6
UUGUCUUUUGCUCCAUUCC,CAAAUCUAGUGAACAGAAUGGAAUGGAGCAAAAGACAAUUAUUUUAAUACCCUCUGA,0.87,1,"2.33,-0.93,-6.82,1,0,-178.81,0.5263157894736842,1,0.10526315789473684,0,0,0.0,-2.11,0.0,1,0,0.1111111111111111,-3.26,0,0.05555555555555555,0,-3.26,0.2777777777777778,0",-30.93,-5.65,2.33,nan,42.1
AUAUCCUGGUUGACUUGAG,GAGAGAAGUUACUGGCAAUCUCAAGUCAACCAGGAUAUUUGCAAAUAUGGAUCCAUC,0.73,1,"1.43,-1.1,-9.38,0,0,-182.42,0.3684210526315789,0,0.2631578947368421,0,0,0.05555555555555555,-1.33,0.05555555555555555,1,0,0.05555555555555555,-2.08,0,0.0,0,-2.24,0.1111111111111111,0",-31.47,-7.69,1.43,nan,42.1
UGCCUUGAAGCCUUUUGUC,AGAGCAUCCUCCUCAAGUGGACAAAAGGCUUCAAGGCAUCUGGCUGCGAGGGCGAGG,0.76,1,"1.14,-2.11,-10.44,1,0,-182.35,0.42105263157894735,0,0.21052631578947367,0,0,0.0,-3.42,0.0,0,0,0.1111111111111111,-2.35,0,0.1111111111111111,0,-0.93,0.2222222222222222,0",-32.98,-9.61,1.14,nan,47.4
UUUAGUAAACAUAUCAUGA,AUCAUCUGACCAAAACUCAUCAUGAUAUGUUUACUAAAGGACAAGUCACCACAGGAC,0.89,1,"0.97,-0.93,-6.82,1,0,-156.92,0.3684210526315789,1,0.10526315789473684,0,0,0.0,-0.93,0.16666666666666666,1,0,0.0,-2.35,0,0.0,0,-1.1,0.1111111111111111,1",-23.61,-3.85,0.97,nan,21.1
AACCAGACCUUCUUGCCAG,GUGGUUGAGAGCACCAGGCCUGGCAAGAAGGUCUGGUUAGGAGAAACAAGCUCUGCA,0.87,1,"1.6,-0.93,-6.82,0,0,-189.1,0.21052631578947367,0,0.15789473684210525,0,0,0.0,-2.24,0.0,0,0,0.16666666666666666,-2.08,0,0.05555555555555555,0,-0.93,0.1111111111111111,0",-35.28,-9.74,1.6,nan,52.6
UUGCUCAGACCUCGCUCCA,AGGAGGAUGAAGGUAGAAAUGGAGCGAGGUCUGAGCAAGGAGACUCAUGCCAGUGCC,0.49,0,"0.73,-0.93,-6.82,1,0,-197.34999999999997,0.2631578947368421,1,0.15789473684210525,0,0,0.0,-2.11,0.0,1,0,0.1111111111111111,-2.11,0,0.1111111111111111,0,-2.36,0.05555555555555555,1",-37.95,-9.61,0.73,nan,57.9
UUUGGCAAGCAUCCUGUAC,GACAAGUCACCACAGGACAGUACAGGAUGCUUGCCAAAAGAGGUGGAUAUGUCUGGG,0.89,1,"1.76,-0.93,-6.82,1,0,-184.7,0.3157894736842105,1,0.21052631578947367,0,0,0.05555555555555555,-0.93,0.05555555555555555,1,0,0.05555555555555555,-2.24,0,0.1111111111111111,0,-3.26,0.1111111111111111,0",-33.47,-7.77,1.76,nan,47.4
UAGUGUUCUCGGAGUAGCA,UGGCCCUACCAGGAGCAAUUGCUACUCCGAGAACACUACCAGAAAAAGUUCAAGAAC,0.87,1,"0.33,-1.33,-7.69,1,0,-184.37999999999997,0.3157894736842105,0,0.3157894736842105,0,0,0.05555555555555555,-2.08,0.1111111111111111,0,0,0.0,-2.11,0,0.05555555555555555,0,-2.08,0.05555555555555555,1",-33.95,-7.41,0.33,nan,47.4
UUUGGUCAGAUGAUCAGAG,AAUAUUAUCAUGCUUUGGACUCUGAUCAUCUGACCAAAACUCAUCAUGAUAUGUUUA,0.85,1,"1.6,-0.93,-6.82,1,0,-185.25999999999996,0.3157894736842105,1,0.3157894736842105,0,0,0.05555555555555555,-0.93,0.0,1,0,0.0,-2.08,0,0.0,0,-1.1,0.1111111111111111,0",-31.45,-8.01,1.6,nan,42.1
UUUUGUCCACUUGAGGAGG,ACAGCCUGGACGAGAGCAUCCUCCUCAAGUGGACAAAAGGCUUCAAGGCAUCUGGCU,0.7,0,"2.33,-0.93,-6.82,1,0,-183.0,0.3684210526315789,1,0.3157894736842105,0,0,0.1111111111111111,-0.93,0.0,1,0,0.05555555555555555,-3.26,0,0.0,0,-2.35,0.2222222222222222,0",-33.06,-7.28,2.33,nan,47.4
AACGUCUCUGCCUUCCACU,AGGGAUUCAAGUCCAGUGGAGUGGAAGGCAGAGACGUUGUGGCUCUGAUCCGGAAGG,0.76,1,"0.7,-0.93,-6.82,0,0,-189.20999999999998,0.3157894736842105,0,0.10526315789473684,0,0,0.0,-2.24,0.0,0,0,0.1111111111111111,-2.08,0,0.05555555555555555,0,-0.93,0.05555555555555555,0",-35.48,-9.08,0.7,nan,52.6
UCCUCAGGAACUGUAGUUC,UCUGUCGCUUUGAGUCAAAGAACUACAGUUCCUGAGGAAGAACUAAAUCCAAAGAUA,0.9,1,"0.9,-2.35,-12.44,1,0,-187.54,0.3157894736842105,0,0.21052631578947367,0,0,0.05555555555555555,-3.26,0.05555555555555555,0,0,0.05555555555555555,-2.35,0,0.0,0,-2.24,0.05555555555555555,0",-33.83,-11.05,0.9,nan,47.4
AAGGAUCGAAGUUUUCAUC,AGGAAACUACCAUUUAGUGGAUGAAAACUUCGAUCCUUUACCUGAUUAUUGGCUAUC,0.94,1,"1.87,-0.93,-6.82,0,0,-174.55999999999997,0.3157894736842105,0,0.21052631578947367,0,0,0.05555555555555555,-2.08,0.0,0,0,0.0,-2.35,0,0.0,0,-0.93,0.16666666666666666,0",-28.19,-8.96,1.87,nan,36.8
AGAAAUGUUAUACCCCUUG,UCCUGGACUACUGCUCUUCCAAGGGGUAUAACAUUUCUUGGGAACUAGGCAAUGAAC,0.52,0,"0.93,-2.08,-10.48,0,0,-171.33999999999995,0.3157894736842105,0,0.15789473684210525,0,0,0.0,-2.35,0.1111111111111111,0,0,0.16666666666666666,-2.11,0,0.0,0,-3.26,0.1111111111111111,0",-29.03,-5.12,0.93,nan,36.8
AUACCUUGGAUUGUCAGUG,UAUACCUUCAUUGCACAAACACUGACAAUCCAAGGUAUAAAGAAGGAGAUUUAACUC,0.98,1,"1.46,-1.1,-9.38,0,0,-181.33999999999997,0.3684210526315789,0,0.2631578947368421,0,0,0.05555555555555555,-1.33,0.05555555555555555,1,0,0.05555555555555555,-2.11,0,0.0,0,-2.24,0.1111111111111111,0",-31.39,-7.41,1.46,nan,42.1
CAUGAGACCAGGAAACUCU,CACCAGACUAAACUAGACGAGAGUUUCCUGGUCUCAUGGACCAAGGGAUUCAAGUCC,0.55,0,"-0.93,-2.11,-10.44,0,0,-188.26999999999998,0.15789473684210525,0,0.21052631578947367,0,0,0.05555555555555555,-1.1,0.0,0,1,0.05555555555555555,-2.08,0,0.0,0,-0.93,0.0,0",-33.47,-7.69,-0.93,nan,47.4
AGGAGGAUGAGGAACCGCG,GCCAACCUGGCCACGGACCCGCGGUUCCUCAUCCUCCUGGGUUCUCCAAAGCUUCGU,0.84,1,"0.73,-2.08,-10.48,0,0,-201.62999999999994,0.05263157894736842,0,0.47368421052631576,0,0,0.16666666666666666,-3.26,0.0,0,0,0.05555555555555555,-2.36,0,0.05555555555555555,0,-0.93,0.0,0",-38.66,-9.86,0.73,nan,63.2
UGUCGUCACAGGUGCUCUC,CCUGCAACACUUAGGGCUUGAGAGCACCUGUGACGACAGCAUCAUUGUUAAGGAGGU,0.85,1,"1.14,-2.11,-10.44,1,0,-200.14,0.3157894736842105,0,0.2631578947368421,0,0,0.05555555555555555,-2.24,0.0,0,0,0.0,-2.35,0,0.05555555555555555,0,-2.11,0.0,0",-37.54,-9.11,1.14,nan,57.9
UGAGAUGCGGCCUCGGAAG,UCACCAAGCGUGGACUACUCUUCCGAGGCCGCAUCUCAGAGCGGCUCAAGACAAGGG,0.85,1,"0.87,-2.11,-10.44,1,0,-202.15999999999994,0.15789473684210525,0,0.42105263157894735,0,0,0.1111111111111111,-2.35,0.0,0,0,0.05555555555555555,-2.08,0,0.1111111111111111,0,-2.35,0.0,0",-38.69,-9.32,0.87,nan,63.2
UAGACGCUUGGCAAAAUGG,CCGUCUACAAGAAACACCCCCAUUUUGCCAAGCGUCUACAUAAGACCGUGCGGCGGC,0.77,1,"1.93,-1.33,-7.69,1,0,-180.32,0.21052631578947367,0,0.3157894736842105,0,0,0.1111111111111111,-2.08,0.05555555555555555,0,0,0.0,-3.26,0,0.1111111111111111,0,-0.93,0.05555555555555555,0",-32.41,-9.54,1.93,nan,47.4
AACUCUCCGUGUUCUGUCC,GUGAGGUCCACUCCAGAUGGGACAGAACACGGAGAGUUCCUGGCUCUGGAUCUUGGA,0.82,1,"2.33,-0.93,-6.82,0,0,-191.41000000000003,0.3684210526315789,0,0.15789473684210525,0,0,0.0,-2.24,0.0,0,0,0.1111111111111111,-3.26,0,0.0,0,-2.35,0.05555555555555555,0",-35.02,-9.82,2.33,nan,52.6
UACGCAGGAGACAAGCCUC,AAGCUUCGUACCUUGGCCAGAGGCUUGUCUCCUGCGUACCUGAGGUUUGGUGGCACC,0.97,1,"1.47,-1.33,-7.69,1,0,-197.28,0.10526315789473684,0,0.2631578947368421,0,0,0.05555555555555555,-2.24,0.05555555555555555,0,0,0.05555555555555555,-2.35,0,0.1111111111111111,0,-0.93,0.0,0",-37.51,-10.93,1.47,nan,57.9
UGUUACGGACAAUCUCACC,GAUCAGUGGAAUGUACCUGGGUGAGAUUGUCCGUAACAUUCUCAUCGAUUUCACCAA,0.94,1,"1.6,-2.11,-10.44,1,0,-185.51999999999998,0.2631578947368421,0,0.15789473684210525,0,0,0.05555555555555555,-2.24,0.05555555555555555,0,0,0.05555555555555555,-3.26,0,0.0,0,-2.35,0.05555555555555555,0",-33.05,-8.27,1.6,nan,47.4
AAACUCAGUGCGAAUGUCG,GGGACGAUGGCUCGCUCAACGACAUUCGCACUGAGUUUGACCAGGAGAUUGACAUGG,0.79,1,"1.43,-0.93,-6.82,0,0,-182.46999999999997,0.21052631578947367,0,0.2631578947368421,0,0,0.0,-0.93,0.0,0,0,0.0,-2.36,0,0.05555555555555555,0,-0.93,0.0,0",-31.75,-7.25,1.43,nan,47.4
AGGAUCGAAGUUUUCAUCC,CAGGAAACUACCAUUUAGUGGAUGAAAACUUCGAUCCUUUACCUGAUUAUUGGCUAU,0.87,1,"1.63,-2.08,-10.48,0,0,-181.13,0.3157894736842105,0,0.21052631578947367,0,0,0.05555555555555555,-3.26,0.0,0,0,0.05555555555555555,-3.26,0,0.0,0,-0.93,0.16666666666666666,0",-30.52,-9.23,1.63,nan,42.1
AAUGGUGACGGACAGGAAC,UGCACCUGGUGAGCCCCUCGUUCCUGUCCGUCACCAUUGACGCCAACCUGGCCACGG,0.94,1,"1.76,-0.93,-6.82,0,0,-191.22,0.10526315789473684,0,0.3684210526315789,0,0,0.16666666666666666,-1.1,0.0,0,0,0.0,-2.24,0,0.0,0,-2.11,0.0,0",-34.98,-8.18,1.76,nan,52.6
GUCAGGACUAGUAUAUUUU,GCUGCUUGCAUCUGAAAAUAAAAUAUACUAGUCCUGACACUGAAUUUUUCAAGUAUA,0.08,0,"-1.76,-2.24,-11.4,0,1,-169.30999999999997,0.42105263157894735,0,0.21052631578947367,0,0,0.05555555555555555,-2.35,0.16666666666666666,1,0,0.0,-0.93,0,0.0,0,-1.1,0.16666666666666666,0",-27.47,-9.85,-1.76,nan,31.6
AAACUGUUAGGUUCAUUGC,AACAUUUCUUGGGAACUAGGCAAUGAACCUAACAGUUUCCUUAAGAAGGCUGAUAUU,0.66,0,"2.49,-0.93,-6.82,0,0,-171.03,0.3684210526315789,0,0.21052631578947367,0,0,0.05555555555555555,-0.93,0.05555555555555555,0,0,0.0,-3.42,0,0.05555555555555555,0,-2.35,0.16666666666666666,0",-28.78,-5.54,2.49,nan,36.8
UAGAUCUUGUUGUGCAUCU,GGGAAGUGGGGUGGAGUGGAGAUGCACAACAAGAUCUACGCCAUCCCGCAGGAGGUC,0.72,1,"0.3,-1.33,-7.69,1,0,-177.23999999999998,0.47368421052631576,0,0.21052631578947367,0,0,0.0,-2.08,0.05555555555555555,0,0,0.0,-2.08,0,0.05555555555555555,0,-2.11,0.1111111111111111,0",-30.03,-5.9,0.3,nan,36.8
AAGAAAUGUUAUACCCCUU,CCUGGACUACUGCUCUUCCAAGGGGUAUAACAUUUCUUGGGAACUAGGCAAUGAACC,0.39,0,"0.0,-0.93,-6.82,0,0,-163.99999999999997,0.3157894736842105,0,0.10526315789473684,0,0,0.0,-2.08,0.1111111111111111,0,0,0.16666666666666666,-0.93,0,0.0,0,-2.24,0.1111111111111111,0",-27.4,-4.96,0.0,nan,31.6
UAUCAAGAUGCGAACUCAC,GUUGCCACUUCCACAUAAUGUGAGUUCGCAUCUUGAUAAGGCCUCUGUGAUGAGGCU,0.84,1,"1.36,-1.33,-7.69,1,0,-183.11999999999998,0.21052631578947367,0,0.15789473684210525,0,0,0.0,-1.1,0.05555555555555555,0,0,0.0,-2.24,0,0.05555555555555555,0,-0.93,0.0,0",-31.0,-5.93,1.36,nan,42.1
UGAGUAAAAUCAAACACAC,UUUGAACUAACUGGACACAGUGUGUUUGAUUUUACUCAUCCAUGUGACCAUGAGGAA,0.89,1,"1.03,-2.11,-10.44,1,0,-166.56,0.15789473684210525,0,0.10526315789473684,0,0,0.0,-2.35,0.05555555555555555,0,0,0.0,-2.24,0,0.0,0,-0.93,0.0,0",-26.72,-5.32,1.03,nan,31.6
UUUGAUUUGUAGCUUAUCC,AAUGCCUGGCUAACUUCAUGGAUAAGCUACAAAUCAAAGACAAGAAGCUCCCACUGG,0.96,1,"2.33,-0.93,-6.82,1,0,-167.3,0.5263157894736842,1,0.15789473684210525,0,0,0.0,-0.93,0.1111111111111111,1,0,0.05555555555555555,-3.26,0,0.05555555555555555,0,-2.08,0.2777777777777778,0",-26.97,-3.36,2.33,nan,31.6
UCCAAGCCCUUUCUCCAUC,CUAAGCGGUUCCGCAAGGAGAUGGAGAAAGGGCUUGGAGCCACCACUCACCCUACUG,0.69,0,"0.9,-2.35,-12.44,1,0,-193.02999999999997,0.3157894736842105,0,0.05263157894736842,0,0,0.0,-3.26,0.0,0,0,0.2222222222222222,-2.35,0,0.05555555555555555,0,-2.08,0.1111111111111111,0",-35.67,-10.97,0.9,nan,52.6
UUGAAGCCUUUUGUCCACU,GACGAGAGCAUCCUCCUCAAGUGGACAAAAGGCUUCAAGGCAUCUGGCUGCGAGGGC,0.74,1,"0.7,-0.93,-6.82,1,0,-175.14999999999998,0.42105263157894735,1,0.15789473684210525,0,0,0.0,-2.11,0.0,1,0,0.1111111111111111,-2.08,0,0.05555555555555555,0,-2.24,0.2222222222222222,0",-31.35,-9.61,0.7,nan,42.1
AAGCCCAGUGAACUUCCUG,AUGGAAAAACCUCUCCGGCCAGGAAGUUCACUGGGCUUGCCAGCUUUCUCAUAUAGU,0.93,1,"1.63,-0.93,-6.82,0,0,-189.1,0.21052631578947367,0,0.21052631578947367,0,0,0.0,-2.08,0.0,0,0,0.16666666666666666,-2.11,0,0.05555555555555555,0,-2.08,0.05555555555555555,0",-35.28,-11.67,1.63,nan,52.6
UUUGACUCUAAACUCAUAC,CCAAAACAUGUAGACAGGUGUAUGAGUUUAGAGUCAAAGAAUCUAGCAUCAUAGCUC,0.78,1,"1.76,-0.93,-6.82,1,0,-168.55,0.3684210526315789,1,0.05263157894736842,0,0,0.0,-0.93,0.1111111111111111,1,0,0.0,-2.24,0,0.0,0,-2.08,0.1111111111111111,0",-27.17,-7.52,1.76,nan,31.6
AACUUCUUGAUUGAGUGCA,UUCGAAGUAGUGCUGACCCUGCACUCAAUCAAGAAGUUGCAUUAAAAUUAGAACCAA,0.81,1,"0.73,-0.93,-6.82,0,0,-173.80999999999997,0.3684210526315789,0,0.21052631578947367,0,0,0.0,-2.24,0.0,0,0,0.0,-2.11,0,0.05555555555555555,0,-2.35,0.16666666666666666,1",-29.46,-5.62,0.73,nan,36.8
UCCUCAGGUGGCUUGUCAG,CAGUGUGUCGGGCUGGGCCCUGACAAGCCACCUGAGGAGAGGCUCGGAGCCGGGCCC,0.33,0,"0.63,-2.35,-12.44,1,0,-198.33999999999997,0.3157894736842105,0,0.3157894736842105,0,0,0.1111111111111111,-3.26,0.0,0,0,0.05555555555555555,-2.08,0,0.05555555555555555,0,-0.93,0.05555555555555555,0",-37.88,-11.05,0.63,nan,57.9
UACUGUCCUGUGGUGACUU,GAUAUGUUUACUAAAGGACAAGUCACCACAGGACAGUACAGGAUGCUUGCCAAAAGA,0.58,0,"-0.4,-1.33,-7.69,1,0,-185.32,0.42105263157894735,0,0.2631578947368421,0,0,0.05555555555555555,-2.24,0.05555555555555555,0,0,0.05555555555555555,-0.93,0,0.0,0,-2.24,0.05555555555555555,0",-34.37,-9.74,-0.4,nan,47.4
UAGAAGGUAUUUAUCCACU,AUCCUUUUUCUAACAAGCAAGUGGAUAAAUACCUUCUAAGACCUUUGGGACCUCAUG,0.72,1,"0.3,-1.33,-7.69,1,0,-167.57999999999998,0.3684210526315789,0,0.15789473684210525,0,0,0.05555555555555555,-2.08,0.16666666666666666,0,0,0.05555555555555555,-2.08,0,0.0,0,-1.1,0.1111111111111111,0",-28.04,-7.95,0.3,nan,31.6
UGUCCAGUUAGUUCAAACU,AAAUACAUGGGAUUAACUCAGUUUGAACUAACUGGACACAGUGUGUUUGAUUUUACU,0.86,1,"-0.03,-2.11,-10.44,1,0,-170.54999999999998,0.3684210526315789,0,0.15789473684210525,0,0,0.0,-2.24,0.05555555555555555,0,0,0.05555555555555555,-2.08,0,0.0,0,-2.35,0.1111111111111111,0",-29.55,-9.74,-0.03,nan,36.8
UUGAGCUCCGUGAAGAAGU,GCCUCGCAUCUGCUUGCCUACUUCUUCACGGAGCUCAACCAUGACCAAGUGCAGAAG,0.63,0,"0.86,-0.93,-6.82,1,0,-183.67999999999998,0.2631578947368421,1,0.3157894736842105,0,0,0.0,-2.11,0.0,1,0,0.05555555555555555,-2.24,0,0.05555555555555555,0,-0.93,0.05555555555555555,0",-33.26,-9.85,0.86,nan,47.4
UCCAGAGCCAGGAACUCUC,CCAGAUGGGACAGAACACGGAGAGUUCCUGGCUCUGGAUCUUGGAGGGACCAACUUC,0.84,1,"0.9,-2.35,-12.44,1,0,-201.42,0.15789473684210525,0,0.21052631578947367,0,0,0.05555555555555555,-3.26,0.0,0,0,0.1111111111111111,-2.35,0,0.05555555555555555,0,-0.93,0.0,0",-38.2,-11.21,0.9,nan,57.9
UAGUGCUUCCAUCGGAAGG,UCAGGAUCAGACACCUAGUCCUUCCGAUGGAAGCACUAGACAAAGUUCACCUGAGCC,0.52,0,"1.93,-1.33,-7.69,1,0,-190.11,0.2631578947368421,0,0.3157894736842105,0,0,0.1111111111111111,-2.08,0.05555555555555555,0,0,0.05555555555555555,-3.26,0,0.05555555555555555,0,-2.36,0.05555555555555555,0",-35.06,-7.87,1.93,nan,52.6
AGAUUGCCAGUAACUUCUC,AGGAAUCAACCUUUGAAGAGAGAAGUUACUGGCAAUCUCAAGUCAACCAGGAUAUUU,0.51,0,"1.17,-2.08,-10.48,0,0,-181.39,0.3157894736842105,0,0.15789473684210525,0,0,0.0,-2.35,0.05555555555555555,0,0,0.05555555555555555,-2.35,0,0.05555555555555555,0,-2.24,0.1111111111111111,0",-31.43,-9.08,1.17,nan,42.1
AAAGGUUGAUUCCUUCUUG,ACUUCCUAAUUUUCGAUCCCAAGAAGGAAUCAACCUUUGAAGAGAGAAGUUACUGGC,0.58,0,"1.63,-0.93,-6.82,0,0,-170.78999999999996,0.42105263157894735,0,0.21052631578947367,0,0,0.05555555555555555,-0.93,0.0,0,0,0.05555555555555555,-2.11,0,0.0,0,-2.08,0.2222222222222222,0",-28.41,-7.01,1.63,nan,36.8
AAGCCAGCUGCAAAGGUGU,GGAGCGCCCUUGCUAUCCGACACCUUUGCAGCUGGCUUUAUGUGGCUGGAUAAAUUG,0.77,1,"0.86,-0.93,-6.82,0,0,-187.31,0.15789473684210525,0,0.3157894736842105,0,0,0.05555555555555555,-2.08,0.0,0,0,0.05555555555555555,-2.24,0,0.16666666666666666,0,-0.93,0.0,0",-35.82,-11.83,0.86,nan,52.6
CACCACAGUGCACACCUCC,ACGACAGCAUCAUUGUUAAGGAGGUGUGCACUGUGGUGGCCCGGCGGGCAGCCCAGC,0.83,1,"0.7,-2.11,-10.44,0,0,-204.48000000000002,0.10526315789473684,0,0.10526315789473684,0,0,0.0,-2.24,0.0,0,1,0.16666666666666666,-3.26,0,0.05555555555555555,0,-2.11,0.0,0",-39.48,-9.5,0.7,nan,63.2
AAGUGAACCAUCAUGUUCC,CUCAGAGAAAGCGAAAAAUGGAACAUGAUGGUUCACUUUUUCAAGCAGUAGGAAUUG,0.92,1,"2.33,-0.93,-6.82,0,0,-182.43,0.2631578947368421,0,0.15789473684210525,0,0,0.0,-2.08,0.0,0,0,0.1111111111111111,-3.26,0,0.0,0,-1.1,0.05555555555555555,0",-31.26,-7.41,2.33,nan,42.1
AUGGCGUAGAUCUUGUUGU,UGGGGUGGAGUGGAGAUGCACAACAAGAUCUACGCCAUCCCGCAGGAGGUCAUGCAC,0.8,1,"0.69,-1.1,-9.38,0,0,-179.31,0.42105263157894735,0,0.3157894736842105,0,0,0.05555555555555555,-2.11,0.05555555555555555,1,0,0.0,-2.24,0,0.05555555555555555,0,-0.93,0.1111111111111111,0",-31.35,-9.73,0.69,nan,42.1
UACUCGAGGAAGUCCGCGA,GACCACAUUGUCCAGUGCAUCGCGGACUUCCUCGAGUACAUGGGCAUGAAGGGCGUG,0.81,1,"0.57,-1.33,-7.69,1,0,-193.47999999999996,0.15789473684210525,0,0.3157894736842105,0,0,0.05555555555555555,-2.24,0.05555555555555555,0,0,0.05555555555555555,-2.35,0,0.05555555555555555,0,-2.35,0.0,1",-36.76,-8.92,0.57,nan,57.9
GGCGCAUGUGGUAGAGAUA,AGUGCAGAAGGUUGACCAGUAUCUCUACCACAUGCGCCUCUCUGAUGAGACCCUCUU,0.54,0,"-1.93,-3.26,-13.39,0,1,-193.95,0.21052631578947367,0,0.42105263157894735,1,0,0.1111111111111111,-3.42,0.1111111111111111,0,0,0.0,-1.33,0,0.1111111111111111,0,-2.08,0.0,1",-35.71,-10.43,-1.93,nan,52.6
UUUGCCACUGCCAUCCUCG,AUGUCCGCUUCCUCCGCUCCGAGGAUGGCAGUGGCAAAGGUGCAGCCAUGGUGACAG,0.62,0,"1.43,-0.93,-6.82,1,0,-195.26,0.3157894736842105,1,0.15789473684210525,0,0,0.0,-0.93,0.0,1,0,0.16666666666666666,-2.36,0,0.1111111111111111,0,-1.1,0.1111111111111111,0",-36.94,-9.53,1.43,nan,57.9
UCUUAUGUAGACGCUUGGC,CAAGAAACACCCCCAUUUUGCCAAGCGUCUACAUAAGACCGUGCGGCGGCUGGUGCC,0.52,0,"1.52,-2.35,-12.44,1,0,-184.86,0.3684210526315789,0,0.2631578947368421,0,0,0.05555555555555555,-2.08,0.1111111111111111,0,0,0.0,-3.42,0,0.1111111111111111,0,-3.42,0.1111111111111111,0",-33.18,-5.25,1.52,nan,47.4
CUGGCCAAGGUACGAAGCU,AUCCUCCUGGGUUCUCCAAAGCUUCGUACCUUGGCCAGAGGCUUGUCUCCUGCGUAC,0.7,0,"-0.9,-2.08,-10.48,0,0,-192.60999999999996,0.15789473684210525,0,0.3157894736842105,0,0,0.1111111111111111,-2.11,0.05555555555555555,1,1,0.05555555555555555,-2.08,0,0.1111111111111111,0,-2.36,0.0,0",-37.0,-10.1,-0.9,nan,57.9
AUAUCCACCUCUUUUGGCA,CAGGACAGUACAGGAUGCUUGCCAAAAGAGGUGGAUAUGUCUGGGUUGAAACUCAAG,0.87,1,"0.56,-1.1,-9.38,0,0,-179.46999999999997,0.3684210526315789,0,0.10526315789473684,0,0,0.05555555555555555,-1.33,0.05555555555555555,1,0,0.1111111111111111,-2.11,0,0.05555555555555555,0,-0.93,0.16666666666666666,1",-31.96,-7.85,0.56,nan,42.1
AUGGUGACGGACAGGAACG,CUGCACCUGGUGAGCCCCUCGUUCCUGUCCGUCACCAUUGACGCCAACCUGGCCACG,0.89,1,"1.26,-1.1,-9.38,0,0,-195.04000000000002,0.10526315789473684,0,0.42105263157894735,0,0,0.16666666666666666,-2.11,0.0,1,0,0.0,-2.36,0,0.0,0,-2.08,0.0,0",-36.41,-9.77,1.26,nan,57.9
UUGUUGAAGGGAGAAAAUC,GUAUUAUUCAGCACGACUUGAUUUUCUCCCUUCAACAAACAGAAUGUGUCCUUAAAC,0.85,1,"1.87,-0.93,-6.82,1,0,-172.74999999999997,0.2631578947368421,1,0.3157894736842105,0,0,0.1111111111111111,-2.11,0.0,1,0,0.0,-2.35,0,0.0,0,-2.35,0.1111111111111111,0",-28.68,-5.68,1.87,nan,36.8
UCAUAGUUCCGACUGUGUC,UGUGGUUGCUGUGGUGAACGACACAGUCGGAACUAUGAUGACCUGUGGCUUUGAAGA,0.89,1,"0.9,-2.35,-12.44,1,0,-188.23,0.3684210526315789,0,0.21052631578947367,0,0,0.0,-2.11,0.05555555555555555,0,0,0.05555555555555555,-2.35,0,0.0,0,-2.08,0.05555555555555555,0",-33.29,-5.25,0.9,nan,47.4
UUCUCCACCAGCCUUCAGG,CUAAGAUGCUGAAGAGCUUCCUGAAGGCUGGUGGAGAAGUGAUUGAUUCAGUUACAU,0.88,1,"2.33,-0.93,-6.82,1,0,-196.70999999999998,0.2631578947368421,1,0.15789473684210525,0,0,0.05555555555555555,-2.35,0.0,1,0,0.16666666666666666,-3.26,0,0.05555555555555555,0,-2.08,0.1111111111111111,0",-37.72,-9.85,2.33,nan,57.9
AACUUCACAGUGAGGGUCU,UGAUGACCUGUGGCUUUGAAGACCCUCACUGUGAAGUUGGCCUCAUUGUUGGCACGG,0.86,1,"0.7,-0.93,-6.82,0,0,-185.52999999999997,0.2631578947368421,0,0.2631578947368421,0,0,0.1111111111111111,-2.24,0.0,0,0,0.0,-2.08,0,0.0,0,-2.08,0.05555555555555555,0",-34.05,-7.41,0.7,nan,47.4
UUGUAUUUGAGUCUGCUGG,AAAGCACAGUUACAGUAUUCCAGCAGACUCAAAUACAAGAACCUACUGCUAAUGCCA,0.91,1,"2.33,-0.93,-6.82,1,0,-179.35000000000002,0.47368421052631576,1,0.3157894736842105,0,0,0.05555555555555555,-2.11,0.05555555555555555,1,0,0.0,-3.26,0,0.05555555555555555,0,-2.08,0.16666666666666666,0",-31.22,-3.65,2.33,nan,42.1
AUUGCCAGUAACUUCUCUC,GAAGGAAUCAACCUUUGAAGAGAGAAGUUACUGGCAAUCUCAAGUCAACCAGGAUAU,0.93,1,"1.7,-1.1,-9.38,0,0,-181.39,0.3684210526315789,0,0.10526315789473684,0,0,0.0,-0.93,0.05555555555555555,1,0,0.05555555555555555,-2.35,0,0.05555555555555555,0,-0.93,0.1111111111111111,0",-31.43,-9.37,1.7,nan,42.1
UUGAGUAGGUGCUGUUCUU,ACACUACCAGAAAAAGUUCAAGAACAGCACCUACUCAAGAAGCUCUGUAGAUGUGCU,0.84,1,"0.0,-0.93,-6.82,1,0,-177.69,0.47368421052631576,1,0.3157894736842105,0,0,0.05555555555555555,-2.11,0.05555555555555555,1,0,0.0,-0.93,0,0.05555555555555555,0,-2.11,0.16666666666666666,0",-31.88,-7.65,0.0,nan,42.1
CUAAAUGGUAGUUUCCUGC,GAGGCAAGUAUUCUUUGGAGCAGGAAACUACCAUUUAGUGGAUGAAAACUUCGAUCC,0.87,1,"0.89,-2.08,-10.48,0,0,-177.65,0.3684210526315789,0,0.21052631578947367,0,0,0.05555555555555555,-1.33,0.1111111111111111,1,1,0.05555555555555555,-3.42,0,0.05555555555555555,0,-0.93,0.1111111111111111,0",-30.62,-5.12,0.89,nan,42.1
AGGACUAGUAUAUUUUAUU,GUUGCUGCUUGCAUCUGAAAAUAAAAUAUACUAGUCCUGACACUGAAUUUUUCAAGU,0.33,0,"-0.7,-2.08,-10.48,0,0,-155.19999999999996,0.47368421052631576,0,0.15789473684210525,0,0,0.05555555555555555,-3.26,0.2222222222222222,0,0,0.0,-0.93,0,0.0,0,-0.93,0.2222222222222222,0",-23.68,-9.25,-0.7,nan,21.1
UCGACGUUCAGAACUUAUC,GCGCGAACGACAAGAAAAAGAUAAGUUCUGAACGUCGAAAAGAAAAGUCUCGAGAUG,0.91,1,"0.9,-2.35,-12.44,1,0,-179.27999999999997,0.3157894736842105,0,0.15789473684210525,0,0,0.0,-2.36,0.05555555555555555,0,0,0.0,-2.35,0,0.0,0,-2.24,0.1111111111111111,0",-30.14,-7.94,0.9,nan,42.1
UUGUGGAGAGUUGUAAUGG,GAUUCUGUGUUGUUUUAUGCCAUUACAACUCUCCACAACCUUUUAUUACAUCAAGAA,0.85,1,"2.33,-0.93,-6.82,1,0,-178.77999999999997,0.3684210526315789,1,0.42105263157894735,0,0,0.1111111111111111,-2.11,0.05555555555555555,1,0,0.0,-3.26,0,0.0,0,-2.24,0.1111111111111111,0",-31.22,-9.61,2.33,nan,42.1
AUUAGGAAGUCUGUCUUGG,UACCUGAGGUUUGGUGGCACCAAGACAGACUUCCUAAUUUUCGAUCCCAAGAAGGAA,0.84,1,"2.16,-1.1,-9.38,0,0,-179.89999999999998,0.3684210526315789,0,0.3157894736842105,0,0,0.1111111111111111,-0.93,0.05555555555555555,1,0,0.0,-3.26,0,0.0,0,-2.24,0.1111111111111111,0",-31.27,-5.89,2.16,nan,42.1
AAUCUGAGACAAGAACUUG,CAAGGGGCAUCUUUGAAACCAAGUUCUUGUCUCAGAUUGAGAGUGACUGCCUGGCCC,0.87,1,"1.63,-0.93,-6.82,0,0,-175.13,0.21052631578947367,0,0.21052631578947367,0,0,0.0,-1.1,0.0,0,0,0.0,-2.11,0,0.0,0,-2.35,0.05555555555555555,0",-28.81,-7.53,1.63,nan,36.8
UUUGGUGAGGCUGUCCGAC,CCAUAUAGAGAUACUCAAAGUCGGACAGCCUCACCAAACAGAGCAGGAAAAGGAGUC,0.6,0,"1.76,-0.93,-6.82,1,0,-195.79999999999998,0.3157894736842105,1,0.3684210526315789,0,0,0.1111111111111111,-0.93,0.0,1,0,0.05555555555555555,-2.24,0,0.05555555555555555,0,-2.24,0.1111111111111111,0",-37.14,-8.01,1.76,nan,57.9
UUGACUUGAGAUUGCCAGU,ACCUUUGAAGAGAGAAGUUACUGGCAAUCUCAAGUCAACCAGGAUAUUUGCAAAUAU,0.89,1,"0.86,-0.93,-6.82,1,0,-180.38,0.3684210526315789,1,0.2631578947368421,0,0,0.0,-2.11,0.0,1,0,0.05555555555555555,-2.24,0,0.05555555555555555,0,-2.11,0.16666666666666666,0",-31.79,-7.28,0.86,nan,42.1
UGAGUGGUGGCUCCAAGCC,CGCAAGGAGAUGGAGAAAGGGCUUGGAGCCACCACUCACCCUACUGCAGCAGUGAAG,0.54,0,"1.6,-2.11,-10.44,1,0,-203.69,0.21052631578947367,0,0.3684210526315789,0,0,0.1111111111111111,-2.35,0.0,0,0,0.1111111111111111,-3.26,0,0.1111111111111111,0,-3.26,0.0,0",-40.13,-9.74,1.6,nan,63.2
AGCAUCUUAGCCGUCUUUC,GAUGUUGGUCAGCCUCGAAGAAAGACGGCUAAGAUGCUGAAGAGCUUCCUGAAGGCU,0.86,1,"1.17,-2.08,-10.48,0,0,-185.06999999999996,0.3684210526315789,0,0.15789473684210525,0,0,0.0,-3.42,0.05555555555555555,0,0,0.05555555555555555,-2.35,0,0.1111111111111111,0,-2.24,0.16666666666666666,0",-32.86,-7.45,1.17,nan,47.4
AUCUGAAGAUUCAACCGGU,AAACAGAAUGUGUCCUUAAACCGGUUGAAUCUUCAGAUAUGAAAAUGACUCAGCUAU,0.8,1,"0.69,-1.1,-9.38,0,0,-179.98999999999998,0.2631578947368421,0,0.21052631578947367,0,0,0.05555555555555555,-2.35,0.0,1,0,0.05555555555555555,-2.24,0,0.0,0,-0.93,0.05555555555555555,0",-31.14,-7.36,0.69,nan,42.1
UAUAGCACAUCUACAGAGC,AACAGCACCUACUCAAGAAGCUCUGUAGAUGUGCUAUACACUUUUGCAAACUGCUCA,0.7,0,"2.09,-1.33,-7.69,1,0,-185.17999999999998,0.21052631578947367,0,0.15789473684210525,0,0,0.0,-1.1,0.16666666666666666,0,0,0.0,-3.42,0,0.1111111111111111,0,-2.24,0.0,0",-32.32,-7.74,2.09,nan,42.1
UCACAGGUGCUCUCAAGCC,GCCAUCCUGCAACACUUAGGGCUUGAGAGCACCUGUGACGACAGCAUCAUUGUUAAG,0.82,1,"1.36,-2.35,-12.44,1,0,-199.82999999999998,0.21052631578947367,0,0.21052631578947367,0,0,0.05555555555555555,-2.11,0.0,0,0,0.05555555555555555,-3.26,0,0.1111111111111111,0,-2.35,0.0,0",-38.04,-9.5,1.36,nan,57.9
AACAGUUGCUUUCCCGGGU,AUUGACAUGGGCUCACUGAACCCGGGAAAGCAACUGUUUGAGAAGAUGAUCAGUGGG,0.77,1,"0.86,-0.93,-6.82,0,0,-183.79,0.3157894736842105,0,0.2631578947368421,0,0,0.1111111111111111,-2.24,0.0,0,0,0.1111111111111111,-2.24,0,0.05555555555555555,0,-3.26,0.16666666666666666,0",-35.0,-7.17,0.86,nan,52.6
UUGUUGUGCAUCUCCACUC,CGGAAUGGGAAGUGGGGUGGAGUGGAGAUGCACAACAAGAUCUACGCCAUCCCGCAG,0.79,1,"1.87,-0.93,-6.82,1,0,-188.64,0.42105263157894735,1,0.15789473684210525,0,0,0.0,-2.11,0.0,1,0,0.05555555555555555,-2.35,0,0.05555555555555555,0,-2.35,0.1111111111111111,0",-33.58,-7.2,1.87,nan,47.4
CUUGCCAUUAACACCUUGG,UUCAAGAAAUUGGUGGGCACCAAGGUGUUAAUGGCAAGCGUGCAAGGUUCAAAGAGA,0.86,1,"0.73,-2.08,-10.48,0,0,-181.31,0.3157894736842105,0,0.15789473684210525,0,0,0.05555555555555555,-0.93,0.05555555555555555,1,1,0.1111111111111111,-3.26,0,0.05555555555555555,0,-2.24,0.16666666666666666,0",-32.34,-7.94,0.73,nan,47.4
UUAACAAUGAUGCUGUCGU,GGGCUUGAGAGCACCUGUGACGACAGCAUCAUUGUUAAGGAGGUGUGCACUGUGGUG,0.88,1,"0.86,-0.93,-6.82,1,0,-172.70000000000002,0.3684210526315789,1,0.21052631578947367,0,0,0.0,-1.33,0.05555555555555555,1,0,0.0,-2.24,0,0.05555555555555555,0,-2.08,0.05555555555555555,0",-29.05,-3.65,0.86,nan,36.8
UUAUCCAGCCACAUAAAGC,UCCGACACCUUUGCAGCUGGCUUUAUGUGGCUGGAUAAAUUGGGCCUGUCAGCCCGA,0.66,0,"2.49,-0.93,-6.82,1,0,-179.92999999999998,0.21052631578947367,1,0.10526315789473684,0,0,0.0,-1.33,0.1111111111111111,1,0,0.1111111111111111,-3.42,0,0.1111111111111111,0,-1.1,0.05555555555555555,0",-31.55,-7.69,2.49,nan,42.1
UGGUCAAACAGCUGGGUGC,GACAUCAUGCGAGGCAGUGGCACCCAGCUGUUUGACCACAUUGCCGAAUGCCUGGCU,0.7,0,"1.76,-2.11,-10.44,1,0,-196.04,0.21052631578947367,0,0.3684210526315789,0,0,0.16666666666666666,-3.26,0.0,0,0,0.0,-3.42,0,0.1111111111111111,0,-2.11,0.0,0",-37.72,-7.28,1.76,nan,57.9
UUCACACACAUCCGCCCCU,GAACUGGUGGAAGGAGAAGAGGGGCGGAUGUGUGUGAACAUGGAAUGGGGGGCCUUC,0.72,1,"0.7,-0.93,-6.82,1,0,-195.54999999999993,0.21052631578947367,1,0.05263157894736842,0,0,0.0,-2.35,0.0,1,0,0.2222222222222222,-2.08,0,0.05555555555555555,0,-2.36,0.05555555555555555,0",-37.8,-8.17,0.7,nan,57.9
UGAAACUCUGGUUCACCAU,CGAGCUGCUGGGAGGAGACAUGGUGAACCAGAGUUUCAUCUGCGACCCGGACGACGA,0.51,0,"-0.56,-2.11,-10.44,1,0,-179.81,0.3157894736842105,0,0.15789473684210525,0,0,0.05555555555555555,-2.35,0.0,0,0,0.05555555555555555,-1.1,0,0.0,0,-2.35,0.05555555555555555,0",-31.79,-6.79,-0.56,nan,42.1
UACAAUAGCAGACACCAUC,CUAUCAUGCGUUCUCCUCAGAUGGUGUCUGCUAUUGUACGUACCAUGCAGAAUACAA,0.92,1,"1.47,-1.33,-7.69,1,0,-183.7,0.15789473684210525,0,0.10526315789473684,0,0,0.0,-2.24,0.1111111111111111,0,0,0.05555555555555555,-2.35,0,0.05555555555555555,0,-2.11,0.0,0",-31.95,-5.25,1.47,nan,42.1
UUUGUUCUCCUUGAUGCGC,CCCUGGCCGCCGUGCUGCAGCGCAUCAAGGAGAACAAAGGCGAGGAGCGGCUGCGCU,0.8,1,"2.49,-0.93,-6.82,1,0,-184.12,0.47368421052631576,1,0.21052631578947367,0,0,0.0,-0.93,0.0,1,0,0.05555555555555555,-3.42,0,0.1111111111111111,0,-2.35,0.2222222222222222,0",-32.52,-5.65,2.49,nan,47.4
UGAGGGUCUUCAAAGCCAC,GUCGGAACUAUGAUGACCUGUGGCUUUGAAGACCCUCACUGUGAAGUUGGCCUCAUU,0.85,1,"1.03,-2.11,-10.44,1,0,-191.05999999999997,0.21052631578947367,0,0.2631578947368421,0,0,0.1111111111111111,-2.35,0.0,0,0,0.05555555555555555,-2.24,0,0.05555555555555555,0,-0.93,0.05555555555555555,0",-35.55,-11.45,1.03,nan,52.6
UGGAAGUCAUCAUCCAUUG,AUGUUAGCUCCCUAUAUCCCAAUGGAUGAUGACUUCCAGUUACGUUCCUUCGAUCAG,0.88,1,"0.9,-2.11,-10.44,1,0,-185.07,0.3157894736842105,0,0.21052631578947367,0,0,0.05555555555555555,-3.26,0.0,0,0,0.05555555555555555,-2.11,0,0.0,0,-2.35,0.05555555555555555,0",-31.41,-9.12,0.9,nan,42.1
UGAUUUUACACGCUUCCGC,AGAAGGGACCAGUUUGUUGGCGGAAGCGUGUAAAAUCAGAGUACAUGCGACUGAGAC,0.54,0,"1.76,-2.11,-10.44,1,0,-180.49,0.3684210526315789,0,0.15789473684210525,0,0,0.0,-2.35,0.05555555555555555,0,0,0.05555555555555555,-3.42,0,0.1111111111111111,0,-2.08,0.2222222222222222,0",-31.91,-3.03,1.76,nan,47.4
UGAAAGCUCAUCCACAGCC,UCCGCACAGAAUUUGAUGUGGCUGUGGAUGAGCUUUCACUCAACCCCGGCAAGCAGA,0.94,1,"1.6,-2.11,-10.44,1,0,-194.14999999999998,0.15789473684210525,0,0.15789473684210525,0,0,0.0,-2.35,0.0,0,0,0.1111111111111111,-3.26,0,0.1111111111111111,0,-2.11,0.0,0",-35.75,-7.25,1.6,nan,52.6
UAGGGUAACCGCAAGUACU,AACCUCCAUAAUGUCACCAAGUACUUGCGGUUACCCUAUCCUUUUUCUAACAAGCAA,0.94,1,"0.3,-1.33,-7.69,1,0,-178.82999999999998,0.21052631578947367,0,0.2631578947368421,0,0,0.1111111111111111,-2.08,0.16666666666666666,0,0,0.05555555555555555,-2.08,0,0.05555555555555555,0,-0.93,0.0,0",-33.73,-8.11,0.3,nan,47.4
UCGAGGCUGACCAACAUCA,AUGCAAAACUCUAUGGUCCUGAUGUUGGUCAGCCUCGAAGAAAGACGGCUAAGAUGC,0.56,0,"-0.24,-2.35,-12.44,1,0,-192.73,0.15789473684210525,0,0.21052631578947367,0,0,0.05555555555555555,-2.36,0.0,0,0,0.05555555555555555,-2.11,0,0.05555555555555555,0,-0.93,0.0,1",-35.82,-11.01,-0.24,nan,52.6
UCGGAGUAGCAAUUGCUCC,GGUUGGAAUGGCCCUACCAGGAGCAAUUGCUACUCCGAGAACACUACCAGAAAAAGU,0.71,1,"1.36,-2.35,-12.44,1,0,-191.59999999999997,0.2631578947368421,0,0.2631578947368421,0,0,0.05555555555555555,-2.36,0.05555555555555555,0,0,0.05555555555555555,-3.26,0,0.1111111111111111,0,-0.93,0.05555555555555555,0",-35.22,-9.08,1.36,nan,52.6
ACGCAGGAGACAAGCCUCU,AAAGCUUCGUACCUUGGCCAGAGGCUUGUCUCCUGCGUACCUGAGGUUUGGUGGCAC,0.85,1,"-0.16,-2.24,-11.4,0,0,-196.34999999999997,0.10526315789473684,0,0.2631578947368421,0,0,0.05555555555555555,-2.36,0.0,0,0,0.05555555555555555,-2.08,0,0.1111111111111111,0,-2.08,0.0,0",-37.81,-11.04,-0.16,nan,57.9
UCACAAAUCAGCACCAAGC,AAGAAACCACCUAUGACCUGCUUGGUGCUGAUUUGUGAACCCAUUCCUCACCCAUCA,0.89,1,"1.52,-2.35,-12.44,1,0,-186.49999999999997,0.10526315789473684,0,0.10526315789473684,0,0,0.0,-2.11,0.0,0,0,0.05555555555555555,-3.42,0,0.1111111111111111,0,-2.24,0.0,0",-33.34,-4.88,1.52,nan,47.4
AACACGGACCAGCAGGACC,UUGGAGGAACAAAUUUCCGGGUCCUGCUGGUCCGUGUUCGGAAUGGGAAGUGGGGUG,0.69,0,"2.33,-0.93,-6.82,0,0,-201.33000000000004,0.0,0,0.2631578947368421,0,0,0.1111111111111111,-2.24,0.0,0,0,0.1111111111111111,-3.26,0,0.05555555555555555,0,-2.11,0.0,0",-39.36,-9.57,2.33,nan,63.2
AAUAAUACCACUCACAACG,GCAUUGUAUGUGUGAAUUACGUUGUGAGUGGUAUUAUUCAGCACGACUUGAUUUUCU,0.9,1,"1.43,-0.93,-6.82,0,0,-171.14,0.15789473684210525,0,0.05263157894736842,0,0,0.0,-1.1,0.1111111111111111,0,0,0.05555555555555555,-2.36,0,0.0,0,-2.11,0.0,0",-28.45,-3.49,1.43,nan,36.8
CCACCUCUUUUGGCAAGCA,ACCACAGGACAGUACAGGAUGCUUGCCAAAAGAGGUGGAUAUGUCUGGGUUGAAACU,0.17,0,"-1.6,-3.26,-13.39,0,0,-186.91999999999996,0.2631578947368421,0,0.15789473684210525,0,0,0.05555555555555555,-2.11,0.0,0,1,0.1111111111111111,-2.11,1,0.1111111111111111,0,-3.42,0.16666666666666666,1",-35.07,-9.58,-1.6,nan,52.6
AACAUCAGGACCAUAGAGU,CCACCUUCAAAAAUGCAAAACUCUAUGGUCCUGAUGUUGGUCAGCCUCGAAGAAAGA,0.86,1,"0.86,-0.93,-6.82,0,0,-183.27999999999997,0.15789473684210525,0,0.21052631578947367,0,0,0.05555555555555555,-2.24,0.05555555555555555,0,0,0.05555555555555555,-2.24,0,0.0,0,-1.1,0.0,0",-32.33,-7.45,0.86,nan,42.1
AUUCCAACCGUAACUUCUC,CAUCCCUCCUGAUGUGGAGGAGAAGUUACGGUUGGAAUGGCCCUACCAGGAGCAAUU,0.48,0,"1.7,-1.1,-9.38,0,0,-177.35999999999999,0.3157894736842105,0,0.05263157894736842,0,0,0.0,-0.93,0.05555555555555555,1,0,0.1111111111111111,-2.35,0,0.0,0,-2.24,0.1111111111111111,0",-30.53,-7.28,1.7,nan,42.1
UAGGCAUCCAUUGUCCCCG,ACAUGGAAUGGGGGGCCUUCGGGGACAAUGGAUGCCUAGAUGACUUCCGCACAGAAU,0.86,1,"1.03,-1.33,-7.69,1,0,-196.48999999999995,0.2631578947368421,0,0.21052631578947367,0,0,0.05555555555555555,-2.08,0.05555555555555555,0,0,0.2222222222222222,-2.36,0,0.05555555555555555,0,-2.24,0.05555555555555555,0",-37.35,-9.78,1.03,nan,57.9
UUCCCAAGAAAUGUUAUAC,ACUACUGCUCUUCCAAGGGGUAUAACAUUUCUUGGGAACUAGGCAAUGAACCUAACA,0.89,1,"1.76,-0.93,-6.82,1,0,-166.73,0.3157894736842105,1,0.10526315789473684,0,0,0.0,-2.35,0.1111111111111111,1,0,0.1111111111111111,-2.24,0,0.0,0,-2.24,0.1111111111111111,0",-26.97,-9.45,1.76,nan,31.6
ACUGGACUUGAAUCCCUUG,GUUUCCUGGUCUCAUGGACCAAGGGAUUCAAGUCCAGUGGAGUGGAAGGCAGAGACG,0.26,0,"0.77,-2.24,-11.4,0,0,-185.55999999999997,0.3157894736842105,0,0.21052631578947367,0,0,0.05555555555555555,-2.08,0.0,0,0,0.1111111111111111,-2.11,0,0.0,0,-2.35,0.1111111111111111,0",-33.23,-9.58,0.77,nan,47.4
AGAAUACUUGCCUCAUCAC,CCGAAUGGGAAUAGAAGUGGUGAUGAGGCAAGUAUUCUUUGGAGCAGGAAACUACCA,0.93,1,"1.06,-2.08,-10.48,0,0,-183.91,0.2631578947368421,0,0.10526315789473684,0,0,0.0,-2.35,0.05555555555555555,0,0,0.05555555555555555,-2.24,0,0.05555555555555555,0,-2.35,0.05555555555555555,0",-31.63,-5.49,1.06,nan,42.1
UUUCAAUAUUUGAUGGGUG,GAUUUGUGAACCCAUUCCUCACCCAUCAAAUAUUGAAAUUCCUUUAGAUAGCAAGAC,0.63,0,"1.63,-0.93,-6.82,1,0,-167.42,0.47368421052631576,1,0.2631578947368421,0,0,0.1111111111111111,-0.93,0.05555555555555555,1,0,0.0,-2.11,0,0.0,0,-1.1,0.2222222222222222,0",-26.64,-3.76,1.63,nan,31.6
AAGUCUUGCUAUCUAAAGG,CCCAUCAAAUAUUGAAAUUCCUUUAGAUAGCAAGACUUUCCUCAGUCGACACAGCCU,0.92,1,"2.33,-0.93,-6.82,0,0,-172.09999999999997,0.3157894736842105,0,0.21052631578947367,0,0,0.05555555555555555,-2.08,0.1111111111111111,0,0,0.0,-3.26,0,0.05555555555555555,0,-2.08,0.05555555555555555,0",-29.07,-7.25,2.33,nan,36.8
UCCACUAAAUGGUAGUUUC,CAAGUAUUCUUUGGAGCAGGAAACUACCAUUUAGUGGAUGAAAACUUCGAUCCUUUA,0.88,1,"0.9,-2.35,-12.44,1,0,-172.40999999999997,0.3684210526315789,0,0.15789473684210525,0,0,0.05555555555555555,-3.26,0.1111111111111111,0,0,0.05555555555555555,-2.35,0,0.0,0,-1.33,0.1111111111111111,0",-29.26,-7.41,0.9,nan,36.8
AAGGUGUCGGAUAGCAAGG,GCAUAUGGAGGCGGAGCGCCCUUGCUAUCCGACACCUUUGCAGCUGGCUUUAUGUGG,0.88,1,"2.33,-0.93,-6.82,0,0,-189.06999999999994,0.15789473684210525,0,0.42105263157894735,0,0,0.16666666666666666,-2.08,0.05555555555555555,0,0,0.0,-3.26,0,0.05555555555555555,0,-2.08,0.0,0",-34.95,-9.74,2.33,nan,52.6
GAAACUGUUAGGUUCAUUG,ACAUUUCUUGGGAACUAGGCAAUGAACCUAACAGUUUCCUUAAGAAGGCUGAUAUUU,0.76,1,"-0.24,-2.35,-12.44,0,1,-172.30999999999997,0.3684210526315789,0,0.2631578947368421,0,0,0.05555555555555555,-0.93,0.05555555555555555,0,0,0.0,-2.11,0,0.0,0,-0.93,0.16666666666666666,0",-28.16,-5.54,-0.24,nan,36.8
UAAACAUUGAGGCUUCAGC,GAAUGUGGAGUGGAGUGGUGCUGAAGCCUCAAUGUUUAGAGUCCUCAUUGGCACUUA,0.76,1,"2.09,-1.33,-7.69,1,0,-179.20999999999998,0.2631578947368421,0,0.21052631578947367,0,0,0.05555555555555555,-0.93,0.05555555555555555,0,0,0.0,-3.42,0,0.1111111111111111,0,-2.08,0.1111111111111111,0",-31.22,-3.25,2.09,nan,42.1
UAUACUCGAAGCUUCCUUC,AGCGUGCAAGGUUCAAAGAGAAGGAAGCUUCGAGUAUACCUUCAUUGCACAAACACU,0.94,1,"1.47,-1.33,-7.69,1,0,-179.87999999999997,0.3684210526315789,0,0.10526315789473684,0,0,0.0,-1.1,0.1111111111111111,0,0,0.05555555555555555,-2.35,0,0.05555555555555555,0,-0.93,0.1111111111111111,0",-31.01,-6.92,1.47,nan,42.1
AAAAUUAGGAAGUCUGUCU,CUGAGGUUUGGUGGCACCAAGACAGACUUCCUAAUUUUCGAUCCCAAGAAGGAAUCA,0.85,1,"0.7,-0.93,-6.82,0,0,-165.99,0.3157894736842105,0,0.21052631578947367,0,0,0.05555555555555555,-0.93,0.05555555555555555,0,0,0.0,-2.08,0,0.0,0,-2.35,0.05555555555555555,0",-27.31,-2.76,0.7,nan,31.6
AAUUAGGAAGUCUGUCUUG,ACCUGAGGUUUGGUGGCACCAAGACAGACUUCCUAAUUUUCGAUCCCAAGAAGGAAU,0.79,1,"1.63,-0.93,-6.82,0,0,-173.32999999999998,0.3684210526315789,0,0.2631578947368421,0,0,0.05555555555555555,-1.1,0.05555555555555555,0,0,0.0,-2.11,0,0.0,0,-2.11,0.1111111111111111,0",-28.94,-6.06,1.63,nan,36.8
GAAAAUUAGGAAGUCUGUC,UGAGGUUUGGUGGCACCAAGACAGACUUCCUAAUUUUCGAUCCCAAGAAGGAAUCAA,0.42,0,"0.0,-2.35,-12.44,0,1,-175.39000000000001,0.2631578947368421,0,0.2631578947368421,0,0,0.05555555555555555,-0.93,0.05555555555555555,0,0,0.0,-2.35,0,0.0,0,-2.24,0.05555555555555555,0",-28.48,-1.16,0.0,nan,36.8
UUCCAUCGGAAGGACUAGG,CCAGAUUCAGGAUCAGACACCUAGUCCUUCCGAUGGAAGCACUAGACAAAGUUCACC,0.4,0,"2.33,-0.93,-6.82,1,0,-190.62,0.21052631578947367,1,0.3157894736842105,0,0,0.16666666666666666,-2.35,0.05555555555555555,1,0,0.05555555555555555,-3.26,0,0.0,0,-2.35,0.05555555555555555,0",-35.14,-8.99,2.33,nan,52.6
UAAUGCAACUUCUUGAUUG,GUAGUGCUGACCCUGCACUCAAUCAAGAAGUUGCAUUAAAAUUAGAACCAAAUCCAG,0.9,1,"1.23,-1.33,-7.69,1,0,-167.1,0.42105263157894735,0,0.15789473684210525,0,0,0.0,-0.93,0.05555555555555555,0,0,0.0,-2.11,0,0.05555555555555555,0,-0.93,0.16666666666666666,0",-26.6,-5.61,1.23,nan,31.6
