siRNA,mRNA,true_efficiency,pred_efficiency,true_y,pred_y,abs_error
GCGCUCAUCAUUGUGCUGC,GGCUGGUGAAGGUCACUAAGCAGCACAAUGAUGAGUGCAAACAUCUGCUGAGCCUCA,0.8000,0.5411,1,1,0.2589
GCACUCGUCAUUGUGCUGC,GGCUGGUGAAGGUCACUAAGCAGCACAAUGAUGAGUGCAAACAUCUGCUGAGCCUCA,0.7800,0.5249,1,1,0.2551
GCACUCAUCGUUGUGCUGC,GGCUGGUGAAGGUCACUAAGCAGCACAAUGAUGAGUGCAAACAUCUGCUGAGCCUCA,0.3500,0.5480,0,1,0.1980
GCGCUCGUCAUUGUGCUGC,GGCUGGUGAAGGUCACUAAGCAGCACAAUGAUGAGUGCAAACAUCUGCUGAGCCUCA,0.9000,0.5143,1,1,0.3857
GCACUCGUCGUUGUGCUGC,GGCUGGUGAAGGUCACUAAGCAGCACAAUGAUGAGUGCAAACAUCUGCUGAGCCUCA,0.2500,0.5162,0,1,0.2662
GCGCUCGUCGUUGUGCUGC,GGCUGGUGAAGGUCACUAAGCAGCACAAUGAUGAGUGCAAACAUCUGCUGAGCCUCA,0.3000,0.5051,0,1,0.2051
GCACUCAUUAUUGUGCUGC,GGCUGGUGAAGGUCACUAAGCAGCACAAUGAUGAGUGCAAACAUCUGCUGAGCCUCA,0.5000,0.5159,0,1,0.0159
GCACUCAUCAUUGUGUUGC,GGCUGGUGAAGGUCACUAAGCAGCACAAUGAUGAGUGCAAACAUCUGCUGAGCCUCA,0.3000,0.5658,0,1,0.2658
GCACUUAUCAUUGUGCUGC,GGCUGGUGAAGGUCACUAAGCAGCACAAUGAUGAGUGCAAACAUCUGCUGAGCCUCA,0.5500,0.5572,0,1,0.0072
GUACUCAUCAUUGUGCUGC,GGCUGGUGAAGGUCACUAAGCAGCACAAUGAUGAGUGCAAACAUCUGCUGAGCCUCA,0.6000,0.5911,0,1,0.0089
GCACUCAUCAUUGUGCUGU,GGCUGGUGAAGGUCACUAAGCAGCACAAUGAUGAGUGCAAACAUCUGCUGAGCCUCA,0.4500,0.4263,0,0,0.0237
GCGCUCGUCAUUGUGCUGU,GGCUGGUGAAGGUCACUAAGCAGCACAAUGAUGAGUGCAAACAUCUGCUGAGCCUCA,0.2500,0.3935,0,0,0.1435
GUGCUCGUCAUUGUGCUGC,GGCUGGUGAAGGUCACUAAGCAGCACAAUGAUGAGUGCAAACAUCUGCUGAGCCUCA,0.3000,0.5462,0,1,0.2462
ACACUCAUCAUUGUGCUGC,GGCUGGUGAAGGUCACUAAGCAGCACAAUGAUGAGUGCAAACAUCUGCUGAGCCUCA,0.7000,0.5552,1,1,0.1448
CCACUCAUCAUUGUGCUGC,GGCUGGUGAAGGUCACUAAGCAGCACAAUGAUGAGUGCAAACAUCUGCUGAGCCUCA,0.6500,0.5781,0,1,0.0719
UCACUCAUCAUUGUGCUGC,GGCUGGUGAAGGUCACUAAGCAGCACAAUGAUGAGUGCAAACAUCUGCUGAGCCUCA,0.6000,0.5938,0,1,0.0062
GCCCUCAUCAUUGUGCUGC,GGCUGGUGAAGGUCACUAAGCAGCACAAUGAUGAGUGCAAACAUCUGCUGAGCCUCA,0.2500,0.5147,0,1,0.2647
GCACUCCUCAUUGUGCUGC,GGCUGGUGAAGGUCACUAAGCAGCACAAUGAUGAGUGCAAACAUCUGCUGAGCCUCA,0.3000,0.4816,0,0,0.1816
CCCCCUACCUGUGGACAUA,ACUGGGGUGGCUCAGAGAAUAUGUCCACAGGUAGGGGGGUCCUCAUCUCCCUCUGCU,0.6900,0.3231,0,0,0.3669
CCCCCUACCUGUGGACAUA,ACUGGGGUGGCUCAGAGAAUAUGUCCACAGGUAGGGGGGUCCUCAUCUCCCUCUGCU,0.6900,0.3259,0,0,0.3641
UCCAUGGCCAGCAGUGAGG,UCACCACGGUUCAUGGAAACCUCACUGCUGGCCAUGGGCUCCUGGUGGAGCUAAUAA,0.4000,0.4182,0,0,0.0182
UCCAUGGCCAGCAGUGAGG,UCACCACGGUUCAUGGAAACCUCACUGCUGGCCAUGGGCUCCUGGUGGAGCUAAUAA,0.2800,0.4204,0,0,0.1404
UACCAGGAGCCCAUGGCCA,UUCAUGGAAACCUCACUGCUGGCCAUGGGCUCCUGGUGGAGCUAAUAAUCACUUUCC,0.3400,0.4683,0,0,0.1283
UACCAGGAGCCCAUGGCCA,UUCAUGGAAACCUCACUGCUGGCCAUGGGCUCCUGGUGGAGCUAAUAAUCACUUUCC,0.4200,0.4697,0,0,0.0497
UGAGCUGGAUUCAUGCUGG,GCAAUCAAUUAUACCGGAGCCAGCAUGAAUCCAGCUCGAUCCUUUGGCCCUGCAGUU,0.6100,0.5528,0,1,0.0572
UGAGCUGGAUUCAUGCUGG,GCAAUCAAUUAUACCGGAGCCAGCAUGAAUCCAGCUCGAUCCUUUGGCCCUGCAGUU,0.6700,0.5542,0,1,0.1158
UCAGUUUCCCAUGAUAACU,CUCGAUCCUUUGGCCCUGCAGUUAUCAUGGGAAACUGGGAAAACCACUGGAUAUAUU,0.6500,0.5740,0,1,0.0760
UCAGUUUCCCAUGAUAACU,CUCGAUCCUUUGGCCCUGCAGUUAUCAUGGGAAACUGGGAAAACCACUGGAUAUAUU,0.5600,0.5741,0,1,0.0141
UAACCCAAUAUAUCCAGUG,CAUGGGAAACUGGGAAAACCACUGGAUAUAUUGGGUUGGACCAAUCAUAGGCGCUGU,0.7500,0.6543,1,1,0.0957
UAACCCAAUAUAUCCAGUG,CAUGGGAAACUGGGAAAACCACUGGAUAUAUUGGGUUGGACCAAUCAUAGGCGCUGU,0.7200,0.6539,1,1,0.0661
UCACCUCCAUGUAGCUCCC,AGCUGCACAGCAGACGAAAGGGAGCUACAUGGAGGUGGAGGACAACCGGAGCCAAGU,0.6000,0.5351,0,1,0.0649
UCACCUCCAUGUAGCUCCC,AGCUGCACAGCAGACGAAAGGGAGCUACAUGGAGGUGGAGGACAACCGGAGCCAAGU,0.5500,0.5406,0,1,0.0094
UGGGCUUCAGGAUCAAGUC,GAGCCAAGUGGAGACAGAAGACUUGAUCCUGAAGCCCGGGGUGGUGCAUGUGAUCGA,0.8200,0.5762,1,1,0.2438
UGGGCUUCAGGAUCAAGUC,GAGCCAAGUGGAGACAGAAGACUUGAUCCUGAAGCCCGGGGUGGUGCAUGUGAUCGA,0.8400,0.5801,1,1,0.2599
UACCUCUCCAGACGAGUCC,GAGACGAGAAGAAGGGGAAGGACUCGUCUGGAGAGGUGUUAUCUUCUGUAUGACUAG,0.9200,0.5127,1,1,0.4073
UACCUCUCCAGACGAGUCC,GAGACGAGAAGAAGGGGAAGGACUCGUCUGGAGAGGUGUUAUCUUCUGUAUGACUAG,0.9100,0.5111,1,1,0.3989
GCUCCACUUGGCUCCGGUU,CUACAUGGAGGUGGAGGACAACCGGAGCCAAGUGGAGACAGAAGACUUGAUCCUGAA,0.8000,0.2825,1,0,0.5175
GCUCCACUUGGCUCCGGUU,CUACAUGGAGGUGGAGGACAACCGGAGCCAAGUGGAGACAGAAGACUUGAUCCUGAA,0.8400,0.2817,1,0,0.5583
UACCAGGAGCCCAUGGCCA,UUCAUGGAAACCUCACCGCUGGCCAUGGGCUCCUGGUGGAGUUAAUAAUCACUUUCC,0.3900,0.4609,0,0,0.0709
UACCAGGAGCCCAUGGCCA,UUCAUGGAAACCUCACCGCUGGCCAUGGGCUCCUGGUGGAGUUAAUAAUCACUUUCC,0.5800,0.4604,0,0,0.1196
UGAGCUGGAUUCAUGCUGG,GCAAUCAAUUAUACUGGAGCCAGCAUGAAUCCAGCUCGAUCUUUUGGACCCGCAGUU,0.5700,0.5567,0,1,0.0133
UGAGCUGGAUUCAUGCUGG,GCAAUCAAUUAUACUGGAGCCAGCAUGAAUCCAGCUCGAUCUUUUGGACCCGCAGUU,0.5500,0.5578,0,1,0.0078
UCAGUUUCCCAUGAUAACU,CUCGAUCUUUUGGACCCGCAGUUAUCAUGGGAAACUGGGCAAACCACUGGAUAUAUU,0.7000,0.5998,1,1,0.1002
UCAGUUUCCCAUGAUAACU,CUCGAUCUUUUGGACCCGCAGUUAUCAUGGGAAACUGGGCAAACCACUGGAUAUAUU,0.7300,0.6010,1,1,0.1290
UAACCCAAUAUAUCCAGUG,CAUGGGAAACUGGGCAAACCACUGGAUAUAUUGGGUUGGACCAAUCAUGGGCGCUGU,0.6500,0.6366,0,1,0.0134
UAACCCAAUAUAUCCAGUG,CAUGGGAAACUGGGCAAACCACUGGAUAUAUUGGGUUGGACCAAUCAUGGGCGCUGU,0.6000,0.6359,0,1,0.0359
UCACCUCCAUGUAGCUCCC,AGCCGCGCAGCAGACAAAAGGGAGCUACAUGGAGGUGGAGGACAACCGGAGCCAAGU,0.7500,0.5198,1,1,0.2302
UCACCUCCAUGUAGCUCCC,AGCCGCGCAGCAGACAAAAGGGAGCUACAUGGAGGUGGAGGACAACCGGAGCCAAGU,0.7000,0.5248,1,1,0.1752
UGGGCUUCAGGAUCAAGUC,GAGCCAAGUGGAGACGGAAGACUUGAUCCUGAAGCCCGGAGUGGUGCAUGUGAUUGA,0.8300,0.5894,1,1,0.2406
UGGGCUUCAGGAUCAAGUC,GAGCCAAGUGGAGACGGAAGACUUGAUCCUGAAGCCCGGAGUGGUGCAUGUGAUUGA,0.8500,0.5907,1,1,0.2593
GCUCCACUUGGCUCCGGUU,CUACAUGGAGGUGGAGGACAACCGGAGCCAAGUGGAGACGGAAGACUUGAUCCUGAA,0.6600,0.2951,0,0,0.3649
GCUCCACUUGGCUCCGGUU,CUACAUGGAGGUGGAGGACAACCGGAGCCAAGUGGAGACGGAAGACUUGAUCCUGAA,0.8200,0.3053,1,0,0.5147
