siRNA,mRNA,label,pred
UGUCAGGACUAGUAUAUUU,CUGCUUGCAUCUGAAAAUAAAAUAUACUAGUCCUGACACUGAAUUUUUCAAGUAUAC,0.67,0.73004916
UCUCCUAACCAGACCUUCU,GAGAGCACCAGGCCUGGCAAGAAGGUCUGGUUAGGAGAAACAAGCUCUGCAUAUGGA,0.82,0.95192246
UCUCCUAACUGCGACCCAU,AAGGCUGAUAUUUUCAUCAAUGGGUCGCAGUUAGGAGAAGAUUUUAUUCAAUUGCAU,0.81,0.89632175
UUAUACCCCUUGGAAGAGC,CAGUUGCUCCUGGACUACUGCUCUUCCAAGGGGUAUAACAUUUCUUGGGAACUAGGC,0.87,0.81566368
UCAGGACUAGUAUAUUUUA,UGCUGCUUGCAUCUGAAAAUAAAAUAUACUAGUCCUGACACUGAAUUUUUCAAGUAU,0.43,0.56319856
AUCAUGAUGAGUUUUGGUC,CUUUGGACUCUGAUCAUCUGACCAAAACUCAUCAUGAUAUGUUUACUAAAGGACAAG,0.91,0.91348748
AAUACUUGCCUCAUCACCA,GCCCGAAUGGGAAUAGAAGUGGUGAUGAGGCAAGUAUUCUUUGGAGCAGGAAACUAC,0.95,0.96664329
UUCACAAUCAUAACUGGUC,AAAGUGGAUUACCACAGCUGACCAGUUAUGAUUGUGAAGUUAAUGCUCCUAUACAAG,0.9,0.99596675
UAAAUGGUAGUUUCCUGCU,UGAGGCAAGUAUUCUUUGGAGCAGGAAACUACCAUUUAGUGGAUGAAAACUUCGAUC,0.89,0.96554162
AUUGAUGAAAAUAUCAGCC,CUAACAGUUUCCUUAAGAAGGCUGAUAUUUUCAUCAAUGGGUCGCAGUUAGGAGAAG,0.91,0.97757370
UUGGAAAGUAAUCCAUGAG,CUUCUAAGACCUUUGGGACCUCAUGGAUUACUUUCCAAAUCUGUCCAACUCAAUGGU,0.81,0.91794732
UAUUGAUACACAUCCGCCC,CAUGGUGGAAGGCGAUGAGGGGCGGAUGUGUAUCAAUAUGGAGUGGGGGGCCUUCGG,0.81,0.90964741
ACUCUCGUCUAGUUUAGUC,UCUCGUUCCCCUGCCACCAGACUAAACUAGACGAGAGUUUCCUGGUCUCAUGGACCA,0.79,0.97789541
AAAUAUCCUGGUUGACUUG,GAGAAGUUACUGGCAAUCUCAAGUCAACCAGGAUAUUUGCAAAUAUGGAUCCAUCCC,0.61,0.89034084
UUUAAUUCAUCAGUGGUGG,AAUGCCACCACUACCACUGCCACCACUGAUGAAUUAAAAACAGUGACAAAAGACCGU,0.93,0.95306106
AAGUUAGCCAGGCAUUCGG,CAGCUGUUUGACCACAUUGCCGAAUGCCUGGCUAACUUCAUGGAUAAGCUACAAAUC,0.88,0.79077249
UGUCCUGAGUAGAAAAUGG,AGACACAGAAGCAAAGAACCCAUUUUCUACUCAGGACACAGAUUUAGACUUGGAGAU,0.92,0.88066613
UCAUAUCCCAUCAAUUCGG,UAUUGUGAUGAAAGAAUUACCGAAUUGAUGGGAUAUGAGCCAGAAGAACUUUUAGGC,0.84,0.99826058
UAACGCAUUUAGGCCAAAG,GCUCAGGACUGGACUUGAUCUUUGGCCUAAAUGCGUUAUUAAGAACAGCAGAUUUGC,0.76,0.94270039
UCUAGUUUAGUCUGGUGGC,UUUACCUUCUCGUUCCCCUGCCACCAGACUAAACUAGACGAGAGUUUCCUGGUCUCA,0.82,0.85686391
UGAACUUUGUCUAGUGCUU,CACCUAGUCCUUCCGAUGGAAGCACUAGACAAAGUUCACCUGAGCCUAAUAGUCCCA,0.89,0.92516451
UUGAUAGUUGUAAACAUGG,AAAAGGACGGCUCCUCUAACCAUGUUUACAACUAUCAACCCUGUGAUCAUCCACGGC,0.69,0.96072880
AAUGAUGCUGUCGUCACAG,ACUUAGGGCUUGAGAGCACCUGUGACGACAGCAUCAUUGUUAAGGAGGUGUGCACUG,0.84,0.86034965
AUACUCGAAGCUUCCUUCU,AAGCGUGCAAGGUUCAAAGAGAAGGAAGCUUCGAGUAUACCUUCAUUGCACAAACAC,0.87,0.97306246
UUUUCAUAUCUGAAGAUUC,AUGUGUCCUUAAACCGGUUGAAUCUUCAGAUAUGAAAAUGACUCAGCUAUUCACCAA,0.9,0.99012819
UUCUUGAGUAGGUGCUGUU,CUACCAGAAAAAGUUCAAGAACAGCACCUACUCAAGAAGCUCUGUAGAUGUGCUAUA,0.65,0.92091600
AAUGAGGCCAACUUCACAG,GUGGCUUUGAAGACCCUCACUGUGAAGUUGGCCUCAUUGUUGGCACGGGCAGCAAUG,0.89,0.88184390
UUGAGCGGCCUAAAAGUUC,GAUGGGAUAUGAGCCAGAAGAACUUUUAGGCCGCUCAAUUUAUGAAUAUUAUCAUGC,0.23,1.00255704
UAAACAUAUCAUGAUGAGU,CUCUGAUCAUCUGACCAAAACUCAUCAUGAUAUGUUUACUAAAGGACAAGUCACCAC,0.63,0.89813767
AACAAUAUUCACUGGGACU,AAGUUCACCUGAGCCUAAUAGUCCCAGUGAAUAUUGUUUUUAUGUGGAUAGUGAUAU,0.81,0.85715182
AACAACAUCGAUUUCUUCC,AGGAGGAACAAGAAGAUGAGGAAGAAAUCGAUGUUGUUUCUGUGGAAAAGAGGCAGG,0.8,1.05019242
UCAAACUCCUCUCGCCGGU,CUGCUGAAGGAAGCGAUCCACCGGCGAGAGGAGUUUGACCUGGAUGUGGUUGCUGUG,0.88,0.87976357
AUGAUGCUGUCGUCACAGG,CACUUAGGGCUUGAGAGCACCUGUGACGACAGCAUCAUUGUUAAGGAGGUGUGCACU,0.86,0.73929097
AUGCUGUCGUCACAGGUGC,CAACACUUAGGGCUUGAGAGCACCUGUGACGACAGCAUCAUUGUUAAGGAGGUGUGC,0.89,0.77278213
UUUAGUCUGGUGGCAGGGG,UGGGUUUUACCUUCUCGUUCCCCUGCCACCAGACUAAACUAGACGAGAGUUUCCUGG,0.39,0.66909919
UGAGUCAUUUUCAUAUCUG,CUUAAACCGGUUGAAUCUUCAGAUAUGAAAAUGACUCAGCUAUUCACCAAAGUUGAA,0.53,1.00587517
UCUUCUCCUAACUGCGACC,GCUGAUAUUUUCAUCAAUGGGUCGCAGUUAGGAGAAGAUUUUAUUCAAUUGCAUAAA,0.89,1.01097269
UUCUGUUCACUAGAUUUGC,UGGAAACGUGUAAAAGGAUGCAAAUCUAGUGAACAGAAUGGAAUGGAGCAAAAGACA,0.87,1.06377906
AACUAUAUGAGAAAGCUGG,AGGAAGUUCACUGGGCUUGCCAGCUUUCUCAUAUAGUUUUUUUGUGAUAAGAAAUGC,0.95,0.93761510
AAGGACUAGGUGUCUGAUC,UACCAUGCCCCAGAUUCAGGAUCAGACACCUAGUCCUUCCGAUGGAAGCACUAGACA,0.84,0.83937950
UUAUUGGUGUUUGACACCG,CUCCUCUGAAGCAAAUUCUCGGUGUCAAACACCAAUAAAGAUGAAGCCAAAUAUUGA,0.37,1.00194254
GGUGGGUAAUGGAGACAUU,UACAGAAUAUAAAUUUGGCAAUGUCUCCAUUACCCACCGCUGAAACGCCAAAGCCAC,0.28,0.43956538
UUCAAUGUCUGAGAUGUCU,CCGGUCGCUUUGAGACCAAAGACAUCUCAGACAUUGAAGGGGAGAAGGAUGGCAUCC,0.75,1.00356504
UUGCGGAACCGCUUAGAGA,GAUGAGACCCUCUUGGAGAUCUCUAAGCGGUUCCGCAAGGAGAUGGAGAAAGGGCUU,0.53,1.02131553
UUGAACAGAAAGCUGCACA,AAAGUGUAUGAUAAAUACAUGUGCAGCUUUCUGUUCAACUUGAACAAUGAUUUUGUG,0.84,0.92750102
UCAACUUUGGUGAAUAGCU,UCAGAUAUGAAAAUGACUCAGCUAUUCACCAAAGUUGAAUCAGAAGAUACAAGUAGC,0.84,0.92016681
UACUGGUCAACCUUCUGCA,GAGCUCAACCAUGACCAAGUGCAGAAGGUUGACCAGUAUCUCUACCACAUGCGCCUC,0.75,0.98269936
CUAACUGCGACCCAUUGAU,UAAGAAGGCUGAUAUUUUCAUCAAUGGGUCGCAGUUAGGAGAAGAUUUUAUUCAAUU,0.42,0.79937997
UUAGGGUACACUUCAUUCU,ACAGCGAAGCUUUUUUCUCAGAAUGAAGUGUACCCUAACUAGCCGAGGAAGAACUAU,0.77,1.02465253
AAUAUUCAUAAAUUGAGCG,GCCAGAAGAACUUUUAGGCCGCUCAAUUUAUGAAUAUUAUCAUGCUUUGGACUCUGA,0.87,0.90848363
GAGAUUGCCAGUAACUUCU,GGAAUCAACCUUUGAAGAGAGAAGUUACUGGCAAUCUCAAGUCAACCAGGAUAUUUG,0.93,0.87049370
UUCACUGUCUCAUGCAUGA,CAUCCUCACUUUGCCAAAGUCAUGCAUGAGACAGUGAAGGACCUGGCUCCGAAAUGU,0.9,0.90886546
AAUUUGAAGGCAGUCUGUC,UUAAAUUCUUGGCUAUUACGACAGACUGCCUUCAAAUUUUAGCUUAUGGCAACCAAG,0.89,0.90863286
CAGCGGCUGGGGCCAGCAA,GGAACCUGAUGCUUUAACUUUGCUGGCCCCAGCCGCUGGAGACACAAUCAUAUCUUU,0.31,0.39581847
AGAGAUAGCCAAUAAUCAG,GAAAACUUCGAUCCUUUACCUGAUUAUUGGCUAUCUCUUCUGUUCAAGAAAUUGGUG,0.92,0.96849710
CCAAGGCUUUCAAAUAAAA,GAAAGCACAGAUGAAUUGCUUUUAUUUGAAAGCCUUGGAUGGUUUUGUUAUGGUUCU,0.14,0.42168104
UUGUCCGUUACUUUCACCC,ACCAACUUCCGUGUGCUUUGGGUGAAAGUAACGGACAAUGGGCUCCAGAAGGUGGAG,0.61,0.98150097
UUUGACUCAAAGCGACAGA,AAGAAGCCCUAACGUGUUAUCUGUCGCUUUGAGUCAAAGAACUACAGUUCCUGAGGA,0.75,1.00551700
UACAGAGUUAAAUCUCCUU,GACAAUCCAAGGUAUAAAGAAGGAGAUUUAACUCUGUAUGCCAUAAACCUCCAUAAU,0.61,0.86103041
UGGAGUGGACCUCACAAAG,CAGUGAAGAUGCUGCCCACCUUUGUGAGGUCCACUCCAGAUGGGACAGAACACGGAG,0.59,0.79130442
UCAUCUGUGCUUUCAUGUC,UGAUUUGGAUAUUGAAGAUGACAUGAAAGCACAGAUGAAUUGCUUUUAUUUGAAAGC,0.69,0.96789699
UAACCAGACCUUCUUGCCA,UGGUUGAGAGCACCAGGCCUGGCAAGAAGGUCUGGUUAGGAGAAACAAGCUCUGCAU,0.33,0.91278857
UUUCAUCCACUAAAUGGUA,AUUCUUUGGAGCAGGAAACUACCAUUUAGUGGAUGAAAACUUCGAUCCUUUACCUGA,0.63,0.92336417
UGAGACUAGAGAGAAGCGG,GGACCCCGGCGAUUGCCGCCCGCUUCUCUCUAGUCUCACGAGGGGUUUCCCGCCUCG,0.68,0.73846825
AGAGUCGAGAGCUCUAGCA,XXXXXXXXXXXXXXXXXAGUGCUAGAGCUCUCGACUCUCCGCUGCGCGGCAGCUGGC,0.73,0.94255188
UAGAGUUAGACCAUUGAGU,UACUUUCCAAAUCUGUCCAACUCAAUGGUCUAACUCUAAAGAUGGUGGAUGAUCAAA,0.91,0.96922159
AGAGCUUCUUGAGUAGGUG,AGAAAAAGUUCAAGAACAGCACCUACUCAAGAAGCUCUGUAGAUGUGCUAUACACUU,0.85,0.84530654
UCGCCUUCCACCAUGUCGA,AUGGAAGAGAUGCGCCACAUCGACAUGGUGGAAGGCGAUGAGGGGCGGAUGUGUAUC,0.8,0.91073054
UUGGUGAAAUCGAUGAGAA,GGUGAGAUUGUCCGUAACAUUCUCAUCGAUUUCACCAAGCGUGGACUACUCUUCCGA,0.77,0.94530578
CACACCUCCUUAACAAUGA,AGCACCUGUGACGACAGCAUCAUUGUUAAGGAGGUGUGCACUGUGGUGGCCCGGCGG,0.71,0.72888251
UUGAGUGAAAGCUCAUCCA,ACAGAAUUUGAUGUGGCUGUGGAUGAGCUUUCACUCAACCCCGGCAAGCAGAGGUUC,0.88,0.96205556
UUGGUGAAGCUAACGUUGA,CCUCCCGCGACGAUGCCCCUCAACGUUAGCUUCACCAACAGGAACUAUGACCUCGAC,0.18,0.95819023
UACAACUGCAUGUUUCAGC,UGGCUGAACCAUCACAGAUGCUGAAACAUGCAGUUGUAAACUUGAUUAACUAUCAAG,0.9,1.00353818
UGGAGAACCCAGGAGGAUG,CCACGGACCCGCGGUUCCUCAUCCUCCUGGGUUCUCCAAAGCUUCGUACCUUGGCCA,0.92,0.73527985
ACAGUGCACACCUCCUUAA,UGUGACGACAGCAUCAUUGUUAAGGAGGUGUGCACUGUGGUGGCCCGGCGGGCAGCC,0.43,0.62931156
AAGUCGUGCUGAAUAAUAC,GUGAAUUACGUUGUGAGUGGUAUUAUUCAGCACGACUUGAUUUUCUCCCUUCAACAA,0.83,0.98674445
UGGCAUACAGAGUUAAAUC,UCCAAGGUAUAAAGAAGGAGAUUUAACUCUGUAUGCCAUAAACCUCCAUAAUGUCAC,0.92,0.94627773
AAUGGGUUCACAAAUCAGC,CACCUAUGACCUGCUUGGUGCUGAUUUGUGAACCCAUUCCUCACCCAUCAAAUAUUG,0.9,0.90601276
AAACACACUGUGUCCAGUU,GAUUAACUCAGUUUGAACUAACUGGACACAGUGUGUUUGAUUUUACUCAUCCAUGUG,0.77,0.84154408
UUGAGCCGCUCUGAGAUGC,GGACUACUCUUCCGAGGCCGCAUCUCAGAGCGGCUCAAGACAAGGGGCAUCUUUGAA,0.78,0.70632415
UUUGGCAAAGUGAGGAUGU,AUGGGACCCUCUACAAGCUACAUCCUCACUUUGCCAAAGUCAUGCAUGAGACAGUGA,0.85,0.89269493
AAACGCUGGACAUUAGUGG,CAGUUUGAUGCUGCUCAUCCCACUAAUGUCCAGCGUUUGGCUGAACCAUCACAGAUG,0.87,0.85331423
AUCACCACUUCUAUUCCCA,UUGGGCCUGUCAGCCCGAAUGGGAAUAGAAGUGGUGAUGAGGCAAGUAUUCUUUGGA,0.93,0.89569494
UGUGUAAGCAUUUCUCUCA,CCAUGUGACCAUGAGGAAAUGAGAGAAAUGCUUACACACAGAAAUGGCCUUGUGAAA,0.82,0.82672501
UUAGGCCAAAGAUCAAGUC,UGCAAACUGCUCAGGACUGGACUUGAUCUUUGGCCUAAAUGCGUUAUUAAGAACAGC,0.63,0.97119657
UCGCCGGUGGAUCGCUUCC,ACGUGGUGACCCUGCUGAAGGAAGCGAUCCACCGGCGAGAGGAGUUUGACCUGGAUG,0.83,0.66025300
UUCUGCAAAGCUAGUAUCU,GAGGAAGAACUAAAUCCAAAGAUACUAGCUUUGCAGAAUGCUCAGAGAAAGCGAAAA,0.83,1.03054096
UCUGAUUCAACUUUGGUGA,AUGAAAAUGACUCAGCUAUUCACCAAAGUUGAAUCAGAAGAUACAAGUAGCCUCUUU,0.89,0.85253587
UCAGGUAAAGGAUCGAAGU,UACCAUUUAGUGGAUGAAAACUUCGAUCCUUUACCUGAUUAUUGGCUAUCUCUUCUG,0.95,0.86453382
AUCAGAGAGGCGCAUGUGG,AGGUUGACCAGUAUCUCUACCACAUGCGCCUCUCUGAUGAGACCCUCUUGGAGAUCU,0.72,0.72696155
AAUGUGGUCAAACAGCUGG,UCAUGCGAGGCAGUGGCACCCAGCUGUUUGACCACAUUGCCGAAUGCCUGGCUAACU,0.78,0.77437912
UCUUUGGAUUUAGUUCUUC,AAGAACUACAGUUCCUGAGGAAGAACUAAAUCCAAAGAUACUAGCUUUGCAGAAUGC,0.58,0.94657555
UUAUCUGGAAACAUUGAGG,AAAAUUUUUGAAGCCAUUUCCUCAAUGUUUCCAGAUAAGGGCACAGCAGAAGAACUA,0.83,0.96109584
UGGUUCACCAUGUCUCCUC,AUGGUGACCGAGCUGCUGGGAGGAGACAUGGUGAACCAGAGUUUCAUCUGCGACCCG,0.36,0.84505028
AUUUAGGCCAAAGAUCAAG,CAAACUGCUCAGGACUGGACUUGAUCUUUGGCCUAAAUGCGUUAUUAAGAACAGCAG,0.8,0.94314312
UCAGUUUCUGUGUCGUUGC,AUAUCUUUAGAUUUUGGCAGCAACGACACAGAAACUGAUGACCAGCAACUUGAGGAA,0.88,1.03495180
AUUCUGCAAAGCUAGUAUC,AGGAAGAACUAAAUCCAAAGAUACUAGCUUUGCAGAAUGCUCAGAGAAAGCGAAAAA,0.88,0.99802838
UUCUGCUGCCUUGUAUAGG,UGAUUGUGAAGUUAAUGCUCCUAUACAAGGCAGCAGAAACCUACUGCAGGGUGAAGA,0.38,0.89547457
UGUUUCUCCUAACCAGACC,GCACCAGGCCUGGCAAGAAGGUCUGGUUAGGAGAAACAAGCUCUGCAUAUGGAGGCG,0.75,0.94763358
AUCUCCAAGUCUAAAUCUG,CCAUUUUCUACUCAGGACACAGAUUUAGACUUGGAGAUGUUAGCUCCCUAUAUCCCA,0.89,0.91244615
CAGUGCACACCUCCUUAAC,CUGUGACGACAGCAUCAUUGUUAAGGAGGUGUGCACUGUGGUGGCCCGGCGGGCAGC,0.56,0.77287436
UAACUGUGCUUUGAGGACU,CGCAAGCCCUGAAAGCGCAAGUCCUCAAAGCACAGUUACAGUAUUCCAGCAGACUCA,0.91,0.95757645
AAUUUAUCCAGCCACAUAA,GACACCUUUGCAGCUGGCUUUAUGUGGCUGGAUAAAUUGGGCCUGUCAGCCCGAAUG,0.5,0.80055366
UUGUCUUGAGCCGCUCUGA,ACUCUUCCGAGGCCGCAUCUCAGAGCGGCUCAAGACAAGGGGCAUCUUUGAAACCAA,0.86,0.86560200
UUUCUCCUAACCAGACCUU,GAGCACCAGGCCUGGCAAGAAGGUCUGGUUAGGAGAAACAAGCUCUGCAUAUGGAGG,0.58,0.89567200
AAGGGAGAAAAUCAAGUCG,UGAGUGGUAUUAUUCAGCACGACUUGAUUUUCUCCCUUCAACAAACAGAAUGUGUCC,0.87,0.88207985
UGUUGCAGACUUUAUGUUC,CUAGCCGAGGAAGAACUAUGAACAUAAAGUCUGCAACAUGGAAGGUAUUGCACUGCA,0.55,0.97604264
UUCUUGUAGACGGAACCGU,CGCUCUACUAUUGGGGUCGACGGUUCCGUCUACAAGAAACACCCCCAUUUUGCCAAG,0.76,0.91832619
UCUACAGAGCUUCUUGAGU,AAGUUCAAGAACAGCACCUACUCAAGAAGCUCUGUAGAUGUGCUAUACACUUUUGCA,0.49,0.82983532
AAUAGCUGAGUCAUUUUCA,CCGGUUGAAUCUUCAGAUAUGAAAAUGACUCAGCUAUUCACCAAAGUUGAAUCAGAA,0.81,0.90456715
UAAAUCUGUGUCCUGAGUA,AAGCAAAGAACCCAUUUUCUACUCAGGACACAGAUUUAGACUUGGAGAUGUUAGCUC,0.8,0.87038939
UGUCGGAUAGCAAGGGCGC,CUCUGCAUAUGGAGGCGGAGCGCCCUUGCUAUCCGACACCUUUGCAGCUGGCUUUAU,0.9,0.76540548
UAACUGGAAGUCAUCAUCC,UAGCUCCCUAUAUCCCAAUGGAUGAUGACUUCCAGUUACGUUCCUUCGAUCAGUUGU,0.91,0.97897391
UUGAGUUUCAACCCAGACA,UUGCCAAAAGAGGUGGAUAUGUCUGGGUUGAAACUCAAGCAACUGUCAUAUAUAACA,0.8,0.87932507
UCUUUUCGACGUUCAGAAC,AACGACAAGAAAAAGAUAAGUUCUGAACGUCGAAAAGAAAAGUCUCGAGAUGCAGCC,0.73,1.00971908
AUACGGUCUUUUGUCACUG,ACCACUGAUGAAUUAAAAACAGUGACAAAAGACCGUAUGGAAGACAUUAAAAUAUUG,0.84,0.97114470
UUGAGAAGAAUCUCAGCCC,CCACUGCCCGAGUGGAGCCGGGCUGAGAUUCUUCUCAAGUUGAGCCUCAGUGAUCCU,0.74,0.89207420
UCAUCACCACUUCUAUUCC,GGGCCUGUCAGCCCGAAUGGGAAUAGAAGUGGUGAUGAGGCAAGUAUUCUUUGGAGC,0.89,0.95868604
AAAGUGAGGAUGUAGCUUG,GUGUGGAUGGGACCCUCUACAAGCUACAUCCUCACUUUGCCAAAGUCAUGCAUGAGA,0.89,0.94582517
CAUACAGAGUUAAAUCUCC,CAAUCCAAGGUAUAAAGAAGGAGAUUUAACUCUGUAUGCCAUAAACCUCCAUAAUGU,0.46,0.88308745
AAAGGUGUCGGAUAGCAAG,CAUAUGGAGGCGGAGCGCCCUUGCUAUCCGACACCUUUGCAGCUGGCUUUAUGUGGC,0.71,0.83356221
UGUCGACUGAGGAAAGUCU,GAAAUUCCUUUAGAUAGCAAGACUUUCCUCAGUCGACACAGCCUGGAUAUGAAAUUU,0.89,0.92053018
GCCCCCCAUUCCAUGUUCA,GAAGAGGGGCGGAUGUGUGUGAACAUGGAAUGGGGGGCCUUCGGGGACAAUGGAUGC,0.51,0.48819924
UGUCACUUUGAGAGCGUCC,UACGAGAAAACCGUGGGCUGGACGCUCUCAAAGUGACAGUGGGUGUGGAUGGGACCC,0.84,0.84649557
ACCACAGUGCACACCUCCU,GACGACAGCAUCAUUGUUAAGGAGGUGUGCACUGUGGUGGCCCGGCGGGCAGCCCAG,0.81,0.69874768
UUAUGUGGAAGUGGCAACU,UUUUAUGAGCUUGCUCAUCAGUUGCCACUUCCACAUAAUGUGAGUUCGCAUCUUGAU,0.89,0.92912967
CAAGUCUAAAUCUGUGUCC,AGAACCCAUUUUCUACUCAGGACACAGAUUUAGACUUGGAGAUGUUAGCUCCCUAUA,0.87,0.84309248
UCUACCUUCAUCCUCCUCU,GACCAGCUGCUGGAGGUCAAGAGGAGGAUGAAGGUAGAAAUGGAGCGAGGUCUGAGC,0.84,0.97705783
AUGUGGUAGAGAUACUGGU,GACCAAGUGCAGAAGGUUGACCAGUAUCUCUACCACAUGCGCCUCUCUGAUGAGACC,0.74,0.81374217
CAGAGUUAAAUCUCCUUCU,CUGACAAUCCAAGGUAUAAAGAAGGAGAUUUAACUCUGUAUGCCAUAAACCUCCAUA,0.9,0.60583581
UUAUCCAUGAAGUUAGCCA,GACCACAUUGCCGAAUGCCUGGCUAACUUCAUGGAUAAGCUACAAAUCAAAGACAAG,0.92,0.99765335
UACUUGCCUCAUCACCACU,CAGCCCGAAUGGGAAUAGAAGUGGUGAUGAGGCAAGUAUUCUUUGGAGCAGGAAACU,0.88,0.87127702
UAUCCAGCCACAUAAAGCC,AUCCGACACCUUUGCAGCUGGCUUUAUGUGGCUGGAUAAAUUGGGCCUGUCAGCCCG,0.87,0.90178168
UCUGGUAGUGUUCUCGGAG,CUACCAGGAGCAAUUGCUACUCCGAGAACACUACCAGAAAAAGUUCAAGAACAGCAC,0.89,0.94780479
AUACAAUGCACUGUGGUUG,AUAUAACACCAAGAAUUCUCAACCACAGUGCAUUGUAUGUGUGAAUUACGUUGUGAG,0.86,0.87453368
UACUUGUAUCUUCUGAUUC,UCAGCUAUUCACCAAAGUUGAAUCAGAAGAUACAAGUAGCCUCUUUGACAAACUUAA,0.81,1.01306646
UUGAACAGAAGAGAUAGCC,GAUCCUUUACCUGAUUAUUGGCUAUCUCUUCUGUUCAAGAAAUUGGUGGGCACCAAG,0.9,0.97273211
ACUGCCUCGCAUGAUGUCC,AGAUCUAUGCCAUCCCUGAGGACAUCAUGCGAGGCAGUGGCACCCAGCUGUUUGACC,0.55,0.72491887
UUGGUCAUGGUUGAGCUCC,UGCUUGCCUACUUCUUCACGGAGCUCAACCAUGACCAAGUGCAGAAGGUUGACCAGU,0.67,0.71609485
GUUUUCAUCCACUAAAUGG,UCUUUGGAGCAGGAAACUACCAUUUAGUGGAUGAAAACUUCGAUCCUUUACCUGAUU,0.93,0.87180751
CUUGAGUAGGUGCUGUUCU,CACUACCAGAAAAAGUUCAAGAACAGCACCUACUCAAGAAGCUCUGUAGAUGUGCUA,0.58,0.77320128
AUCAGGGUUUAGAAAAUCU,GACGGACUGCUACCAAGGAAGAUUUUCUAAACCCUGAUGUAUUGGACAUUUUUAUUU,0.72,0.84607066
UGAGUAGGUGCUGUUCUUG,AACACUACCAGAAAAAGUUCAAGAACAGCACCUACUCAAGAAGCUCUGUAGAUGUGC,0.79,0.91580049
GUAGAGAUACUGGUCAACC,ACCAUGACCAAGUGCAGAAGGUUGACCAGUAUCUCUACCACAUGCGCCUCUCUGAUG,0.85,0.92390473
UCGCAGUAGAAAUACGGCU,CUCGACUACGACUCGGUGCAGCCGUAUUUCUACUGCGACGAGGAGGAGAACUUCUAC,0.3,0.96243930
AAGGCAAGUCCAGAGGUGG,GGUUUCCCGCCUCGCACCCCCACCUCUGGACUUGCCUUUCCUUCUCUUCUCCGCGUG,0.56,0.62654763
UUCAAACUGAGUUAAUCCC,AUAAUGUGAACAAAUACAUGGGAUUAACUCAGUUUGAACUAACUGGACACAGUGUGU,0.9,0.95486523
UGACUUUGGCAAAGUGAGG,GACCCUCUACAAGCUACAUCCUCACUUUGCCAAAGUCAUGCAUGAGACAGUGAAGGA,0.83,0.94981319
UGUGGUCAUCAUAACCACA,AGUUGGGACCAUGAUGACCUGUGGUUAUGAUGACCACAACUGUGAGAUUGGUCUCAU,0.05,0.81556616
UGAUGCUGUCGUCACAGGU,ACACUUAGGGCUUGAGAGCACCUGUGACGACAGCAUCAUUGUUAAGGAGGUGUGCAC,0.85,0.87107559
UGCAUCUCGAGACUUUUCU,UAAGUUCUGAACGUCGAAAAGAAAAGUCUCGAGAUGCAGCCAGAUCUCGGCGAAGUA,0.85,1.00775640
UUUGCGCGCAGCCUGGUAG,UCUCAGAGAAGCUGGCCUCCUACCAGGCUGCGCGCAAAGACAGCGGCAGCCCGAACC,0.22,0.72849445
AUGUCUUCUGGCGGGCACG,CCGGCUGGCCGAUCAACACCGUGCCCGCCAGAAGACAUUAGAGCAUCUGCAGCUGAG,0.73,0.66307056
CUUGGUUUCAAAGAUGCCC,CAGAGCGGCUCAAGACAAGGGGCAUCUUUGAAACCAAGUUCUUGUCUCAGAUUGAGA,0.88,0.85100793
UUCGGUAAUUCUUUCAUCA,AUAUGAAAUUUUCUUAUUGUGAUGAAAGAAUUACCGAAUUGAUGGGAUAUGAGCCAG,0.91,0.97638410
UAUUUGAUGGGUGAGGAAU,GGUGCUGAUUUGUGAACCCAUUCCUCACCCAUCAAAUAUUGAAAUUCCUUUAGAUAG,0.9,0.78135500
AAUGUCGAUAUCAAAGUCC,AGGCCAUCCAGAGGAGAGGGGACUUUGAUAUCGACAUUGUGGCUGUGGUGAAUGACA,0.87,0.92144681
AAUGAGACCAAUCUCACAG,GUGGUUAUGAUGACCACAACUGUGAGAUUGGUCUCAUUGUGGGCACGGGCAGCAACG,0.75,0.85917028
UUCAAUGAAAGUACCAUCC,GAGAUGAAGUUUUAGAUCAGGAUGGUACUUUCAUUGAAGAACUAAUAAAAAAUUAUG,0.76,1.02750258
AUCCUGGUUGACUUGAGAU,AAGAGAGAAGUUACUGGCAAUCUCAAGUCAACCAGGAUAUUUGCAAAUAUGGAUCCA,0.48,0.87233113
UUCAGCAUCUUAGCCGUCU,GUUGGUCAGCCUCGAAGAAAGACGGCUAAGAUGCUGAAGAGCUUCCUGAAGGCUGGU,0.84,0.93142341
UUUGCUUCUGUGUCUUCAG,UUGGUAGAAAAACUUUUUGCUGAAGACACAGAAGCAAAGAACCCAUUUUCUACUCAG,0.83,0.98889863
UUUAUUUUCAGAUGCAAGC,AAGAAAUGCCAAAGUUGCUGCUUGCAUCUGAAAAUAAAAUAUACUAGUCCUGACACU,0.95,0.99440452
UCCACGCUUGGUGAAAUCG,UUGUCCGUAACAUUCUCAUCGAUUUCACCAAGCGUGGACUACUCUUCCGAGGCCGCA,0.88,0.90393626
AUCGAAGUUUUCAUCCACU,GAGCAGGAAACUACCAUUUAGUGGAUGAAAACUUCGAUCCUUUACCUGAUUAUUGGC,0.88,0.93838858
AACUGUAGUUCUUUGACUC,ACGUGUUAUCUGUCGCUUUGAGUCAAAGAACUACAGUUCCUGAGGAAGAACUAAAUC,0.92,1.02081469
UAAGGACACAUUCUGUUUG,CUUGAUUUUCUCCCUUCAACAAACAGAAUGUGUCCUUAAACCGGUUGAAUCUUCAGA,0.9,0.96639839
GUUAGGGUACACUUCAUUC,CAGCGAAGCUUUUUUCUCAGAAUGAAGUGUACCCUAACUAGCCGAGGAAGAACUAUG,0.82,0.89389500
UUCGCUUUCUCUGAGCAUU,AAAGAUACUAGCUUUGCAGAAUGCUCAGAGAAAGCGAAAAAUGGAACAUGAUGGUUC,0.93,1.00220207
UUGCUAUCUAAAGGAAUUU,CCUCACCCAUCAAAUAUUGAAAUUCCUUUAGAUAGCAAGACUUUCCUCAGUCGACAC,0.39,0.91143096
CACGCUUGCCAUUAACACC,AGAAAUUGGUGGGCACCAAGGUGUUAAUGGCAAGCGUGCAAGGUUCAAAGAGAAGGA,0.85,0.99019446
UUCAACUUUGGUGAAUAGC,CAGAUAUGAAAAUGACUCAGCUAUUCACCAAAGUUGAAUCAGAAGAUACAAGUAGCC,0.84,1.00292960
UAGCCGUCUUUCUUCGAGG,UGGUCCUGAUGUUGGUCAGCCUCGAAGAAAGACGGCUAAGAUGCUGAAGAGCUUCCU,0.87,0.96250237
AGUGCACACCUCCUUAACA,CCUGUGACGACAGCAUCAUUGUUAAGGAGGUGUGCACUGUGGUGGCCCGGCGGGCAG,0.77,0.75198790
UUUAGGCCAAAGAUCAAGU,GCAAACUGCUCAGGACUGGACUUGAUCUUUGGCCUAAAUGCGUUAUUAAGAACAGCA,0.84,0.99106034
UUGUAUAGGAGCAUUAACU,UGACCAGUUAUGAUUGUGAAGUUAAUGCUCCUAUACAAGGCAGCAGAAACCUACUGC,0.9,0.95980018
UCUGUCUGUUCUAUGACUC,CCAAACAGAGCAGGAAAAGGAGUCAUAGAACAGACAGAAAAAUCUCAUCCAAGAAGC,0.92,1.07932301
AUUAUCAGAAAUGUAAAUC,UCACAGAUGAUGGUGACAUGAUUUACAUUUCUGAUAAUGUGAACAAAUACAUGGGAU,0.85,0.89523023
AAGCACACGGAAGUUGGUC,UGGCUCUGGAUCUUGGAGGGACCAACUUCCGUGUGCUUUGGGUGAAAGUAACGGACA,0.65,0.88376557
UUUUGUGCUAUCACACAAG,CCUUGUGACAGUUCGUGCCCUUGUGUGAUAGCACAAAAUUUUUGUGAAAAGUUUUGU,0.79,0.95810886
UUAGUUCUUCCUCAGGAAC,UUUGAGUCAAAGAACUACAGUUCCUGAGGAAGAACUAAAUCCAAAGAUACUAGCUUU,0.89,1.00218473
UUGGCAAGCAUCCUGUACU,GGACAAGUCACCACAGGACAGUACAGGAUGCUUGCCAAAAGAGGUGGAUAUGUCUGG,0.88,0.94485626
AUAGAUCUGAUUCUCCAUC,AUGGGCUCCAGAAGGUGGAGAUGGAGAAUCAGAUCUAUGCCAUCCCUGAGGACAUCA,0.77,0.93710355
UAUCUGAAGAUUCAACCGG,AACAGAAUGUGUCCUUAAACCGGUUGAAUCUUCAGAUAUGAAAAUGACUCAGCUAUU,0.9,0.95514555
UGUCUCAUGCAUGACUUUG,AGCUACAUCCUCACUUUGCCAAAGUCAUGCAUGAGACAGUGAAGGACCUGGCUCCGA,0.84,0.96591721
AUUAGAACUGUUCCACUGC,UAUUAAGAACAGCAGAUUUGCAGUGGAACAGUUCUAAUGCUCAGUUGCUCCUGGACU,0.67,0.93154147
UUGAGUUGGACAGAUUUGG,GGACCUCAUGGAUUACUUUCCAAAUCUGUCCAACUCAAUGGUCUAACUCUAAAGAUG,0.94,0.92576358
AACUUGAAUUCAUUGACCA,UUUUAUGUGGAUAGUGAUAUGGUCAAUGAAUUCAAGUUGGAAUUGGUAGAAAAACUU,0.87,0.90617598
AAAUCGAUGAGAAUGUUAC,UACCUGGGUGAGAUUGUCCGUAACAUUCUCAUCGAUUUCACCAAGCGUGGACUACUC,0.88,0.98409157
UAGUUCUUUGACUCAAAGC,CCCUAACGUGUUAUCUGUCGCUUUGAGUCAAAGAACUACAGUUCCUGAGGAAGAACU,0.89,0.99324874
UUGUCUAGUGCUUCCAUCG,AUCAGACACCUAGUCCUUCCGAUGGAAGCACUAGACAAAGUUCACCUGAGCCUAAUA,0.89,1.02459058
UUAAGUUUGUCAAAGAGGC,GAAUCAGAAGAUACAAGUAGCCUCUUUGACAAACUUAAGAAGGAACCUGAUGCUUUA,0.89,1.02490750
UUGGUGCCACCAAACCUCA,GGCUUGUCUCCUGCGUACCUGAGGUUUGGUGGCACCAAGACAGACUUCCUAAUUUUC,0.51,0.83967604
UAGGUGCUGUUCUUGAACU,CGAGAACACUACCAGAAAAAGUUCAAGAACAGCACCUACUCAAGAAGCUCUGUAGAU,0.57,0.99037302
UCUCUUUGAACCUUGCACG,CCAAGGUGUUAAUGGCAAGCGUGCAAGGUUCAAAGAGAAGGAAGCUUCGAGUAUACC,0.55,1.04388556
UUCACUGGGACUAUUAGGC,CUAGACAAAGUUCACCUGAGCCUAAUAGUCCCAGUGAAUAUUGUUUUUAUGUGGAUA,0.89,0.88891513
UUUCUCUGAGCAUUCUGCA,AAUCCAAAGAUACUAGCUUUGCAGAAUGCUCAGAGAAAGCGAAAAAUGGAACAUGAU,0.85,1.04703128
AAAUGUAAAUCAUGUCACC,UAUGGUUCUCACAGAUGAUGGUGACAUGAUUUACAUUUCUGAUAAUGUGAACAAAUA,0.75,0.94311819
UGCGGGAUGGCGUAGAUCU,GGAGUGGAGAUGCACAACAAGAUCUACGCCAUCCCGCAGGAGGUCAUGCACGGCACC,0.72,0.82844590
AAAGCCAGCUGCAAAGGUG,GAGCGCCCUUGCUAUCCGACACCUUUGCAGCUGGCUUUAUGUGGCUGGAUAAAUUGG,0.86,0.80969140
AUUGACCAUAUCACUAUCC,GUGAAUAUUGUUUUUAUGUGGAUAGUGAUAUGGUCAAUGAAUUCAAGUUGGAAUUGG,0.86,0.95453392
UGCUGCAGUAGGGUGAGUG,AGAAAGGGCUUGGAGCCACCACUCACCCUACUGCAGCAGUGAAGAUGCUGCCCACCU,0.76,0.75002067
UUCUCUGAGACGAGCUUGG,AGCGGCUUCUCGGCCGCCGCCAAGCUCGUCUCAGAGAAGCUGGCCUCCUACCAGGCU,0.52,0.79041361
UGAGCCCAUGUCAAUCUCC,UUCGCACUGAGUUUGACCAGGAGAUUGACAUGGGCUCACUGAACCCGGGAAAGCAAC,0.44,0.79891774
UUGUCUUUUGCUCCAUUCC,CAAAUCUAGUGAACAGAAUGGAAUGGAGCAAAAGACAAUUAUUUUAAUACCCUCUGA,0.87,1.00473697
AUAUCCUGGUUGACUUGAG,GAGAGAAGUUACUGGCAAUCUCAAGUCAACCAGGAUAUUUGCAAAUAUGGAUCCAUC,0.73,0.87388369
UGCCUUGAAGCCUUUUGUC,AGAGCAUCCUCCUCAAGUGGACAAAAGGCUUCAAGGCAUCUGGCUGCGAGGGCGAGG,0.76,0.93846331
UUUAGUAAACAUAUCAUGA,AUCAUCUGACCAAAACUCAUCAUGAUAUGUUUACUAAAGGACAAGUCACCACAGGAC,0.89,0.90691373
AACCAGACCUUCUUGCCAG,GUGGUUGAGAGCACCAGGCCUGGCAAGAAGGUCUGGUUAGGAGAAACAAGCUCUGCA,0.87,0.84820431
UUGCUCAGACCUCGCUCCA,AGGAGGAUGAAGGUAGAAAUGGAGCGAGGUCUGAGCAAGGAGACUCAUGCCAGUGCC,0.49,0.92943156
UUUGGCAAGCAUCCUGUAC,GACAAGUCACCACAGGACAGUACAGGAUGCUUGCCAAAAGAGGUGGAUAUGUCUGGG,0.89,0.91010317
UAGUGUUCUCGGAGUAGCA,UGGCCCUACCAGGAGCAAUUGCUACUCCGAGAACACUACCAGAAAAAGUUCAAGAAC,0.87,0.97945476
UUUGGUCAGAUGAUCAGAG,AAUAUUAUCAUGCUUUGGACUCUGAUCAUCUGACCAAAACUCAUCAUGAUAUGUUUA,0.85,0.88814988
UUUUGUCCACUUGAGGAGG,ACAGCCUGGACGAGAGCAUCCUCCUCAAGUGGACAAAAGGCUUCAAGGCAUCUGGCU,0.7,0.80056382
AACGUCUCUGCCUUCCACU,AGGGAUUCAAGUCCAGUGGAGUGGAAGGCAGAGACGUUGUGGCUCUGAUCCGGAAGG,0.76,0.85753268
UCCUCAGGAACUGUAGUUC,UCUGUCGCUUUGAGUCAAAGAACUACAGUUCCUGAGGAAGAACUAAAUCCAAAGAUA,0.9,0.94469960
AAGGAUCGAAGUUUUCAUC,AGGAAACUACCAUUUAGUGGAUGAAAACUUCGAUCCUUUACCUGAUUAUUGGCUAUC,0.94,0.96568102
AGAAAUGUUAUACCCCUUG,UCCUGGACUACUGCUCUUCCAAGGGGUAUAACAUUUCUUGGGAACUAGGCAAUGAAC,0.52,0.85389571
AUACCUUGGAUUGUCAGUG,UAUACCUUCAUUGCACAAACACUGACAAUCCAAGGUAUAAAGAAGGAGAUUUAACUC,0.98,0.91596450
CAUGAGACCAGGAAACUCU,CACCAGACUAAACUAGACGAGAGUUUCCUGGUCUCAUGGACCAAGGGAUUCAAGUCC,0.55,0.91041354
AGGAGGAUGAGGAACCGCG,GCCAACCUGGCCACGGACCCGCGGUUCCUCAUCCUCCUGGGUUCUCCAAAGCUUCGU,0.84,0.66944828
UGUCGUCACAGGUGCUCUC,CCUGCAACACUUAGGGCUUGAGAGCACCUGUGACGACAGCAUCAUUGUUAAGGAGGU,0.85,0.83914490
UGAGAUGCGGCCUCGGAAG,UCACCAAGCGUGGACUACUCUUCCGAGGCCGCAUCUCAGAGCGGCUCAAGACAAGGG,0.85,0.74857706
UAGACGCUUGGCAAAAUGG,CCGUCUACAAGAAACACCCCCAUUUUGCCAAGCGUCUACAUAAGACCGUGCGGCGGC,0.77,0.86392707
AACUCUCCGUGUUCUGUCC,GUGAGGUCCACUCCAGAUGGGACAGAACACGGAGAGUUCCUGGCUCUGGAUCUUGGA,0.82,0.74207700
UACGCAGGAGACAAGCCUC,AAGCUUCGUACCUUGGCCAGAGGCUUGUCUCCUGCGUACCUGAGGUUUGGUGGCACC,0.97,0.78601755
UGUUACGGACAAUCUCACC,GAUCAGUGGAAUGUACCUGGGUGAGAUUGUCCGUAACAUUCUCAUCGAUUUCACCAA,0.94,0.92490537
AAACUCAGUGCGAAUGUCG,GGGACGAUGGCUCGCUCAACGACAUUCGCACUGAGUUUGACCAGGAGAUUGACAUGG,0.79,0.95971497
AGGAUCGAAGUUUUCAUCC,CAGGAAACUACCAUUUAGUGGAUGAAAACUUCGAUCCUUUACCUGAUUAUUGGCUAU,0.87,0.94427789
AAUGGUGACGGACAGGAAC,UGCACCUGGUGAGCCCCUCGUUCCUGUCCGUCACCAUUGACGCCAACCUGGCCACGG,0.94,0.74022455
GUCAGGACUAGUAUAUUUU,GCUGCUUGCAUCUGAAAAUAAAAUAUACUAGUCCUGACACUGAAUUUUUCAAGUAUA,0.08,0.50792305
AAACUGUUAGGUUCAUUGC,AACAUUUCUUGGGAACUAGGCAAUGAACCUAACAGUUUCCUUAAGAAGGCUGAUAUU,0.66,0.96545761
UAGAUCUUGUUGUGCAUCU,GGGAAGUGGGGUGGAGUGGAGAUGCACAACAAGAUCUACGCCAUCCCGCAGGAGGUC,0.72,0.94830171
AAGAAAUGUUAUACCCCUU,CCUGGACUACUGCUCUUCCAAGGGGUAUAACAUUUCUUGGGAACUAGGCAAUGAACC,0.39,0.82671062
UAUCAAGAUGCGAACUCAC,GUUGCCACUUCCACAUAAUGUGAGUUCGCAUCUUGAUAAGGCCUCUGUGAUGAGGCU,0.84,0.98510133
UGAGUAAAAUCAAACACAC,UUUGAACUAACUGGACACAGUGUGUUUGAUUUUACUCAUCCAUGUGACCAUGAGGAA,0.89,0.93669630
UUUGAUUUGUAGCUUAUCC,AAUGCCUGGCUAACUUCAUGGAUAAGCUACAAAUCAAAGACAAGAAGCUCCCACUGG,0.96,1.05591716
UCCAAGCCCUUUCUCCAUC,CUAAGCGGUUCCGCAAGGAGAUGGAGAAAGGGCUUGGAGCCACCACUCACCCUACUG,0.69,0.87970290
UUGAAGCCUUUUGUCCACU,GACGAGAGCAUCCUCCUCAAGUGGACAAAAGGCUUCAAGGCAUCUGGCUGCGAGGGC,0.74,0.96890435
AAGCCCAGUGAACUUCCUG,AUGGAAAAACCUCUCCGGCCAGGAAGUUCACUGGGCUUGCCAGCUUUCUCAUAUAGU,0.93,0.85435667
UUUGACUCUAAACUCAUAC,CCAAAACAUGUAGACAGGUGUAUGAGUUUAGAGUCAAAGAAUCUAGCAUCAUAGCUC,0.78,1.01724271
AACUUCUUGAUUGAGUGCA,UUCGAAGUAGUGCUGACCCUGCACUCAAUCAAGAAGUUGCAUUAAAAUUAGAACCAA,0.81,0.86349816
UCCUCAGGUGGCUUGUCAG,CAGUGUGUCGGGCUGGGCCCUGACAAGCCACCUGAGGAGAGGCUCGGAGCCGGGCCC,0.33,0.77525412
UACUGUCCUGUGGUGACUU,GAUAUGUUUACUAAAGGACAAGUCACCACAGGACAGUACAGGAUGCUUGCCAAAAGA,0.58,0.80077555
UAGAAGGUAUUUAUCCACU,AUCCUUUUUCUAACAAGCAAGUGGAUAAAUACCUUCUAAGACCUUUGGGACCUCAUG,0.72,0.88561035
UGUCCAGUUAGUUCAAACU,AAAUACAUGGGAUUAACUCAGUUUGAACUAACUGGACACAGUGUGUUUGAUUUUACU,0.86,0.84693758
UUGAGCUCCGUGAAGAAGU,GCCUCGCAUCUGCUUGCCUACUUCUUCACGGAGCUCAACCAUGACCAAGUGCAGAAG,0.63,0.95584397
UCCAGAGCCAGGAACUCUC,CCAGAUGGGACAGAACACGGAGAGUUCCUGGCUCUGGAUCUUGGAGGGACCAACUUC,0.84,0.88896117
UAGUGCUUCCAUCGGAAGG,UCAGGAUCAGACACCUAGUCCUUCCGAUGGAAGCACUAGACAAAGUUCACCUGAGCC,0.52,0.85160964
AGAUUGCCAGUAACUUCUC,AGGAAUCAACCUUUGAAGAGAGAAGUUACUGGCAAUCUCAAGUCAACCAGGAUAUUU,0.51,0.94289422
AAAGGUUGAUUCCUUCUUG,ACUUCCUAAUUUUCGAUCCCAAGAAGGAAUCAACCUUUGAAGAGAGAAGUUACUGGC,0.58,0.95384389
AAGCCAGCUGCAAAGGUGU,GGAGCGCCCUUGCUAUCCGACACCUUUGCAGCUGGCUUUAUGUGGCUGGAUAAAUUG,0.77,0.82773276
CACCACAGUGCACACCUCC,ACGACAGCAUCAUUGUUAAGGAGGUGUGCACUGUGGUGGCCCGGCGGGCAGCCCAGC,0.83,0.70270964
AAGUGAACCAUCAUGUUCC,CUCAGAGAAAGCGAAAAAUGGAACAUGAUGGUUCACUUUUUCAAGCAGUAGGAAUUG,0.92,1.02390726
AUGGCGUAGAUCUUGUUGU,UGGGGUGGAGUGGAGAUGCACAACAAGAUCUACGCCAUCCCGCAGGAGGUCAUGCAC,0.8,0.87629005
UACUCGAGGAAGUCCGCGA,GACCACAUUGUCCAGUGCAUCGCGGACUUCCUCGAGUACAUGGGCAUGAAGGGCGUG,0.81,0.87744360
GGCGCAUGUGGUAGAGAUA,AGUGCAGAAGGUUGACCAGUAUCUCUACCACAUGCGCCUCUCUGAUGAGACCCUCUU,0.54,0.49855879
UUUGCCACUGCCAUCCUCG,AUGUCCGCUUCCUCCGCUCCGAGGAUGGCAGUGGCAAAGGUGCAGCCAUGGUGACAG,0.62,0.77582130
UCUUAUGUAGACGCUUGGC,CAAGAAACACCCCCAUUUUGCCAAGCGUCUACAUAAGACCGUGCGGCGGCUGGUGCC,0.52,0.86708198
CUGGCCAAGGUACGAAGCU,AUCCUCCUGGGUUCUCCAAAGCUUCGUACCUUGGCCAGAGGCUUGUCUCCUGCGUAC,0.7,0.75331426
AUAUCCACCUCUUUUGGCA,CAGGACAGUACAGGAUGCUUGCCAAAAGAGGUGGAUAUGUCUGGGUUGAAACUCAAG,0.87,0.93021559
AUGGUGACGGACAGGAACG,CUGCACCUGGUGAGCCCCUCGUUCCUGUCCGUCACCAUUGACGCCAACCUGGCCACG,0.89,0.65042518
UUGUUGAAGGGAGAAAAUC,GUAUUAUUCAGCACGACUUGAUUUUCUCCCUUCAACAAACAGAAUGUGUCCUUAAAC,0.85,0.96860637
UCAUAGUUCCGACUGUGUC,UGUGGUUGCUGUGGUGAACGACACAGUCGGAACUAUGAUGACCUGUGGCUUUGAAGA,0.89,0.97621281
UUCUCCACCAGCCUUCAGG,CUAAGAUGCUGAAGAGCUUCCUGAAGGCUGGUGGAGAAGUGAUUGAUUCAGUUACAU,0.88,0.81476615
AACUUCACAGUGAGGGUCU,UGAUGACCUGUGGCUUUGAAGACCCUCACUGUGAAGUUGGCCUCAUUGUUGGCACGG,0.86,0.77090513
UUGUAUUUGAGUCUGCUGG,AAAGCACAGUUACAGUAUUCCAGCAGACUCAAAUACAAGAACCUACUGCUAAUGCCA,0.91,0.93494968
AUUGCCAGUAACUUCUCUC,GAAGGAAUCAACCUUUGAAGAGAGAAGUUACUGGCAAUCUCAAGUCAACCAGGAUAU,0.93,1.02664989
UUGAGUAGGUGCUGUUCUU,ACACUACCAGAAAAAGUUCAAGAACAGCACCUACUCAAGAAGCUCUGUAGAUGUGCU,0.84,0.93934534
CUAAAUGGUAGUUUCCUGC,GAGGCAAGUAUUCUUUGGAGCAGGAAACUACCAUUUAGUGGAUGAAAACUUCGAUCC,0.87,0.88878676
AGGACUAGUAUAUUUUAUU,GUUGCUGCUUGCAUCUGAAAAUAAAAUAUACUAGUCCUGACACUGAAUUUUUCAAGU,0.33,0.57514144
UCGACGUUCAGAACUUAUC,GCGCGAACGACAAGAAAAAGAUAAGUUCUGAACGUCGAAAAGAAAAGUCUCGAGAUG,0.91,1.06824617
UUGUGGAGAGUUGUAAUGG,GAUUCUGUGUUGUUUUAUGCCAUUACAACUCUCCACAACCUUUUAUUACAUCAAGAA,0.85,0.93358727
AUUAGGAAGUCUGUCUUGG,UACCUGAGGUUUGGUGGCACCAAGACAGACUUCCUAAUUUUCGAUCCCAAGAAGGAA,0.84,0.89542270
AAUCUGAGACAAGAACUUG,CAAGGGGCAUCUUUGAAACCAAGUUCUUGUCUCAGAUUGAGAGUGACUGCCUGGCCC,0.87,0.90565052
UUUGGUGAGGCUGUCCGAC,CCAUAUAGAGAUACUCAAAGUCGGACAGCCUCACCAAACAGAGCAGGAAAAGGAGUC,0.6,0.92735115
UUGACUUGAGAUUGCCAGU,ACCUUUGAAGAGAGAAGUUACUGGCAAUCUCAAGUCAACCAGGAUAUUUGCAAAUAU,0.89,0.96180202
UGAGUGGUGGCUCCAAGCC,CGCAAGGAGAUGGAGAAAGGGCUUGGAGCCACCACUCACCCUACUGCAGCAGUGAAG,0.54,0.78694121
AGCAUCUUAGCCGUCUUUC,GAUGUUGGUCAGCCUCGAAGAAAGACGGCUAAGAUGCUGAAGAGCUUCCUGAAGGCU,0.86,0.92578157
AUCUGAAGAUUCAACCGGU,AAACAGAAUGUGUCCUUAAACCGGUUGAAUCUUCAGAUAUGAAAAUGACUCAGCUAU,0.8,0.90068504
UAUAGCACAUCUACAGAGC,AACAGCACCUACUCAAGAAGCUCUGUAGAUGUGCUAUACACUUUUGCAAACUGCUCA,0.7,0.98012650
UCACAGGUGCUCUCAAGCC,GCCAUCCUGCAACACUUAGGGCUUGAGAGCACCUGUGACGACAGCAUCAUUGUUAAG,0.82,0.83776052
AACAGUUGCUUUCCCGGGU,AUUGACAUGGGCUCACUGAACCCGGGAAAGCAACUGUUUGAGAAGAUGAUCAGUGGG,0.77,0.81363626
UUGUUGUGCAUCUCCACUC,CGGAAUGGGAAGUGGGGUGGAGUGGAGAUGCACAACAAGAUCUACGCCAUCCCGCAG,0.79,0.88385733
CUUGCCAUUAACACCUUGG,UUCAAGAAAUUGGUGGGCACCAAGGUGUUAAUGGCAAGCGUGCAAGGUUCAAAGAGA,0.86,0.90660176
UUAACAAUGAUGCUGUCGU,GGGCUUGAGAGCACCUGUGACGACAGCAUCAUUGUUAAGGAGGUGUGCACUGUGGUG,0.88,0.99735025
UUAUCCAGCCACAUAAAGC,UCCGACACCUUUGCAGCUGGCUUUAUGUGGCUGGAUAAAUUGGGCCUGUCAGCCCGA,0.66,0.87560897
UGGUCAAACAGCUGGGUGC,GACAUCAUGCGAGGCAGUGGCACCCAGCUGUUUGACCACAUUGCCGAAUGCCUGGCU,0.7,0.81045817
UUCACACACAUCCGCCCCU,GAACUGGUGGAAGGAGAAGAGGGGCGGAUGUGUGUGAACAUGGAAUGGGGGGCCUUC,0.72,0.79735144
UGAAACUCUGGUUCACCAU,CGAGCUGCUGGGAGGAGACAUGGUGAACCAGAGUUUCAUCUGCGACCCGGACGACGA,0.51,0.99514579
UACAAUAGCAGACACCAUC,CUAUCAUGCGUUCUCCUCAGAUGGUGUCUGCUAUUGUACGUACCAUGCAGAAUACAA,0.92,0.96492224
UUUGUUCUCCUUGAUGCGC,CCCUGGCCGCCGUGCUGCAGCGCAUCAAGGAGAACAAAGGCGAGGAGCGGCUGCGCU,0.8,0.81170923
UGAGGGUCUUCAAAGCCAC,GUCGGAACUAUGAUGACCUGUGGCUUUGAAGACCCUCACUGUGAAGUUGGCCUCAUU,0.85,0.87254870
UGGAAGUCAUCAUCCAUUG,AUGUUAGCUCCCUAUAUCCCAAUGGAUGAUGACUUCCAGUUACGUUCCUUCGAUCAG,0.88,0.95717433
UGAUUUUACACGCUUCCGC,AGAAGGGACCAGUUUGUUGGCGGAAGCGUGUAAAAUCAGAGUACAUGCGACUGAGAC,0.54,1.02480359
UGAAAGCUCAUCCACAGCC,UCCGCACAGAAUUUGAUGUGGCUGUGGAUGAGCUUUCACUCAACCCCGGCAAGCAGA,0.94,0.83464813
UAGGGUAACCGCAAGUACU,AACCUCCAUAAUGUCACCAAGUACUUGCGGUUACCCUAUCCUUUUUCUAACAAGCAA,0.94,0.96143115
UCGAGGCUGACCAACAUCA,AUGCAAAACUCUAUGGUCCUGAUGUUGGUCAGCCUCGAAGAAAGACGGCUAAGAUGC,0.56,0.93132062
UCGGAGUAGCAAUUGCUCC,GGUUGGAAUGGCCCUACCAGGAGCAAUUGCUACUCCGAGAACACUACCAGAAAAAGU,0.71,0.95812333
ACGCAGGAGACAAGCCUCU,AAAGCUUCGUACCUUGGCCAGAGGCUUGUCUCCUGCGUACCUGAGGUUUGGUGGCAC,0.85,0.70737762
UCACAAAUCAGCACCAAGC,AAGAAACCACCUAUGACCUGCUUGGUGCUGAUUUGUGAACCCAUUCCUCACCCAUCA,0.89,0.97028769
AACACGGACCAGCAGGACC,UUGGAGGAACAAAUUUCCGGGUCCUGCUGGUCCGUGUUCGGAAUGGGAAGUGGGGUG,0.69,0.64536531
AAUAAUACCACUCACAACG,GCAUUGUAUGUGUGAAUUACGUUGUGAGUGGUAUUAUUCAGCACGACUUGAUUUUCU,0.9,1.00692241
CCACCUCUUUUGGCAAGCA,ACCACAGGACAGUACAGGAUGCUUGCCAAAAGAGGUGGAUAUGUCUGGGUUGAAACU,0.17,0.45096421
AACAUCAGGACCAUAGAGU,CCACCUUCAAAAAUGCAAAACUCUAUGGUCCUGAUGUUGGUCAGCCUCGAAGAAAGA,0.86,0.91516289
AUUCCAACCGUAACUUCUC,CAUCCCUCCUGAUGUGGAGGAGAAGUUACGGUUGGAAUGGCCCUACCAGGAGCAAUU,0.48,1.01198205
UAGGCAUCCAUUGUCCCCG,ACAUGGAAUGGGGGGCCUUCGGGGACAAUGGAUGCCUAGAUGACUUCCGCACAGAAU,0.86,0.82733064
UUCCCAAGAAAUGUUAUAC,ACUACUGCUCUUCCAAGGGGUAUAACAUUUCUUGGGAACUAGGCAAUGAACCUAACA,0.89,0.96612319
ACUGGACUUGAAUCCCUUG,GUUUCCUGGUCUCAUGGACCAAGGGAUUCAAGUCCAGUGGAGUGGAAGGCAGAGACG,0.26,0.83307280
AGAAUACUUGCCUCAUCAC,CCGAAUGGGAAUAGAAGUGGUGAUGAGGCAAGUAUUCUUUGGAGCAGGAAACUACCA,0.93,0.91086546
UUUCAAUAUUUGAUGGGUG,GAUUUGUGAACCCAUUCCUCACCCAUCAAAUAUUGAAAUUCCUUUAGAUAGCAAGAC,0.63,0.95331371
AAGUCUUGCUAUCUAAAGG,CCCAUCAAAUAUUGAAAUUCCUUUAGAUAGCAAGACUUUCCUCAGUCGACACAGCCU,0.92,0.94958507
UCCACUAAAUGGUAGUUUC,CAAGUAUUCUUUGGAGCAGGAAACUACCAUUUAGUGGAUGAAAACUUCGAUCCUUUA,0.88,0.87907721
AAGGUGUCGGAUAGCAAGG,GCAUAUGGAGGCGGAGCGCCCUUGCUAUCCGACACCUUUGCAGCUGGCUUUAUGUGG,0.88,0.72595388
GAAACUGUUAGGUUCAUUG,ACAUUUCUUGGGAACUAGGCAAUGAACCUAACAGUUUCCUUAAGAAGGCUGAUAUUU,0.76,0.69620511
UAAACAUUGAGGCUUCAGC,GAAUGUGGAGUGGAGUGGUGCUGAAGCCUCAAUGUUUAGAGUCCUCAUUGGCACUUA,0.76,0.97449344
UAUACUCGAAGCUUCCUUC,AGCGUGCAAGGUUCAAAGAGAAGGAAGCUUCGAGUAUACCUUCAUUGCACAAACACU,0.94,1.02626959
AAAAUUAGGAAGUCUGUCU,CUGAGGUUUGGUGGCACCAAGACAGACUUCCUAAUUUUCGAUCCCAAGAAGGAAUCA,0.85,0.88779675
AAUUAGGAAGUCUGUCUUG,ACCUGAGGUUUGGUGGCACCAAGACAGACUUCCUAAUUUUCGAUCCCAAGAAGGAAU,0.79,0.89404647
GAAAAUUAGGAAGUCUGUC,UGAGGUUUGGUGGCACCAAGACAGACUUCCUAAUUUUCGAUCCCAAGAAGGAAUCAA,0.42,0.79083875
UUCCAUCGGAAGGACUAGG,CCAGAUUCAGGAUCAGACACCUAGUCCUUCCGAUGGAAGCACUAGACAAAGUUCACC,0.4,0.83421939
UAAUGCAACUUCUUGAUUG,GUAGUGCUGACCCUGCACUCAAUCAAGAAGUUGCAUUAAAAUUAGAACCAAAUCCAG,0.9,1.00578189
