siRNA,mRNA,label,y,td
CCUCGCCCUUGCUCACCAU,XXXXXXXXXXXXXXXXXXXAUGGUGAGCAAGGGCGAGGAGCUGUUCACCGGGGUGGU,0.5587304827023166,0,"2.16
UCCUCGCCCUUGCUCACCA,XXXXXXXXXXXXXXXXXXXUGGUGAGCAAGGGCGAGGAGCUGUUCACCGGGGUGGUG,0.7930401061332789,1,"0.24
CUCCUCGCCCUUGCUCACC,XXXXXXXXXXXXXXXXXXXGGUGAGCAAGGGCGAGGAGCUGUUCACCGGGGUGGUGC,0.6139401979793857,0,"-0.73
GCUCCUCGCCCUUGCUCAC,XXXXXXXXXXXXXXXXXXXGUGAGCAAGGGCGAGGAGCUGUUCACCGGGGUGGUGCC,0.3936115930196959,0,"0.73
AGCUCCUCGCCCUUGCUCA,XXXXXXXXXXXXXXXXXXXUGAGCAAGGGCGAGGAGCUGUUCACCGGGGUGGUGCCC,0.6641494030003062,0,"-0.03
CAGCUCCUCGCCCUUGCUC,XXXXXXXXXXXXXXXXXXXGAGCAAGGGCGAGGAGCUGUUCACCGGGGUGGUGCCCA,0.4546382283906521,0,"-0.24
ACAGCUCCUCGCCCUUGCU,XXXXXXXXXXXXXXXXXXXAGCAAGGGCGAGGAGCUGUUCACCGGGGUGGUGCCCAU,0.5470966425145424,0,"0.16
AACAGCUCCUCGCCCUUGC,XXXXXXXXXXXXXXXXXXXGCAAGGGCGAGGAGCUGUUCACCGGGGUGGUGCCCAUC,0.7719155015817941,1,"-2.49
GAACAGCUCCUCGCCCUUG,XXXXXXXXXXXXXXXXXXXCAAGGGCGAGGAGCUGUUCACCGGGGUGGUGCCCAUCC,0.4316767017042555,0,"0.24
UGAACAGCUCCUCGCCCUU,XXXXXXXXXXXXXXXXXXXAAGGGCGAGGAGCUGUUCACCGGGGUGGUGCCCAUCCU,0.5743443208490663,0,"0.73
GUGAACAGCUCCUCGCCCU,XXXXXXXXXXXXXXXXXXXAGGGCGAGGAGCUGUUCACCGGGGUGGUGCCCAUCCUG,0.754872946219002,1,"1.06
GGUGAACAGCUCCUCGCCC,XXXXXXXXXXXXXXXXXXXGGGCGAGGAGCUGUUCACCGGGGUGGUGCCCAUCCUGG,0.5352586998673334,0,"0.0
CGGUGAACAGCUCCUCGCC,XXXXXXXXXXXXXXXXXXXGGCGAGGAGCUGUUCACCGGGGUGGUGCCCAUCCUGGU,0.3223798346770078,0,"-0.9
CCGGUGAACAGCUCCUCGC,XXXXXXXXXXXXXXXXXXXGCGAGGAGCUGUUCACCGGGGUGGUGCCCAUCCUGGUC,0.6755791407286459,0,"-0.16
CCCGGUGAACAGCUCCUCG,XXXXXXXXXXXXXXXXXXXCGAGGAGCUGUUCACCGGGGUGGUGCCCAUCCUGGUCG,0.4008572303296255,0,"0.9
CCCCGGUGAACAGCUCCUC,XXXXXXXXXXXXXXXXXXXGAGGAGCUGUUCACCGGGGUGGUGCCCAUCCUGGUCGA,0.124502500255128,0,"0.46
ACCCCGGUGAACAGCUCCU,XXXXXXXXXXXXXXXXXXXAGGAGCUGUUCACCGGGGUGGUGCCCAUCCUGGUCGAG,0.5108684559648944,0,"0.16
CACCCCGGUGAACAGCUCC,XXXXXXXXXXXXXXXXXXXGGAGCUGUUCACCGGGGUGGUGCCCAUCCUGGUCGAGC,0.6737422185937341,0,"-0.7
CCACCCCGGUGAACAGCUC,XXXXXXXXXXXXXXXXXXXGAGCUGUUCACCGGGGUGGUGCCCAUCCUGGUCGAGCU,0.5212776813960608,0,"0.46
ACCACCCCGGUGAACAGCU,XXXXXXXXXXXXXXXXXXXAGCUGUUCACCGGGGUGGUGCCCAUCCUGGUCGAGCUG,0.6184304520869477,0,"0.16
CACCACCCCGGUGAACAGC,XXXXXXXXXXXXXXXXXXXGCUGUUCACCGGGGUGGUGCCCAUCCUGGUCGAGCUGG,0.4940300030615369,0,"-0.86
GCACCACCCCGGUGAACAG,XXXXXXXXXXXXXXXXXXXCUGUUCACCGGGGUGGUGCCCAUCCUGGUCGAGCUGGA,0.3426880293907541,0,"0.89
GGCACCACCCCGGUGAACA,XXXXXXXXXXXXXXXXXXXUGUUCACCGGGGUGGUGCCCAUCCUGGUCGAGCUGGAC,0.5610776609858149,0,"1.6
GGGCACCACCCCGGUGAAC,XXXXXXXXXXXXXXXXXXXGUUCACCGGGGUGGUGCCCAUCCUGGUCGAGCUGGACG,0.3006429227472191,0,"0.57
UGGGCACCACCCCGGUGAA,XXXXXXXXXXXXXXXXXXXUUCACCGGGGUGGUGCCCAUCCUGGUCGAGCUGGACGG,0.2596183284008572,0,"0.73
AUGGGCACCACCCCGGUGA,XXXXXXXXXXXXXXXXXXXUCACCGGGGUGGUGCCCAUCCUGGUCGAGCUGGACGGC,0.4584141238901929,0,"-0.8
GAUGGGCACCACCCCGGUG,XXXXXXXXXXXXXXXXXXXCACCGGGGUGGUGCCCAUCCUGGUCGAGCUGGACGGCG,0.3110521481783855,0,"0.24
GGAUGGGCACCACCCCGGU,XXXXXXXXXXXXXXXXXXXACCGGGGUGGUGCCCAUCCUGGUCGAGCUGGACGGCGA,0.289723441167466,0,"1.47
AGGAUGGGCACCACCCCGG,XXXXXXXXXXXXXXXXXXXCCGGGGUGGUGCCCAUCCUGGUCGAGCUGGACGGCGAC,0.486376160832738,0,"-1.63
CAGGAUGGGCACCACCCCG,XXXXXXXXXXXXXXXXXXXCGGGGUGGUGCCCAUCCUGGUCGAGCUGGACGGCGACG,0.3310541892029799,0,"0.2
CCAGGAUGGGCACCACCCC,XXXXXXXXXXXXXXXXXXXGGGGUGGUGCCCAUCCUGGUCGAGCUGGACGGCGACGU,0.1737932442085927,0,"0.0
ACCAGGAUGGGCACCACCC,XXXXXXXXXXXXXXXXXXXGGGUGGUGCCCAUCCUGGUCGAGCUGGACGGCGACGUA,0.6225125012756404,0,"-1.47
GACCAGGAUGGGCACCACC,XXXXXXXXXXXXXXXXXXXGGUGGUGCCCAUCCUGGUCGAGCUGGACGGCGACGUAA,0.4343300336769058,0,"-0.46
CGACCAGGAUGGGCACCAC,XXXXXXXXXXXXXXXXXXXGUGGUGCCCAUCCUGGUCGAGCUGGACGGCGACGUAAA,0.2782937034391264,0,"-0.33
UCGACCAGGAUGGGCACCA,XXXXXXXXXXXXXXXXXXXUGGUGCCCAUCCUGGUCGAGCUGGACGGCGACGUAAAC,0.5353607510970507,0,"0.24
CUCGACCAGGAUGGGCACC,XXXXXXXXXXXXXXXXXXXGGUGCCCAUCCUGGUCGAGCUGGACGGCGACGUAAACG,0.3097254821920605,0,"-0.73
GCUCGACCAGGAUGGGCAC,XXXXXXXXXXXXXXXXXXXGUGCCCAUCCUGGUCGAGCUGGACGGCGACGUAAACGG,0.1800183692213491,0,"0.73
AGCUCGACCAGGAUGGGCA,XXXXXXXXXXXXXXXXXXXUGCCCAUCCUGGUCGAGCUGGACGGCGACGUAAACGGC,0.5531176650678641,0,"-0.03
CAGCUCGACCAGGAUGGGC,XXXXXXXXXXXXXXXXXXXGCCCAUCCUGGUCGAGCUGGACGGCGACGUAAACGGCC,0.4057556893560567,0,"-0.86
CCAGCUCGACCAGGAUGGG,XXXXXXXXXXXXXXXXXXXCCCAUCCUGGUCGAGCUGGACGGCGACGUAAACGGCCA,0.3466680273497295,0,"0.0
UCCAGCUCGACCAGGAUGG,XXXXXXXXXXXXXXXXXXXCCAUCCUGGUCGAGCUGGACGGCGACGUAAACGGCCAC,0.654148382488009,0,"-1.36
GUCCAGCUCGACCAGGAUG,XXXXXXXXXXXXXXXXXXXCAUCCUGGUCGAGCUGGACGGCGACGUAAACGGCCACA,0.6049596897642617,0,"0.13
CGUCCAGCUCGACCAGGAU,XXXXXXXXXXXXXXXXXXXAUCCUGGUCGAGCUGGACGGCGACGUAAACGGCCACAA,0.3201347076232269,0,"1.26
CCGUCCAGCUCGACCAGGA,XXXXXXXXXXXXXXXXXXXUCCUGGUCGAGCUGGACGGCGACGUAAACGGCCACAAG,0.4978058985610777,0,"1.36
GCCGUCCAGCUCGACCAGG,XXXXXXXXXXXXXXXXXXXCCUGGUCGAGCUGGACGGCGACGUAAACGGCCACAAGU,0.3463618736605776,0,"0.16
CGCCGUCCAGCUCGACCAG,XXXXXXXXXXXXXXXXXXXCUGGUCGAGCUGGACGGCGACGUAAACGGCCACAAGUU,0.3119706092458414,0,"-0.17
UCGCCGUCCAGCUCGACCA,XXXXXXXXXXXXXXXXXXXUGGUCGAGCUGGACGGCGACGUAAACGGCCACAAGUUC,0.7840595979181549,1,"0.24
GUCGCCGUCCAGCUCGACC,XXXXXXXXXXXXXXXXXXXGGUCGAGCUGGACGGCGACGUAAACGGCCACAAGUUCA,0.7300744973976938,1,"-0.57
CGUCGCCGUCCAGCUCGAC,XXXXXXXXXXXXXXXXXXXGUCGAGCUGGACGGCGACGUAAACGGCCACAAGUUCAG,0.2548219206041432,0,"-0.33
ACGUCGCCGUCCAGCUCGA,XXXXXXXXXXXXXXXXXXXUCGAGCUGGACGGCGACGUAAACGGCCACAAGUUCAGC,0.2950301051127666,0,"-0.11
UACGUCGCCGUCCAGCUCG,XXXXXXXXXXXXXXXXXXXCGAGCUGGACGGCGACGUAAACGGCCACAAGUUCAGCG,0.5324012654352486,0,"-1.03
UUACGUCGCCGUCCAGCUC,XXXXXXXXXXXXXXXXXXXGAGCUGGACGGCGACGUAAACGGCCACAAGUUCAGCGU,0.6049596897642617,0,"-1.87
UUUACGUCGCCGUCCAGCU,XXXXXXXXXXXXXXXXXXXAGCUGGACGGCGACGUAAACGGCCACAAGUUCAGCGUG,0.4564751505255638,0,"-0.7
GUUUACGUCGCCGUCCAGC,XXXXXXXXXXXXXXXXXXXGCUGGACGGCGACGUAAACGGCCACAAGUUCAGCGUGU,0.582916624145321,0,"-0.73
CGUUUACGUCGCCGUCCAG,XXXXXXXXXXXXXXXXXXXCUGGACGGCGACGUAAACGGCCACAAGUUCAGCGUGUC,0.3793244208592713,0,"-0.17
CCGUUUACGUCGCCGUCCA,XXXXXXXXXXXXXXXXXXXUGGACGGCGACGUAAACGGCCACAAGUUCAGCGUGUCC,0.330441881824676,0,"1.6
GCCGUUUACGUCGCCGUCC,XXXXXXXXXXXXXXXXXXXGGACGGCGACGUAAACGGCCACAAGUUCAGCGUGUCCG,0.3578936626186346,0,"0.16
GGCCGUUUACGUCGCCGUC,XXXXXXXXXXXXXXXXXXXGACGGCGACGUAAACGGCCACAAGUUCAGCGUGUCCGG,0.4564751505255638,0,"0.46
UGGCCGUUUACGUCGCCGU,XXXXXXXXXXXXXXXXXXXACGGCGACGUAAACGGCCACAAGUUCAGCGUGUCCGGC,0.6999693846310849,0,"-0.13
GUGGCCGUUUACGUCGCCG,XXXXXXXXXXXXXXXXXXXCGGCGACGUAAACGGCCACAAGUUCAGCGUGUCCGGCG,0.7239514236146546,1,"0.33
UGUGGCCGUUUACGUCGCC,XXXXXXXXXXXXXXXXXXXGGCGACGUAAACGGCCACAAGUUCAGCGUGUCCGGCGA,0.4493315644453516,0,"-1.6
UUGUGGCCGUUUACGUCGC,XXXXXXXXXXXXXXXXXXXGCGACGUAAACGGCCACAAGUUCAGCGUGUCCGGCGAG,0.5098479436677212,0,"-2.49
CUUGUGGCCGUUUACGUCG,XXXXXXXXXXXXXXXXXXXCGACGUAAACGGCCACAAGUUCAGCGUGUCCGGCGAGG,0.5905704663741198,0,"0.17
ACUUGUGGCCGUUUACGUC,XXXXXXXXXXXXXXXXXXXGACGUAAACGGCCACAAGUUCAGCGUGUCCGGCGAGGG,0.5474027962036943,0,"-1.01
AACUUGUGGCCGUUUACGU,XXXXXXXXXXXXXXXXXXXACGUAAACGGCCACAAGUUCAGCGUGUCCGGCGAGGGC,0.5494438207980407,0,"-0.86
GAACUUGUGGCCGUUUACG,XXXXXXXXXXXXXXXXXXXCGUAAACGGCCACAAGUUCAGCGUGUCCGGCGAGGGCG,0.6984386161853251,0,"0.44
UGAACUUGUGGCCGUUUAC,XXXXXXXXXXXXXXXXXXXGUAAACGGCCACAAGUUCAGCGUGUCCGGCGAGGGCGA,0.8462087968160017,1,"-1.03
CUGAACUUGUGGCCGUUUA,XXXXXXXXXXXXXXXXXXXUAAACGGCCACAAGUUCAGCGUGUCCGGCGAGGGCGAG,0.5635268904990306,0,"1.2
GCUGAACUUGUGGCCGUUU,XXXXXXXXXXXXXXXXXXXAAACGGCCACAAGUUCAGCGUGUCCGGCGAGGGCGAGG,0.4266761914481071,0,"2.49
CGCUGAACUUGUGGCCGUU,XXXXXXXXXXXXXXXXXXXAACGGCCACAAGUUCAGCGUGUCCGGCGAGGGCGAGGG,0.4357587508929483,0,"1.43
ACGCUGAACUUGUGGCCGU,XXXXXXXXXXXXXXXXXXXACGGCCACAAGUUCAGCGUGUCCGGCGAGGGCGAGGGC,0.6946627206857843,0,"0.0
CACGCUGAACUUGUGGCCG,XXXXXXXXXXXXXXXXXXXCGGCCACAAGUUCAGCGUGUCCGGCGAGGGCGAGGGCG,0.6507806919073376,0,"0.2
ACACGCUGAACUUGUGGCC,XXXXXXXXXXXXXXXXXXXGGCCACAAGUUCAGCGUGUCCGGCGAGGGCGAGGGCGA,0.6042453311562405,0,"-1.47
GACACGCUGAACUUGUGGC,XXXXXXXXXXXXXXXXXXXGCCACAAGUUCAGCGUGUCCGGCGAGGGCGAGGGCGAU,0.7624247372180835,1,"-0.62
GGACACGCUGAACUUGUGG,XXXXXXXXXXXXXXXXXXXCCACAAGUUCAGCGUGUCCGGCGAGGGCGAGGGCGAUG,0.8591693029901011,1,"0.0
CGGACACGCUGAACUUGUG,XXXXXXXXXXXXXXXXXXXCACAAGUUCAGCGUGUCCGGCGAGGGCGAGGGCGAUGC,0.5750586794570876,0,"-0.2
CCGGACACGCUGAACUUGU,XXXXXXXXXXXXXXXXXXXACAAGUUCAGCGUGUCCGGCGAGGGCGAGGGCGAUGCC,0.5430145933258497,0,"1.47
GCCGGACACGCUGAACUUG,XXXXXXXXXXXXXXXXXXXCAAGUUCAGCGUGUCCGGCGAGGGCGAGGGCGAUGCCA,0.5872027757934484,0,"0.86
CGCCGGACACGCUGAACUU,XXXXXXXXXXXXXXXXXXXAAGUUCAGCGUGUCCGGCGAGGGCGAGGGCGAUGCCAC,0.4125931217471171,0,"1.43
UCGCCGGACACGCUGAACU,XXXXXXXXXXXXXXXXXXXAGUUCAGCGUGUCCGGCGAGGGCGAGGGCGAUGCCACC,0.7484437187468108,1,"0.27
CUCGCCGGACACGCUGAAC,XXXXXXXXXXXXXXXXXXXGUUCAGCGUGUCCGGCGAGGGCGAGGGCGAUGCCACCU,0.5054597407898765,0,"-0.16
CCUCGCCGGACACGCUGAA,XXXXXXXXXXXXXXXXXXXUUCAGCGUGUCCGGCGAGGGCGAGGGCGAUGCCACCUA,0.4033064598428412,0,"2.33
CCCUCGCCGGACACGCUGA,XXXXXXXXXXXXXXXXXXXUCAGCGUGUCCGGCGAGGGCGAGGGCGAUGCCACCUAC,0.348709051944076,0,"1.36
GCCCUCGCCGGACACGCUG,XXXXXXXXXXXXXXXXXXXCAGCGUGUCCGGCGAGGGCGAGGGCGAUGCCACCUACG,0.5032146137360956,0,"0.86
CGCCCUCGCCGGACACGCU,XXXXXXXXXXXXXXXXXXXAGCGUGUCCGGCGAGGGCGAGGGCGAUGCCACCUACGG,0.5020920502092051,0,"0.73
UCGCCCUCGCCGGACACGC,XXXXXXXXXXXXXXXXXXXGCGUGUCCGGCGAGGGCGAGGGCGAUGCCACCUACGGC,0.3970813348300847,0,"-1.52
CUCGCCCUCGCCGGACACG,XXXXXXXXXXXXXXXXXXXCGUGUCCGGCGAGGGCGAGGGCGAUGCCACCUACGGCA,0.3996326155730176,0,"0.17
CCUCGCCCUCGCCGGACAC,XXXXXXXXXXXXXXXXXXXGUGUCCGGCGAGGGCGAGGGCGAUGCCACCUACGGCAA,0.4082049188692724,0,"0.57
CCCUCGCCCUCGCCGGACA,XXXXXXXXXXXXXXXXXXXUGUCCGGCGAGGGCGAGGGCGAUGCCACCUACGGCAAG,0.5237269109092765,0,"1.6
GCCCUCGCCCUCGCCGGAC,XXXXXXXXXXXXXXXXXXXGUCCGGCGAGGGCGAGGGCGAUGCCACCUACGGCAAGC,0.5388304929074396,0,"0.73
CGCCCUCGCCCUCGCCGGA,XXXXXXXXXXXXXXXXXXXUCCGGCGAGGGCGAGGGCGAUGCCACCUACGGCAAGCU,0.4535156648637616,0,"0.46
UCGCCCUCGCCCUCGCCGG,XXXXXXXXXXXXXXXXXXXCCGGCGAGGGCGAGGGCGAUGCCACCUACGGCAAGCUG,0.3548321257271151,0,"-1.36
AUCGCCCUCGCCCUCGCCG,XXXXXXXXXXXXXXXXXXXCGGCGAGGGCGAGGGCGAUGCCACCUACGGCAAGCUGA,0.3088070211246045,0,"-1.26
CAUCGCCCUCGCCCUCGCC,XXXXXXXXXXXXXXXXXXXGGCGAGGGCGAGGGCGAUGCCACCUACGGCAAGCUGAC,0.3953464639248903,0,"-0.7
GCAUCGCCCUCGCCCUCGC,XXXXXXXXXXXXXXXXXXXGCGAGGGCGAGGGCGAUGCCACCUACGGCAAGCUGACC,0.3413613634044291,0,"0.0
GGCAUCGCCCUCGCCCUCG,XXXXXXXXXXXXXXXXXXXCGAGGGCGAGGGCGAUGCCACCUACGGCAAGCUGACCC,0.2987039493825901,0,"0.9
UGGCAUCGCCCUCGCCCUC,XXXXXXXXXXXXXXXXXXXGAGGGCGAGGGCGAUGCCACCUACGGCAAGCUGACCCU,0.3119706092458414,0,"-1.14
GUGGCAUCGCCCUCGCCCU,XXXXXXXXXXXXXXXXXXXAGGGCGAGGGCGAUGCCACCUACGGCAAGCUGACCCUG,0.4055515868966221,0,"1.06
GGUGGCAUCGCCCUCGCCC,XXXXXXXXXXXXXXXXXXXGGGCGAGGGCGAUGCCACCUACGGCAAGCUGACCCUGA,0.1663435044392285,0,"0.0
AGGUGGCAUCGCCCUCGCC,XXXXXXXXXXXXXXXXXXXGGCGAGGGCGAUGCCACCUACGGCAAGCUGACCCUGAA,0.4013674864782121,0,"-1.63
UAGGUGGCAUCGCCCUCGC,XXXXXXXXXXXXXXXXXXXGCGAGGGCGAUGCCACCUACGGCAAGCUGACCCUGAAG,0.2910501071537912,0,"-2.09
GUAGGUGGCAUCGCCCUCG,XXXXXXXXXXXXXXXXXXXCGAGGGCGAUGCCACCUACGGCAAGCUGACCCUGAAGU,0.3694254515766915,0,"0.33
CGUAGGUGGCAUCGCCCUC,XXXXXXXXXXXXXXXXXXXGAGGGCGAUGCCACCUACGGCAAGCUGACCCUGAAGUU,0.3322788039595877,0,"-0.44
CCGUAGGUGGCAUCGCCCU,XXXXXXXXXXXXXXXXXXXAGGGCGAUGCCACCUACGGCAAGCUGACCCUGAAGUUC,0.2516583324829064,0,"1.63
GCCGUAGGUGGCAUCGCCC,XXXXXXXXXXXXXXXXXXXGGGCGAUGCCACCUACGGCAAGCUGACCCUGAAGUUCA,0.327890601081743,0,"0.16
UGCCGUAGGUGGCAUCGCC,XXXXXXXXXXXXXXXXXXXGGCGAUGCCACCUACGGCAAGCUGACCCUGAAGUUCAU,0.4970915399530565,0,"-1.6
UUGCCGUAGGUGGCAUCGC,XXXXXXXXXXXXXXXXXXXGCGAUGCCACCUACGGCAAGCUGACCCUGAAGUUCAUC,0.403918767221145,0,"-2.49
CUUGCCGUAGGUGGCAUCG,XXXXXXXXXXXXXXXXXXXCGAUGCCACCUACGGCAAGCUGACCCUGAAGUUCAUCU,0.5552607408919278,0,"0.17
GCUUGCCGUAGGUGGCAUC,XXXXXXXXXXXXXXXXXXXGAUGCCACCUACGGCAAGCUGACCCUGAAGUUCAUCUG,0.3197265027043576,0,"0.62
AGCUUGCCGUAGGUGGCAU,XXXXXXXXXXXXXXXXXXXAUGCCACCUACGGCAAGCUGACCCUGAAGUUCAUCUGC,0.4773956526176141,0,"0.53
CAGCUUGCCGUAGGUGGCA,XXXXXXXXXXXXXXXXXXXUGCCACCUACGGCAAGCUGACCCUGAAGUUCAUCUGCA,0.1966527196652719,0,"0.9
UCAGCUUGCCGUAGGUGGC,XXXXXXXXXXXXXXXXXXXGCCACCUACGGCAAGCUGACCCUGAAGUUCAUCUGCAC,0.4618838657005817,0,"-1.52
GUCAGCUUGCCGUAGGUGG,XXXXXXXXXXXXXXXXXXXCCACCUACGGCAAGCUGACCCUGAAGUUCAUCUGCACC,0.5697520155117869,0,"-0.57
GGUCAGCUUGCCGUAGGUG,XXXXXXXXXXXXXXXXXXXCACCUACGGCAAGCUGACCCUGAAGUUCAUCUGCACCA,0.3545259720379631,0,"0.7
GGGUCAGCUUGCCGUAGGU,XXXXXXXXXXXXXXXXXXXACCUACGGCAAGCUGACCCUGAAGUUCAUCUGCACCAC,0.3990203081947138,0,"1.47
AGGGUCAGCUUGCCGUAGG,XXXXXXXXXXXXXXXXXXXCCUACGGCAAGCUGACCCUGAAGUUCAUCUGCACCACC,0.6911929788753955,0,"-1.63
CAGGGUCAGCUUGCCGUAG,XXXXXXXXXXXXXXXXXXXCUACGGCAAGCUGACCCUGAAGUUCAUCUGCACCACCG,0.3141136850699051,0,"0.03
UCAGGGUCAGCUUGCCGUA,XXXXXXXXXXXXXXXXXXXUACGGCAAGCUGACCCUGAAGUUCAUCUGCACCACCGG,0.4946423104398408,0,"0.57
UUCAGGGUCAGCUUGCCGU,XXXXXXXXXXXXXXXXXXXACGGCAAGCUGACCCUGAAGUUCAUCUGCACCACCGGC,0.7651801204204511,1,"-0.86
CUUCAGGGUCAGCUUGCCG,XXXXXXXXXXXXXXXXXXXCGGCAAGCUGACCCUGAAGUUCAUCUGCACCACCGGCA,0.6588427390550057,0,"0.17
ACUUCAGGGUCAGCUUGCC,XXXXXXXXXXXXXXXXXXXGGCAAGCUGACCCUGAAGUUCAUCUGCACCACCGGCAA,0.6385345443412593,0,"-1.47
AACUUCAGGGUCAGCUUGC,XXXXXXXXXXXXXXXXXXXGCAAGCUGACCCUGAAGUUCAUCUGCACCACCGGCAAG,0.7105827125216859,0,"-2.49
GAACUUCAGGGUCAGCUUG,XXXXXXXXXXXXXXXXXXXCAAGCUGACCCUGAAGUUCAUCUGCACCACCGGCAAGC,0.7322175732217574,1,"0.24
UGAACUUCAGGGUCAGCUU,XXXXXXXXXXXXXXXXXXXAAGCUGACCCUGAAGUUCAUCUGCACCACCGGCAAGCU,0.9358097765078072,1,"0.73
AUGAACUUCAGGGUCAGCU,XXXXXXXXXXXXXXXXXXXAGCUGACCCUGAAGUUCAUCUGCACCACCGGCAAGCUG,0.8910092866619044,1,"-0.53
GAUGAACUUCAGGGUCAGC,XXXXXXXXXXXXXXXXXXXGCUGACCCUGAAGUUCAUCUGCACCACCGGCAAGCUGC,0.7672211450147975,1,"-0.62
AGAUGAACUUCAGGGUCAG,XXXXXXXXXXXXXXXXXXXCUGACCCUGAAGUUCAUCUGCACCACCGGCAAGCUGCC,0.7119093785080112,0,"-0.9
CAGAUGAACUUCAGGGUCA,XXXXXXXXXXXXXXXXXXXUGACCCUGAAGUUCAUCUGCACCACCGGCAAGCUGCCC,0.5111746096540464,0,"0.9
GCAGAUGAACUUCAGGGUC,XXXXXXXXXXXXXXXXXXXGACCCUGAAGUUCAUCUGCACCACCGGCAAGCUGCCCG,0.4439228492703337,0,"0.62
UGCAGAUGAACUUCAGGGU,XXXXXXXXXXXXXXXXXXXACCCUGAAGUUCAUCUGCACCACCGGCAAGCUGCCCGU,0.8051842024696398,1,"-0.13
GUGCAGAUGAACUUCAGGG,XXXXXXXXXXXXXXXXXXXCCCUGAAGUUCAUCUGCACCACCGGCAAGCUGCCCGUG,0.8063067659965304,1,"-0.57
GGUGCAGAUGAACUUCAGG,XXXXXXXXXXXXXXXXXXXCCUGAAGUUCAUCUGCACCACCGGCAAGCUGCCCGUGC,0.695172976834371,0,"0.0
UGGUGCAGAUGAACUUCAG,XXXXXXXXXXXXXXXXXXXCUGAAGUUCAUCUGCACCACCGGCAAGCUGCCCGUGCC,0.6880293907541587,0,"-0.87
GUGGUGCAGAUGAACUUCA,XXXXXXXXXXXXXXXXXXXUGAAGUUCAUCUGCACCACCGGCAAGCUGCCCGUGCCC,0.4635166853760588,0,"1.03
GGUGGUGCAGAUGAACUUC,XXXXXXXXXXXXXXXXXXXGAAGUUCAUCUGCACCACCGGCAAGCUGCCCGUGCCCU,0.5413817736503725,0,"0.46
CGGUGGUGCAGAUGAACUU,XXXXXXXXXXXXXXXXXXXAAGUUCAUCUGCACCACCGGCAAGCUGCCCGUGCCCUG,0.5989386672109399,0,"1.43
CCGGUGGUGCAGAUGAACU,XXXXXXXXXXXXXXXXXXXAGUUCAUCUGCACCACCGGCAAGCUGCCCGUGCCCUGG,0.3915705684253495,0,"1.63
GCCGGUGGUGCAGAUGAAC,XXXXXXXXXXXXXXXXXXXGUUCAUCUGCACCACCGGCAAGCUGCCCGUGCCCUGGC,0.1335850596999694,0,"0.73
UGCCGGUGGUGCAGAUGAA,XXXXXXXXXXXXXXXXXXXUUCAUCUGCACCACCGGCAAGCUGCCCGUGCCCUGGCC,0.2221655270946015,0,"0.73
UUGCCGGUGGUGCAGAUGA,XXXXXXXXXXXXXXXXXXXUCAUCUGCACCACCGGCAAGCUGCCCGUGCCCUGGCCC,0.4949484641289928,0,"-0.97
CUUGCCGGUGGUGCAGAUG,XXXXXXXXXXXXXXXXXXXCAUCUGCACCACCGGCAAGCUGCCCGUGCCCUGGCCCA,0.4151444024900499,0,"-0.03
GCUUGCCGGUGGUGCAGAU,XXXXXXXXXXXXXXXXXXXAUCUGCACCACCGGCAAGCUGCCCGUGCCCUGGCCCAC,0.0612307378303908,0,"2.32
AGCUUGCCGGUGGUGCAGA,XXXXXXXXXXXXXXXXXXXUCUGCACCACCGGCAAGCUGCCCGUGCCCUGGCCCACC,0.0443922849270333,0,"-0.27
CAGCUUGCCGGUGGUGCAG,XXXXXXXXXXXXXXXXXXXCUGCACCACCGGCAAGCUGCCCGUGCCCUGGCCCACCC,0.3306459842841106,0,"0.03
GCAGCUUGCCGGUGGUGCA,XXXXXXXXXXXXXXXXXXXUGCACCACCGGCAAGCUGCCCGUGCCCUGGCCCACCCU,0.0389835697520155,0,"1.76
GGCAGCUUGCCGGUGGUGC,XXXXXXXXXXXXXXXXXXXGCACCACCGGCAAGCUGCCCGUGCCCUGGCCCACCCUC,0.3609551995101541,0,"-0.16
GGGCAGCUUGCCGGUGGUG,XXXXXXXXXXXXXXXXXXXCACCACCGGCAAGCUGCCCGUGCCCUGGCCCACCCUCG,0.212062455352587,0,"0.7
CGGGCAGCUUGCCGGUGGU,XXXXXXXXXXXXXXXXXXXACCACCGGCAAGCUGCCCGUGCCCUGGCCCACCCUCGU,0.0474538218185529,0,"0.57
ACGGGCAGCUUGCCGGUGG,XXXXXXXXXXXXXXXXXXXCCACCGGCAAGCUGCCCGUGCCCUGGCCCACCCUCGUG,0.3957546688437596,0,"-1.47
CACGGGCAGCUUGCCGGUG,XXXXXXXXXXXXXXXXXXXCACCGGCAAGCUGCCCGUGCCCUGGCCCACCCUCGUGA,0.2002245127053781,0,"0.0
GCACGGGCAGCUUGCCGGU,XXXXXXXXXXXXXXXXXXXACCGGCAAGCUGCCCGUGCCCUGGCCCACCCUCGUGAC,0.1718542708439636,0,"1.63
GGCACGGGCAGCUUGCCGG,XXXXXXXXXXXXXXXXXXXCCGGCAAGCUGCCCGUGCCCUGGCCCACCCUCGUGACC,0.4710684763751403,0,"0.0
GGGCACGGGCAGCUUGCCG,XXXXXXXXXXXXXXXXXXXCGGCAAGCUGCCCGUGCCCUGGCCCACCCUCGUGACCA,0.2816613940197979,0,"0.9
AGGGCACGGGCAGCUUGCC,XXXXXXXXXXXXXXXXXXXGGCAAGCUGCCCGUGCCCUGGCCCACCCUCGUGACCAC,0.3128890703132973,0,"-1.63
CAGGGCACGGGCAGCUUGC,XXXXXXXXXXXXXXXXXXXGCAAGCUGCCCGUGCCCUGGCCCACCCUCGUGACCACC,0.5715889376466987,0,"-0.86
CCAGGGCACGGGCAGCUUG,XXXXXXXXXXXXXXXXXXXCAAGCUGCCCGUGCCCUGGCCCACCCUCGUGACCACCC,0.4725992448209001,0,"0.7
GCCAGGGCACGGGCAGCUU,XXXXXXXXXXXXXXXXXXXAAGCUGCCCGUGCCCUGGCCCACCCUCGUGACCACCCU,0.1839983671803245,0,"2.49
GGCCAGGGCACGGGCAGCU,XXXXXXXXXXXXXXXXXXXAGCUGCCCGUGCCCUGGCCCACCCUCGUGACCACCCUG,0.0866414940300029,0,"1.63
GGGCCAGGGCACGGGCAGC,XXXXXXXXXXXXXXXXXXXGCUGCCCGUGCCCUGGCCCACCCUCGUGACCACCCUGA,0.2934993366670069,0,"-0.16
UGGGCCAGGGCACGGGCAG,XXXXXXXXXXXXXXXXXXXCUGCCCGUGCCCUGGCCCACCCUCGUGACCACCCUGAC,0.2693131952240025,0,"-0.87
GUGGGCCAGGGCACGGGCA,XXXXXXXXXXXXXXXXXXXUGCCCGUGCCCUGGCCCACCCUCGUGACCACCCUGACC,0.2416573119706092,0,"1.03
GGUGGGCCAGGGCACGGGC,XXXXXXXXXXXXXXXXXXXGCCCGUGCCCUGGCCCACCCUCGUGACCACCCUGACCU,0.1526686396571079,0,"-0.16
GGGUGGGCCAGGGCACGGG,XXXXXXXXXXXXXXXXXXXCCCGUGCCCUGGCCCACCCUCGUGACCACCCUGACCUA,0.0853148280436779,0,"0.0
AGGGUGGGCCAGGGCACGG,XXXXXXXXXXXXXXXXXXXCCGUGCCCUGGCCCACCCUCGUGACCACCCUGACCUAC,0.0519440759261149,0,"-1.63
GAGGGUGGGCCAGGGCACG,XXXXXXXXXXXXXXXXXXXCGUGCCCUGGCCCACCCUCGUGACCACCCUGACCUACG,0.2984998469231554,0,"0.44
CGAGGGUGGGCCAGGGCAC,XXXXXXXXXXXXXXXXXXXGUGCCCUGGCCCACCCUCGUGACCACCCUGACCUACGG,0.0,0,"-0.33
ACGAGGGUGGGCCAGGGCA,XXXXXXXXXXXXXXXXXXXUGCCCUGGCCCACCCUCGUGACCACCCUGACCUACGGC,0.0001020512297173,0,"0.13
CACGAGGGUGGGCCAGGGC,XXXXXXXXXXXXXXXXXXXGCCCUGGCCCACCCUCGUGACCACCCUGACCUACGGCG,0.2324727012960506,0,"-0.86
UCACGAGGGUGGGCCAGGG,XXXXXXXXXXXXXXXXXXXCCCUGGCCCACCCUCGUGACCACCCUGACCUACGGCGU,0.2582916624145321,0,"-1.36
GUCACGAGGGUGGGCCAGG,XXXXXXXXXXXXXXXXXXXCCUGGCCCACCCUCGUGACCACCCUGACCUACGGCGUG,0.3158485559750995,0,"-0.57
GGUCACGAGGGUGGGCCAG,XXXXXXXXXXXXXXXXXXXCUGGCCCACCCUCGUGACCACCCUGACCUACGGCGUGC,0.2481885906725176,0,"0.73
UGGUCACGAGGGUGGGCCA,XXXXXXXXXXXXXXXXXXXUGGCCCACCCUCGUGACCACCCUGACCUACGGCGUGCA,0.72793142157363,1,"0.0
GUGGUCACGAGGGUGGGCC,XXXXXXXXXXXXXXXXXXXGGCCCACCCUCGUGACCACCCUGACCUACGGCGUGCAG,0.5200530666394529,0,"-0.57
GGUGGUCACGAGGGUGGGC,XXXXXXXXXXXXXXXXXXXGCCCACCCUCGUGACCACCCUGACCUACGGCGUGCAGU,0.4482090009184611,0,"-0.16
GGGUGGUCACGAGGGUGGG,XXXXXXXXXXXXXXXXXXXCCCACCCUCGUGACCACCCUGACCUACGGCGUGCAGUG,0.2080824573936116,0,"0.0
AGGGUGGUCACGAGGGUGG,XXXXXXXXXXXXXXXXXXXCCACCCUCGUGACCACCCUGACCUACGGCGUGCAGUGC,0.3463618736605776,0,"-1.63
CAGGGUGGUCACGAGGGUG,XXXXXXXXXXXXXXXXXXXCACCCUCGUGACCACCCUGACCUACGGCGUGCAGUGCU,0.270435758750893,0,"0.0
UCAGGGUGGUCACGAGGGU,XXXXXXXXXXXXXXXXXXXACCCUCGUGACCACCCUGACCUACGGCGUGCAGUGCUU,0.3797326257781406,0,"0.11
GUCAGGGUGGUCACGAGGG,XXXXXXXXXXXXXXXXXXXCCCUCGUGACCACCCUGACCUACGGCGUGCAGUGCUUC,0.4331054189202979,0,"-0.57
GGUCAGGGUGGUCACGAGG,XXXXXXXXXXXXXXXXXXXCCUCGUGACCACCCUGACCUACGGCGUGCAGUGCUUCA,0.5177058883559547,0,"0.0
AGGUCAGGGUGGUCACGAG,XXXXXXXXXXXXXXXXXXXCUCGUGACCACCCUGACCUACGGCGUGCAGUGCUUCAG,0.5814879069292785,0,"-0.9
UAGGUCAGGGUGGUCACGA,XXXXXXXXXXXXXXXXXXXUCGUGACCACCCUGACCUACGGCGUGCAGUGCUUCAGC,0.5284212674762732,0,"-0.57
GUAGGUCAGGGUGGUCACG,XXXXXXXXXXXXXXXXXXXCGUGACCACCCUGACCUACGGCGUGCAGUGCUUCAGCC,0.4808653944280028,0,"0.33
CGUAGGUCAGGGUGGUCAC,XXXXXXXXXXXXXXXXXXXGUGACCACCCUGACCUACGGCGUGCAGUGCUUCAGCCG,0.6749668333503419,0,"-0.33
CCGUAGGUCAGGGUGGUCA,XXXXXXXXXXXXXXXXXXXUGACCACCCUGACCUACGGCGUGCAGUGCUUCAGCCGC,0.4261659352995203,0,"1.6
GCCGUAGGUCAGGGUGGUC,XXXXXXXXXXXXXXXXXXXGACCACCCUGACCUACGGCGUGCAGUGCUUCAGCCGCU,0.3065618940708235,0,"0.62
CGCCGUAGGUCAGGGUGGU,XXXXXXXXXXXXXXXXXXXACCACCCUGACCUACGGCGUGCAGUGCUUCAGCCGCUA,0.4613736095519951,0,"0.57
ACGCCGUAGGUCAGGGUGG,XXXXXXXXXXXXXXXXXXXCCACCCUGACCUACGGCGUGCAGUGCUUCAGCCGCUAC,0.5794468823349321,0,"-1.47
CACGCCGUAGGUCAGGGUG,XXXXXXXXXXXXXXXXXXXCACCCUGACCUACGGCGUGCAGUGCUUCAGCCGCUACC,0.7585467904888255,1,"0.0
GCACGCCGUAGGUCAGGGU,XXXXXXXXXXXXXXXXXXXACCCUGACCUACGGCGUGCAGUGCUUCAGCCGCUACCC,0.6849678538626391,0,"1.63
UGCACGCCGUAGGUCAGGG,XXXXXXXXXXXXXXXXXXXCCCUGACCUACGGCGUGCAGUGCUUCAGCCGCUACCCC,0.5690376569037657,0,"-1.6
CUGCACGCCGUAGGUCAGG,XXXXXXXXXXXXXXXXXXXCCUGACCUACGGCGUGCAGUGCUUCAGCCGCUACCCCG,0.4896418001836922,0,"-0.73
ACUGCACGCCGUAGGUCAG,XXXXXXXXXXXXXXXXXXXCUGACCUACGGCGUGCAGUGCUUCAGCCGCUACCCCGA,0.5749566282273703,0,"-0.74
CACUGCACGCCGUAGGUCA,XXXXXXXXXXXXXXXXXXXUGACCUACGGCGUGCAGUGCUUCAGCCGCUACCCCGAC,0.5914889274415758,0,"0.9
GCACUGCACGCCGUAGGUC,XXXXXXXXXXXXXXXXXXXGACCUACGGCGUGCAGUGCUUCAGCCGCUACCCCGACC,0.6137360955199511,0,"0.62
AGCACUGCACGCCGUAGGU,XXXXXXXXXXXXXXXXXXXACCUACGGCGUGCAGUGCUUCAGCCGCUACCCCGACCA,0.5682212470660272,0,"-0.16
AAGCACUGCACGCCGUAGG,XXXXXXXXXXXXXXXXXXXCCUACGGCGUGCAGUGCUUCAGCCGCUACCCCGACCAC,0.7152770690886826,1,"-2.33
GAAGCACUGCACGCCGUAG,XXXXXXXXXXXXXXXXXXXCUACGGCGUGCAGUGCUUCAGCCGCUACCCCGACCACA,0.6091437901826717,0,"0.27
UGAAGCACUGCACGCCGUA,XXXXXXXXXXXXXXXXXXXUACGGCGUGCAGUGCUUCAGCCGCUACCCCGACCACAU,0.57648739667313,0,"0.33
CUGAAGCACUGCACGCCGU,XXXXXXXXXXXXXXXXXXXACGGCGUGCAGUGCUUCAGCCGCUACCCCGACCACAUG,0.6337381365445455,0,"0.74
GCUGAAGCACUGCACGCCG,XXXXXXXXXXXXXXXXXXXCGGCGUGCAGUGCUUCAGCCGCUACCCCGACCACAUGA,0.6030207163996327,0,"1.06
GGCUGAAGCACUGCACGCC,XXXXXXXXXXXXXXXXXXXGGCGUGCAGUGCUUCAGCCGCUACCCCGACCACAUGAA,0.7323196244514747,1,"0.0
CGGCUGAAGCACUGCACGC,XXXXXXXXXXXXXXXXXXXGCGUGCAGUGCUUCAGCCGCUACCCCGACCACAUGAAG,0.5177058883559547,0,"-1.06
GCGGCUGAAGCACUGCACG,XXXXXXXXXXXXXXXXXXXCGUGCAGUGCUUCAGCCGCUACCCCGACCACAUGAAGC,0.8117154811715482,1,"1.06
AGCGGCUGAAGCACUGCAC,XXXXXXXXXXXXXXXXXXXGUGCAGUGCUUCAGCCGCUACCCCGACCACAUGAAGCA,0.9209102969690784,1,"-1.06
UAGCGGCUGAAGCACUGCA,XXXXXXXXXXXXXXXXXXXUGCAGUGCUUCAGCCGCUACCCCGACCACAUGAAGCAG,0.8367180324522909,1,"-0.33
GUAGCGGCUGAAGCACUGC,XXXXXXXXXXXXXXXXXXXGCAGUGCUUCAGCCGCUACCCCGACCACAUGAAGCAGC,0.7507908970303092,1,"-0.73
GGUAGCGGCUGAAGCACUG,XXXXXXXXXXXXXXXXXXXCAGUGCUUCAGCCGCUACCCCGACCACAUGAAGCAGCA,0.8291662414532096,1,"0.7
GGGUAGCGGCUGAAGCACU,XXXXXXXXXXXXXXXXXXXAGUGCUUCAGCCGCUACCCCGACCACAUGAAGCAGCAC,0.8890703132972754,1,"1.63
GGGGUAGCGGCUGAAGCAC,XXXXXXXXXXXXXXXXXXXGUGCUUCAGCCGCUACCCCGACCACAUGAAGCAGCACG,0.5923053372793142,0,"0.57
CGGGGUAGCGGCUGAAGCA,XXXXXXXXXXXXXXXXXXXUGCUUCAGCCGCUACCCCGACCACAUGAAGCAGCACGA,0.5981222573732013,0,"0.7
UCGGGGUAGCGGCUGAAGC,XXXXXXXXXXXXXXXXXXXGCUUCAGCCGCUACCCCGACCACAUGAAGCAGCACGAC,0.7782426778242679,1,"-1.52
GUCGGGGUAGCGGCUGAAG,XXXXXXXXXXXXXXXXXXXCUUCAGCCGCUACCCCGACCACAUGAAGCAGCACGACU,0.6132258393713645,0,"0.16
GGUCGGGGUAGCGGCUGAA,XXXXXXXXXXXXXXXXXXXUUCAGCCGCUACCCCGACCACAUGAAGCAGCACGACUU,0.3737116032248188,0,"2.33
UGGUCGGGGUAGCGGCUGA,XXXXXXXXXXXXXXXXXXXUCAGCCGCUACCCCGACCACAUGAAGCAGCACGACUUC,0.5959791815491376,0,"-0.24
GUGGUCGGGGUAGCGGCUG,XXXXXXXXXXXXXXXXXXXCAGCCGCUACCCCGACCACAUGAAGCAGCACGACUUCU,0.3811613429941831,0,"0.13
UGUGGUCGGGGUAGCGGCU,XXXXXXXXXXXXXXXXXXXAGCCGCUACCCCGACCACAUGAAGCAGCACGACUUCUU,0.3426880293907541,0,"0.03
AUGUGGUCGGGGUAGCGGC,XXXXXXXXXXXXXXXXXXXGCCGCUACCCCGACCACAUGAAGCAGCACGACUUCUUC,0.4561689968364119,0,"-2.32
CAUGUGGUCGGGGUAGCGG,XXXXXXXXXXXXXXXXXXXCCGCUACCCCGACCACAUGAAGCAGCACGACUUCUUCA,0.4528013062557404,0,"-0.7
UCAUGUGGUCGGGGUAGCG,XXXXXXXXXXXXXXXXXXXCGCUACCCCGACCACAUGAAGCAGCACGACUUCUUCAA,0.4151444024900499,0,"-0.46
UUCAUGUGGUCGGGGUAGC,XXXXXXXXXXXXXXXXXXXGCUACCCCGACCACAUGAAGCAGCACGACUUCUUCAAG,0.4566792529849985,0,"-2.49
CUUCAUGUGGUCGGGGUAG,XXXXXXXXXXXXXXXXXXXCUACCCCGACCACAUGAAGCAGCACGACUUCUUCAAGU,0.4048372282886009,0,"0.0
GCUUCAUGUGGUCGGGGUA,XXXXXXXXXXXXXXXXXXXUACCCCGACCACAUGAAGCAGCACGACUUCUUCAAGUC,0.3150321461373609,0,"2.09
UGCUUCAUGUGGUCGGGGU,XXXXXXXXXXXXXXXXXXXACCCCGACCACAUGAAGCAGCACGACUUCUUCAAGUCC,0.6407796713950403,0,"-0.13
CUGCUUCAUGUGGUCGGGG,XXXXXXXXXXXXXXXXXXXCCCCGACCACAUGAAGCAGCACGACUUCUUCAAGUCCG,0.3337075211756302,0,"-0.73
GCUGCUUCAUGUGGUCGGG,XXXXXXXXXXXXXXXXXXXCCCGACCACAUGAAGCAGCACGACUUCUUCAAGUCCGC,0.4131033778957036,0,"0.16
UGCUGCUUCAUGUGGUCGG,XXXXXXXXXXXXXXXXXXXCCGACCACAUGAAGCAGCACGACUUCUUCAAGUCCGCC,0.5180120420451066,0,"-1.6
GUGCUGCUUCAUGUGGUCG,XXXXXXXXXXXXXXXXXXXCGACCACAUGAAGCAGCACGACUUCUUCAAGUCCGCCA,0.6366976222063476,0,"0.33
CGUGCUGCUUCAUGUGGUC,XXXXXXXXXXXXXXXXXXXGACCACAUGAAGCAGCACGACUUCUUCAAGUCCGCCAU,0.5108684559648944,0,"-0.44
UCGUGCUGCUUCAUGUGGU,XXXXXXXXXXXXXXXXXXXACCACAUGAAGCAGCACGACUUCUUCAAGUCCGCCAUG,0.7217062965608736,1,"0.11
GUCGUGCUGCUUCAUGUGG,XXXXXXXXXXXXXXXXXXXCCACAUGAAGCAGCACGACUUCUUCAAGUCCGCCAUGC,0.6854781100112257,0,"-0.57
AGUCGUGCUGCUUCAUGUG,XXXXXXXXXXXXXXXXXXXCACAUGAAGCAGCACGACUUCUUCAAGUCCGCCAUGCC,0.6578222267578324,0,"-0.93
AAGUCGUGCUGCUUCAUGU,XXXXXXXXXXXXXXXXXXXACAUGAAGCAGCACGACUUCUUCAAGUCCGCCAUGCCC,0.844065720991938,1,"-0.86
GAAGUCGUGCUGCUUCAUG,XXXXXXXXXXXXXXXXXXXCAUGAAGCAGCACGACUUCUUCAAGUCCGCCAUGCCCG,0.6755791407286459,0,"0.24
AGAAGUCGUGCUGCUUCAU,XXXXXXXXXXXXXXXXXXXAUGAAGCAGCACGACUUCUUCAAGUCCGCCAUGCCCGA,0.6880293907541587,0,"0.53
AAGAAGUCGUGCUGCUUCA,XXXXXXXXXXXXXXXXXXXUGAAGCAGCACGACUUCUUCAAGUCCGCCAUGCCCGAA,0.6485355648535565,0,"-0.73
GAAGAAGUCGUGCUGCUUC,XXXXXXXXXXXXXXXXXXXGAAGCAGCACGACUUCUUCAAGUCCGCCAUGCCCGAAG,0.6601694050413308,0,"0.0
UGAAGAAGUCGUGCUGCUU,XXXXXXXXXXXXXXXXXXXAAGCAGCACGACUUCUUCAAGUCCGCCAUGCCCGAAGG,0.5203592203286049,0,"0.73
UUGAAGAAGUCGUGCUGCU,XXXXXXXXXXXXXXXXXXXAGCAGCACGACUUCUUCAAGUCCGCCAUGCCCGAAGGC,0.5402592101234821,0,"-0.7
CUUGAAGAAGUCGUGCUGC,XXXXXXXXXXXXXXXXXXXGCAGCACGACUUCUUCAAGUCCGCCAUGCCCGAAGGCU,0.647719155015818,0,"-0.89
ACUUGAAGAAGUCGUGCUG,XXXXXXXXXXXXXXXXXXXCAGCACGACUUCUUCAAGUCCGCCAUGCCCGAAGGCUA,0.7938565159710176,1,"-0.77
GACUUGAAGAAGUCGUGCU,XXXXXXXXXXXXXXXXXXXAGCACGACUUCUUCAAGUCCGCCAUGCCCGAAGGCUAC,0.7804878048780489,1,"1.17
GGACUUGAAGAAGUCGUGC,XXXXXXXXXXXXXXXXXXXGCACGACUUCUUCAAGUCCGCCAUGCCCGAAGGCUACG,0.7982447188488622,1,"-0.16
CGGACUUGAAGAAGUCGUG,XXXXXXXXXXXXXXXXXXXCACGACUUCUUCAAGUCCGCCAUGCCCGAAGGCUACGU,0.7731401163384021,1,"-0.2
GCGGACUUGAAGAAGUCGU,XXXXXXXXXXXXXXXXXXXACGACUUCUUCAAGUCCGCCAUGCCCGAAGGCUACGUC,0.5312787019083579,0,"1.63
GGCGGACUUGAAGAAGUCG,XXXXXXXXXXXXXXXXXXXCGACUUCUUCAAGUCCGCCAUGCCCGAAGGCUACGUCC,0.4491274619859169,0,"0.9
UGGCGGACUUGAAGAAGUC,XXXXXXXXXXXXXXXXXXXGACUUCUUCAAGUCCGCCAUGCCCGAAGGCUACGUCCA,0.5794468823349321,0,"-1.14
AUGGCGGACUUGAAGAAGU,XXXXXXXXXXXXXXXXXXXACUUCUUCAAGUCCGCCAUGCCCGAAGGCUACGUCCAG,0.6013878967241556,0,"-0.69
CAUGGCGGACUUGAAGAAG,XXXXXXXXXXXXXXXXXXXCUUCUUCAAGUCCGCCAUGCCCGAAGGCUACGUCCAGG,0.5243392182875805,0,"0.03
GCAUGGCGGACUUGAAGAA,XXXXXXXXXXXXXXXXXXXUUCUUCAAGUCCGCCAUGCCCGAAGGCUACGUCCAGGA,0.3181957342585978,0,"2.49
GGCAUGGCGGACUUGAAGA,XXXXXXXXXXXXXXXXXXXUCUUCAAGUCCGCCAUGCCCGAAGGCUACGUCCAGGAG,0.4484131033778957,0,"1.36
GGGCAUGGCGGACUUGAAG,XXXXXXXXXXXXXXXXXXXCUUCAAGUCCGCCAUGCCCGAAGGCUACGUCCAGGAGC,0.5209715277069089,0,"0.73
CGGGCAUGGCGGACUUGAA,XXXXXXXXXXXXXXXXXXXUUCAAGUCCGCCAUGCCCGAAGGCUACGUCCAGGAGCG,0.3813654454536177,0,"1.43
UCGGGCAUGGCGGACUUGA,XXXXXXXXXXXXXXXXXXXUCAAGUCCGCCAUGCCCGAAGGCUACGUCCAGGAGCGC,0.4819879579548933,0,"0.0
UUCGGGCAUGGCGGACUUG,XXXXXXXXXXXXXXXXXXXCAAGUCCGCCAUGCCCGAAGGCUACGUCCAGGAGCGCA,0.4980100010205123,0,"-1.63
CUUCGGGCAUGGCGGACUU,XXXXXXXXXXXXXXXXXXXAAGUCCGCCAUGCCCGAAGGCUACGUCCAGGAGCGCAC,0.4166751709358098,0,"1.6
CCUUCGGGCAUGGCGGACU,XXXXXXXXXXXXXXXXXXXAGUCCGCCAUGCCCGAAGGCUACGUCCAGGAGCGCACC,0.4804571895091336,0,"1.63
GCCUUCGGGCAUGGCGGAC,XXXXXXXXXXXXXXXXXXXGUCCGCCAUGCCCGAAGGCUACGUCCAGGAGCGCACCA,0.8837636493519747,1,"0.73
AGCCUUCGGGCAUGGCGGA,XXXXXXXXXXXXXXXXXXXUCCGCCAUGCCCGAAGGCUACGUCCAGGAGCGCACCAU,0.4703541177671191,0,"-0.27
UAGCCUUCGGGCAUGGCGG,XXXXXXXXXXXXXXXXXXXCCGCCAUGCCCGAAGGCUACGUCCAGGAGCGCACCAUC,0.6904786202673743,0,"-1.93
GUAGCCUUCGGGCAUGGCG,XXXXXXXXXXXXXXXXXXXCGCCAUGCCCGAAGGCUACGUCCAGGAGCGCACCAUCU,0.6319012144096336,0,"0.33
CGUAGCCUUCGGGCAUGGC,XXXXXXXXXXXXXXXXXXXGCCAUGCCCGAAGGCUACGUCCAGGAGCGCACCAUCUU,0.6898663128890703,0,"-1.06
ACGUAGCCUUCGGGCAUGG,XXXXXXXXXXXXXXXXXXXCCAUGCCCGAAGGCUACGUCCAGGAGCGCACCAUCUUC,0.5698540667415043,0,"-1.47
GACGUAGCCUUCGGGCAUG,XXXXXXXXXXXXXXXXXXXCAUGCCCGAAGGCUACGUCCAGGAGCGCACCAUCUUCU,0.3809572405347484,0,"0.24
GGACGUAGCCUUCGGGCAU,XXXXXXXXXXXXXXXXXXXAUGCCCGAAGGCUACGUCCAGGAGCGCACCAUCUUCUU,0.1800183692213491,0,"2.16
UGGACGUAGCCUUCGGGCA,XXXXXXXXXXXXXXXXXXXUGCCCGAAGGCUACGUCCAGGAGCGCACCAUCUUCUUC,0.5410756199612206,0,"0.0
CUGGACGUAGCCUUCGGGC,XXXXXXXXXXXXXXXXXXXGCCCGAAGGCUACGUCCAGGAGCGCACCAUCUUCUUCA,0.402285947545668,0,"-0.89
CCUGGACGUAGCCUUCGGG,XXXXXXXXXXXXXXXXXXXCCCGAAGGCUACGUCCAGGAGCGCACCAUCUUCUUCAA,0.4509643841208287,0,"0.0
UCCUGGACGUAGCCUUCGG,XXXXXXXXXXXXXXXXXXXCCGAAGGCUACGUCCAGGAGCGCACCAUCUUCUUCAAG,0.3868762118583528,0,"-1.36
CUCCUGGACGUAGCCUUCG,XXXXXXXXXXXXXXXXXXXCGAAGGCUACGUCCAGGAGCGCACCAUCUUCUUCAAGG,0.4481069496887437,0,"0.17
GCUCCUGGACGUAGCCUUC,XXXXXXXXXXXXXXXXXXXGAAGGCUACGUCCAGGAGCGCACCAUCUUCUUCAAGGA,0.3908562098173282,0,"0.62
CGCUCCUGGACGUAGCCUU,XXXXXXXXXXXXXXXXXXXAAGGCUACGUCCAGGAGCGCACCAUCUUCUUCAAGGAC,0.5182161445045413,0,"1.43
GCGCUCCUGGACGUAGCCU,XXXXXXXXXXXXXXXXXXXAGGCUACGUCCAGGAGCGCACCAUCUUCUUCAAGGACG,0.4405551586896623,0,"1.79
UGCGCUCCUGGACGUAGCC,XXXXXXXXXXXXXXXXXXXGGCUACGUCCAGGAGCGCACCAUCUUCUUCAAGGACGA,0.7007857944688234,0,"-1.6
GUGCGCUCCUGGACGUAGC,XXXXXXXXXXXXXXXXXXXGCUACGUCCAGGAGCGCACCAUCUUCUUCAAGGACGAC,0.5859781610368405,0,"-0.73
GGUGCGCUCCUGGACGUAG,XXXXXXXXXXXXXXXXXXXCUACGUCCAGGAGCGCACCAUCUUCUUCAAGGACGACG,0.4614756607817124,0,"0.73
UGGUGCGCUCCUGGACGUA,XXXXXXXXXXXXXXXXXXXUACGUCCAGGAGCGCACCAUCUUCUUCAAGGACGACGG,0.3819777528319216,0,"0.33
AUGGUGCGCUCCUGGACGU,XXXXXXXXXXXXXXXXXXXACGUCCAGGAGCGCACCAUCUUCUUCAAGGACGACGGC,0.6918052862536995,0,"-0.69
GAUGGUGCGCUCCUGGACG,XXXXXXXXXXXXXXXXXXXCGUCCAGGAGCGCACCAUCUUCUUCAAGGACGACGGCA,0.5511786917032351,0,"0.44
AGAUGGUGCGCUCCUGGAC,XXXXXXXXXXXXXXXXXXXGUCCAGGAGCGCACCAUCUUCUUCAAGGACGACGGCAA,0.8065108684559649,1,"-1.06
AAGAUGGUGCGCUCCUGGA,XXXXXXXXXXXXXXXXXXXUCCAGGAGCGCACCAUCUUCUUCAAGGACGACGGCAAC,0.6964996428206961,0,"-0.97
GAAGAUGGUGCGCUCCUGG,XXXXXXXXXXXXXXXXXXXCCAGGAGCGCACCAUCUUCUUCAAGGACGACGGCAACU,0.5757730380651087,0,"-0.46
AGAAGAUGGUGCGCUCCUG,XXXXXXXXXXXXXXXXXXXCAGGAGCGCACCAUCUUCUUCAAGGACGACGGCAACUA,0.5796509847943668,0,"-0.93
AAGAAGAUGGUGCGCUCCU,XXXXXXXXXXXXXXXXXXXAGGAGCGCACCAUCUUCUUCAAGGACGACGGCAACUAC,0.9575466884375956,1,"-0.7
GAAGAAGAUGGUGCGCUCC,XXXXXXXXXXXXXXXXXXXGGAGCGCACCAUCUUCUUCAAGGACGACGGCAACUACA,0.6211858352893153,0,"-0.46
UGAAGAAGAUGGUGCGCUC,XXXXXXXXXXXXXXXXXXXGAGCGCACCAUCUUCUUCAAGGACGACGGCAACUACAA,0.7411980814368814,1,"-1.14
UUGAAGAAGAUGGUGCGCU,XXXXXXXXXXXXXXXXXXXAGCGCACCAUCUUCUUCAAGGACGACGGCAACUACAAG,0.7633431982855393,1,"-0.7
CUUGAAGAAGAUGGUGCGC,XXXXXXXXXXXXXXXXXXXGCGCACCAUCUUCUUCAAGGACGACGGCAACUACAAGA,0.5091335850597,0,"-0.89
CCUUGAAGAAGAUGGUGCG,XXXXXXXXXXXXXXXXXXXCGCACCAUCUUCUUCAAGGACGACGGCAACUACAAGAC,0.719869374425962,1,"0.9
UCCUUGAAGAAGAUGGUGC,XXXXXXXXXXXXXXXXXXXGCACCAUCUUCUUCAAGGACGACGGCAACUACAAGACC,0.8079395856720074,1,"-1.52
GUCCUUGAAGAAGAUGGUG,XXXXXXXXXXXXXXXXXXXCACCAUCUUCUUCAAGGACGACGGCAACUACAAGACCC,0.5824063679967344,0,"0.13
CGUCCUUGAAGAAGAUGGU,XXXXXXXXXXXXXXXXXXXACCAUCUUCUUCAAGGACGACGGCAACUACAAGACCCG,0.6166955811817533,0,"0.57
UCGUCCUUGAAGAAGAUGG,XXXXXXXXXXXXXXXXXXXCCAUCUUCUUCAAGGACGACGGCAACUACAAGACCCGC,0.844065720991938,1,"-1.36
GUCGUCCUUGAAGAAGAUG,XXXXXXXXXXXXXXXXXXXCAUCUUCUUCAAGGACGACGGCAACUACAAGACCCGCG,0.4101438922339014,0,"0.13
CGUCGUCCUUGAAGAAGAU,XXXXXXXXXXXXXXXXXXXAUCUUCUUCAAGGACGACGGCAACUACAAGACCCGCGC,0.3844269823451373,0,"1.26
CCGUCGUCCUUGAAGAAGA,XXXXXXXXXXXXXXXXXXXUCUUCUUCAAGGACGACGGCAACUACAAGACCCGCGCC,0.2980916420042862,0,"1.36
GCCGUCGUCCUUGAAGAAG,XXXXXXXXXXXXXXXXXXXCUUCUUCAAGGACGACGGCAACUACAAGACCCGCGCCG,0.3205429125420961,0,"0.89
UGCCGUCGUCCUUGAAGAA,XXXXXXXXXXXXXXXXXXXUUCUUCAAGGACGACGGCAACUACAAGACCCGCGCCGA,0.4563730992958465,0,"0.73
UUGCCGUCGUCCUUGAAGA,XXXXXXXXXXXXXXXXXXXUCUUCAAGGACGACGGCAACUACAAGACCCGCGCCGAG,0.7050719461169508,0,"-0.97
GUUGCCGUCGUCCUUGAAG,XXXXXXXXXXXXXXXXXXXCUUCAAGGACGACGGCAACUACAAGACCCGCGCCGAGG,0.5864884171854271,0,"0.16
AGUUGCCGUCGUCCUUGAA,XXXXXXXXXXXXXXXXXXXUUCAAGGACGACGGCAACUACAAGACCCGCGCCGAGGU,0.5506684355546485,0,"0.7
UAGUUGCCGUCGUCCUUGA,XXXXXXXXXXXXXXXXXXXUCAAGGACGACGGCAACUACAAGACCCGCGCCGAGGUG,0.7361975711807328,1,"-0.57
GUAGUUGCCGUCGUCCUUG,XXXXXXXXXXXXXXXXXXXCAAGGACGACGGCAACUACAAGACCCGCGCCGAGGUGA,0.4803551382794163,0,"0.13
UGUAGUUGCCGUCGUCCUU,XXXXXXXXXXXXXXXXXXXAAGGACGACGGCAACUACAAGACCCGCGCCGAGGUGAA,0.6470047964077967,0,"0.73
UUGUAGUUGCCGUCGUCCU,XXXXXXXXXXXXXXXXXXXAGGACGACGGCAACUACAAGACCCGCGCCGAGGUGAAG,0.6380242881926728,0,"-0.7
CUUGUAGUUGCCGUCGUCC,XXXXXXXXXXXXXXXXXXXGGACGACGGCAACUACAAGACCCGCGCCGAGGUGAAGU,0.5432186957852843,0,"-0.73
UCUUGUAGUUGCCGUCGUC,XXXXXXXXXXXXXXXXXXXGACGACGGCAACUACAAGACCCGCGCCGAGGUGAAGUU,0.5903663639146852,0,"-0.9
GUCUUGUAGUUGCCGUCGU,XXXXXXXXXXXXXXXXXXXACGACGGCAACUACAAGACCCGCGCCGAGGUGAAGUUC,0.457495662822737,0,"0.9
GGUCUUGUAGUUGCCGUCG,XXXXXXXXXXXXXXXXXXXCGACGGCAACUACAAGACCCGCGCCGAGGUGAAGUUCG,0.8210021430758242,1,"0.9
GGGUCUUGUAGUUGCCGUC,XXXXXXXXXXXXXXXXXXXGACGGCAACUACAAGACCCGCGCCGAGGUGAAGUUCGA,0.7146647617103786,1,"0.46
CGGGUCUUGUAGUUGCCGU,XXXXXXXXXXXXXXXXXXXACGGCAACUACAAGACCCGCGCCGAGGUGAAGUUCGAG,0.7075211756301664,0,"0.57
GCGGGUCUUGUAGUUGCCG,XXXXXXXXXXXXXXXXXXXCGGCAACUACAAGACCCGCGCCGAGGUGAAGUUCGAGG,0.5061740993978978,0,"1.06
CGCGGGUCUUGUAGUUGCC,XXXXXXXXXXXXXXXXXXXGGCAACUACAAGACCCGCGCCGAGGUGAAGUUCGAGGG,0.5168894785182162,0,"-0.9
GCGCGGGUCUUGUAGUUGC,XXXXXXXXXXXXXXXXXXXGCAACUACAAGACCCGCGCCGAGGUGAAGUUCGAGGGC,0.4882130829676498,0,"0.0
GGCGCGGGUCUUGUAGUUG,XXXXXXXXXXXXXXXXXXXCAACUACAAGACCCGCGCCGAGGUGAAGUUCGAGGGCG,0.5450556179201961,0,"0.7
CGGCGCGGGUCUUGUAGUU,XXXXXXXXXXXXXXXXXXXAACUACAAGACCCGCGCCGAGGUGAAGUUCGAGGGCGA,0.3529952035922033,0,"1.43
UCGGCGCGGGUCUUGUAGU,XXXXXXXXXXXXXXXXXXXACUACAAGACCCGCGCCGAGGUGAAGUUCGAGGGCGAC,0.5514848453923871,0,"0.11
CUCGGCGCGGGUCUUGUAG,XXXXXXXXXXXXXXXXXXXCUACAAGACCCGCGCCGAGGUGAAGUUCGAGGGCGACA,0.7633431982855393,1,"0.0
CCUCGGCGCGGGUCUUGUA,XXXXXXXXXXXXXXXXXXXUACAAGACCCGCGCCGAGGUGAAGUUCGAGGGCGACAC,0.5325033166649659,0,"1.93
ACCUCGGCGCGGGUCUUGU,XXXXXXXXXXXXXXXXXXXACAAGACCCGCGCCGAGGUGAAGUUCGAGGGCGACACC,0.6010817430350036,0,"0.0
CACCUCGGCGCGGGUCUUG,XXXXXXXXXXXXXXXXXXXCAAGACCCGCGCCGAGGUGAAGUUCGAGGGCGACACCC,0.4579038677416063,0,"0.0
UCACCUCGGCGCGGGUCUU,XXXXXXXXXXXXXXXXXXXAAGACCCGCGCCGAGGUGAAGUUCGAGGGCGACACCCU,0.4854576997652822,0,"0.97
UUCACCUCGGCGCGGGUCU,XXXXXXXXXXXXXXXXXXXAGACCCGCGCCGAGGUGAAGUUCGAGGGCGACACCCUG,0.8094703541177671,1,"-0.7
CUUCACCUCGGCGCGGGUC,XXXXXXXXXXXXXXXXXXXGACCCGCGCCGAGGUGAAGUUCGAGGGCGACACCCUGG,0.7334421879783652,1,"-0.27
ACUUCACCUCGGCGCGGGU,XXXXXXXXXXXXXXXXXXXACCCGCGCCGAGGUGAAGUUCGAGGGCGACACCCUGGU,0.5862843147259925,0,"0.0
AACUUCACCUCGGCGCGGG,XXXXXXXXXXXXXXXXXXXCCCGCGCCGAGGUGAAGUUCGAGGGCGACACCCUGGUG,0.5607715072966629,0,"-2.33
GAACUUCACCUCGGCGCGG,XXXXXXXXXXXXXXXXXXXCCGCGCCGAGGUGAAGUUCGAGGGCGACACCCUGGUGA,0.2870701091948158,0,"-0.46
CGAACUUCACCUCGGCGCG,XXXXXXXXXXXXXXXXXXXCGCGCCGAGGUGAAGUUCGAGGGCGACACCCUGGUGAA,0.7817124196346565,1,"0.0
UCGAACUUCACCUCGGCGC,XXXXXXXXXXXXXXXXXXXGCGCCGAGGUGAAGUUCGAGGGCGACACCCUGGUGAAC,0.8923359526482294,1,"-1.52
CUCGAACUUCACCUCGGCG,XXXXXXXXXXXXXXXXXXXCGCCGAGGUGAAGUUCGAGGGCGACACCCUGGUGAACC,0.6796611899173385,0,"0.17
CCUCGAACUUCACCUCGGC,XXXXXXXXXXXXXXXXXXXGCCGAGGUGAAGUUCGAGGGCGACACCCUGGUGAACCG,0.4832125727115012,0,"-0.16
CCCUCGAACUUCACCUCGG,XXXXXXXXXXXXXXXXXXXCCGAGGUGAAGUUCGAGGGCGACACCCUGGUGAACCGC,0.6644555566894581,0,"0.0
GCCCUCGAACUUCACCUCG,XXXXXXXXXXXXXXXXXXXCGAGGUGAAGUUCGAGGGCGACACCCUGGUGAACCGCA,0.4093274823961629,0,"1.06
CGCCCUCGAACUUCACCUC,XXXXXXXXXXXXXXXXXXXGAGGUGAAGUUCGAGGGCGACACCCUGGUGAACCGCAU,0.5933258495764875,0,"-0.44
UCGCCCUCGAACUUCACCU,XXXXXXXXXXXXXXXXXXXAGGUGAAGUUCGAGGGCGACACCCUGGUGAACCGCAUC,0.7760996020002041,1,"0.27
GUCGCCCUCGAACUUCACC,XXXXXXXXXXXXXXXXXXXGGUGAAGUUCGAGGGCGACACCCUGGUGAACCGCAUCG,0.6953770792938055,0,"-0.57
UGUCGCCCUCGAACUUCAC,XXXXXXXXXXXXXXXXXXXGUGAAGUUCGAGGGCGACACCCUGGUGAACCGCAUCGA,0.7037452801306255,0,"-1.03
GUGUCGCCCUCGAACUUCA,XXXXXXXXXXXXXXXXXXXUGAAGUUCGAGGGCGACACCCUGGUGAACCGCAUCGAG,0.678538626390448,0,"1.03
GGUGUCGCCCUCGAACUUC,XXXXXXXXXXXXXXXXXXXGAAGUUCGAGGGCGACACCCUGGUGAACCGCAUCGAGC,0.529033574854577,0,"0.46
GGGUGUCGCCCUCGAACUU,XXXXXXXXXXXXXXXXXXXAAGUUCGAGGGCGACACCCUGGUGAACCGCAUCGAGCU,0.3936115930196959,0,"2.33
AGGGUGUCGCCCUCGAACU,XXXXXXXXXXXXXXXXXXXAGUUCGAGGGCGACACCCUGGUGAACCGCAUCGAGCUG,0.5480151035819982,0,"0.0
CAGGGUGUCGCCCUCGAAC,XXXXXXXXXXXXXXXXXXXGUUCGAGGGCGACACCCUGGUGAACCGCAUCGAGCUGA,0.6020002041024595,0,"-0.13
CCAGGGUGUCGCCCUCGAA,XXXXXXXXXXXXXXXXXXXUUCGAGGGCGACACCCUGGUGAACCGCAUCGAGCUGAA,0.2749260128584549,0,"2.33
ACCAGGGUGUCGCCCUCGA,XXXXXXXXXXXXXXXXXXXUCGAGGGCGACACCCUGGUGAACCGCAUCGAGCUGAAG,0.3327890601081743,0,"-0.11
CACCAGGGUGUCGCCCUCG,XXXXXXXXXXXXXXXXXXXCGAGGGCGACACCCUGGUGAACCGCAUCGAGCUGAAGG,0.2580875599550974,0,"0.2
UCACCAGGGUGUCGCCCUC,XXXXXXXXXXXXXXXXXXXGAGGGCGACACCCUGGUGAACCGCAUCGAGCUGAAGGG,0.4008572303296255,0,"-0.9
UUCACCAGGGUGUCGCCCU,XXXXXXXXXXXXXXXXXXXAGGGCGACACCCUGGUGAACCGCAUCGAGCUGAAGGGC,0.5670986835391367,0,"-0.7
GUUCACCAGGGUGUCGCCC,XXXXXXXXXXXXXXXXXXXGGGCGACACCCUGGUGAACCGCAUCGAGCUGAAGGGCA,0.4520869476477192,0,"-0.57
GGUUCACCAGGGUGUCGCC,XXXXXXXXXXXXXXXXXXXGGCGACACCCUGGUGAACCGCAUCGAGCUGAAGGGCAU,0.6327176242473722,0,"0.0
CGGUUCACCAGGGUGUCGC,XXXXXXXXXXXXXXXXXXXGCGACACCCUGGUGAACCGCAUCGAGCUGAAGGGCAUC,0.8261047045616899,1,"-1.06
GCGGUUCACCAGGGUGUCG,XXXXXXXXXXXXXXXXXXXCGACACCCUGGUGAACCGCAUCGAGCUGAAGGGCAUCG,0.3922849270333707,0,"1.06
UGCGGUUCACCAGGGUGUC,XXXXXXXXXXXXXXXXXXXGACACCCUGGUGAACCGCAUCGAGCUGAAGGGCAUCGA,0.5240330645984285,0,"-1.14
AUGCGGUUCACCAGGGUGU,XXXXXXXXXXXXXXXXXXXACACCCUGGUGAACCGCAUCGAGCUGAAGGGCAUCGAC,0.7718134503520767,1,"-0.69
GAUGCGGUUCACCAGGGUG,XXXXXXXXXXXXXXXXXXXCACCCUGGUGAACCGCAUCGAGCUGAAGGGCAUCGACU,0.6735381161342995,0,"0.24
CGAUGCGGUUCACCAGGGU,XXXXXXXXXXXXXXXXXXXACCCUGGUGAACCGCAUCGAGCUGAAGGGCAUCGACUU,0.5185222981936933,0,"0.57
UCGAUGCGGUUCACCAGGG,XXXXXXXXXXXXXXXXXXXCCCUGGUGAACCGCAUCGAGCUGAAGGGCAUCGACUUC,0.8455964894376978,1,"-1.36
CUCGAUGCGGUUCACCAGG,XXXXXXXXXXXXXXXXXXXCCUGGUGAACCGCAUCGAGCUGAAGGGCAUCGACUUCA,0.654454536177161,0,"-0.73
GCUCGAUGCGGUUCACCAG,XXXXXXXXXXXXXXXXXXXCUGGUGAACCGCAUCGAGCUGAAGGGCAUCGACUUCAA,0.5676089396877233,0,"0.89
AGCUCGAUGCGGUUCACCA,XXXXXXXXXXXXXXXXXXXUGGUGAACCGCAUCGAGCUGAAGGGCAUCGACUUCAAG,0.6294519848964181,0,"-0.03
CAGCUCGAUGCGGUUCACC,XXXXXXXXXXXXXXXXXXXGGUGAACCGCAUCGAGCUGAAGGGCAUCGACUUCAAGG,0.5892438003877948,0,"-0.7
UCAGCUCGAUGCGGUUCAC,XXXXXXXXXXXXXXXXXXXGUGAACCGCAUCGAGCUGAAGGGCAUCGACUUCAAGGA,0.7271150117358914,1,"-0.79
UUCAGCUCGAUGCGGUUCA,XXXXXXXXXXXXXXXXXXXUGAACCGCAUCGAGCUGAAGGGCAUCGACUUCAAGGAG,0.7924277987549752,1,"-0.73
CUUCAGCUCGAUGCGGUUC,XXXXXXXXXXXXXXXXXXXGAACCGCAUCGAGCUGAAGGGCAUCGACUUCAAGGAGG,0.7083375854679049,0,"-0.27
CCUUCAGCUCGAUGCGGUU,XXXXXXXXXXXXXXXXXXXAACCGCAUCGAGCUGAAGGGCAUCGACUUCAAGGAGGA,0.5359730584753547,0,"2.33
CCCUUCAGCUCGAUGCGGU,XXXXXXXXXXXXXXXXXXXACCGCAUCGAGCUGAAGGGCAUCGACUUCAAGGAGGAC,0.7152770690886826,1,"1.47
GCCCUUCAGCUCGAUGCGG,XXXXXXXXXXXXXXXXXXXCCGCAUCGAGCUGAAGGGCAUCGACUUCAAGGAGGACG,0.3827941626696601,0,"0.16
UGCCCUUCAGCUCGAUGCG,XXXXXXXXXXXXXXXXXXXCGCAUCGAGCUGAAGGGCAUCGACUUCAAGGAGGACGG,0.8256964996428208,1,"-0.7
AUGCCCUUCAGCUCGAUGC,XXXXXXXXXXXXXXXXXXXGCAUCGAGCUGAAGGGCAUCGACUUCAAGGAGGACGGC,0.853658536585366,1,"-2.32
GAUGCCCUUCAGCUCGAUG,XXXXXXXXXXXXXXXXXXXCAUCGAGCUGAAGGGCAUCGACUUCAAGGAGGACGGCA,0.7416062863557507,1,"0.24
CGAUGCCCUUCAGCUCGAU,XXXXXXXXXXXXXXXXXXXAUCGAGCUGAAGGGCAUCGACUUCAAGGAGGACGGCAA,0.4765792427798755,0,"1.26
UCGAUGCCCUUCAGCUCGA,XXXXXXXXXXXXXXXXXXXUCGAGCUGAAGGGCAUCGACUUCAAGGAGGACGGCAAC,0.5308704969894887,0,"0.0
GUCGAUGCCCUUCAGCUCG,XXXXXXXXXXXXXXXXXXXCGAGCUGAAGGGCAUCGACUUCAAGGAGGACGGCAACA,0.6687417083375855,0,"0.33
AGUCGAUGCCCUUCAGCUC,XXXXXXXXXXXXXXXXXXXGAGCUGAAGGGCAUCGACUUCAAGGAGGACGGCAACAU,0.6174099397897745,0,"-1.17
AAGUCGAUGCCCUUCAGCU,XXXXXXXXXXXXXXXXXXXAGCUGAAGGGCAUCGACUUCAAGGAGGACGGCAACAUC,0.8165118889682622,1,"-0.7
GAAGUCGAUGCCCUUCAGC,XXXXXXXXXXXXXXXXXXXGCUGAAGGGCAUCGACUUCAAGGAGGACGGCAACAUCC,0.6791509337687519,0,"-0.62
UGAAGUCGAUGCCCUUCAG,XXXXXXXXXXXXXXXXXXXCUGAAGGGCAUCGACUUCAAGGAGGACGGCAACAUCCU,0.7588529441779774,1,"-0.87
UUGAAGUCGAUGCCCUUCA,XXXXXXXXXXXXXXXXXXXUGAAGGGCAUCGACUUCAAGGAGGACGGCAACAUCCUG,0.6535360751097051,0,"-0.73
CUUGAAGUCGAUGCCCUUC,XXXXXXXXXXXXXXXXXXXGAAGGGCAUCGACUUCAAGGAGGACGGCAACAUCCUGG,0.6068986631288907,0,"-0.27
CCUUGAAGUCGAUGCCCUU,XXXXXXXXXXXXXXXXXXXAAGGGCAUCGACUUCAAGGAGGACGGCAACAUCCUGGG,0.4406572099193795,0,"2.33
UCCUUGAAGUCGAUGCCCU,XXXXXXXXXXXXXXXXXXXAGGGCAUCGACUUCAAGGAGGACGGCAACAUCCUGGGG,0.8158995815899582,1,"0.27
CUCCUUGAAGUCGAUGCCC,XXXXXXXXXXXXXXXXXXXGGGCAUCGACUUCAAGGAGGACGGCAACAUCCUGGGGC,0.5942443106439432,0,"-0.73
CCUCCUUGAAGUCGAUGCC,XXXXXXXXXXXXXXXXXXXGGCAUCGACUUCAAGGAGGACGGCAACAUCCUGGGGCA,0.8471272578834577,1,"0.0
UCCUCCUUGAAGUCGAUGC,XXXXXXXXXXXXXXXXXXXGCAUCGACUUCAAGGAGGACGGCAACAUCCUGGGGCAC,0.9378508011021534,1,"-1.52
GUCCUCCUUGAAGUCGAUG,XXXXXXXXXXXXXXXXXXXCAUCGACUUCAAGGAGGACGGCAACAUCCUGGGGCACA,0.5279110113276865,0,"0.13
CGUCCUCCUUGAAGUCGAU,XXXXXXXXXXXXXXXXXXXAUCGACUUCAAGGAGGACGGCAACAUCCUGGGGCACAA,0.1996122053270742,0,"1.26
CCGUCCUCCUUGAAGUCGA,XXXXXXXXXXXXXXXXXXXUCGACUUCAAGGAGGACGGCAACAUCCUGGGGCACAAG,0.451066435350546,0,"1.36
GCCGUCCUCCUUGAAGUCG,XXXXXXXXXXXXXXXXXXXCGACUUCAAGGAGGACGGCAACAUCCUGGGGCACAAGC,0.4303500357179304,0,"1.06
UGCCGUCCUCCUUGAAGUC,XXXXXXXXXXXXXXXXXXXGACUUCAAGGAGGACGGCAACAUCCUGGGGCACAAGCU,0.5478110011225635,0,"-1.14
UUGCCGUCCUCCUUGAAGU,XXXXXXXXXXXXXXXXXXXACUUCAAGGAGGACGGCAACAUCCUGGGGCACAAGCUG,0.8853964690274521,1,"-0.86
GUUGCCGUCCUCCUUGAAG,XXXXXXXXXXXXXXXXXXXCUUCAAGGAGGACGGCAACAUCCUGGGGCACAAGCUGG,0.6413919787733443,0,"0.16
UGUUGCCGUCCUCCUUGAA,XXXXXXXXXXXXXXXXXXXUUCAAGGAGGACGGCAACAUCCUGGGGCACAAGCUGGA,0.6959893866721095,0,"0.73
AUGUUGCCGUCCUCCUUGA,XXXXXXXXXXXXXXXXXXXUCAAGGAGGACGGCAACAUCCUGGGGCACAAGCUGGAG,0.9260128584549444,1,"-0.8
GAUGUUGCCGUCCUCCUUG,XXXXXXXXXXXXXXXXXXXCAAGGAGGACGGCAACAUCCUGGGGCACAAGCUGGAGU,0.7293601387896724,1,"0.24
GGAUGUUGCCGUCCUCCUU,XXXXXXXXXXXXXXXXXXXAAGGAGGACGGCAACAUCCUGGGGCACAAGCUGGAGUA,0.3161547096642514,0,"2.33
AGGAUGUUGCCGUCCUCCU,XXXXXXXXXXXXXXXXXXXAGGAGGACGGCAACAUCCUGGGGCACAAGCUGGAGUAC,0.6997652821716501,0,"0.0
CAGGAUGUUGCCGUCCUCC,XXXXXXXXXXXXXXXXXXXGGAGGACGGCAACAUCCUGGGGCACAAGCUGGAGUACA,0.4155526074089193,0,"-0.7
CCAGGAUGUUGCCGUCCUC,XXXXXXXXXXXXXXXXXXXGAGGACGGCAACAUCCUGGGGCACAAGCUGGAGUACAA,0.1554240228594754,0,"0.46
CCCAGGAUGUUGCCGUCCU,XXXXXXXXXXXXXXXXXXXAGGACGGCAACAUCCUGGGGCACAAGCUGGAGUACAAC,0.8226349627513012,1,"1.63
CCCCAGGAUGUUGCCGUCC,XXXXXXXXXXXXXXXXXXXGGACGGCAACAUCCUGGGGCACAAGCUGGAGUACAACU,0.8333503418716196,1,"0.0
GCCCCAGGAUGUUGCCGUC,XXXXXXXXXXXXXXXXXXXGACGGCAACAUCCUGGGGCACAAGCUGGAGUACAACUA,0.2881926727217063,0,"0.62
UGCCCCAGGAUGUUGCCGU,XXXXXXXXXXXXXXXXXXXACGGCAACAUCCUGGGGCACAAGCUGGAGUACAACUAC,0.8588631493009491,1,"-0.13
GUGCCCCAGGAUGUUGCCG,XXXXXXXXXXXXXXXXXXXCGGCAACAUCCUGGGGCACAAGCUGGAGUACAACUACA,0.5648535564853557,0,"0.33
UGUGCCCCAGGAUGUUGCC,XXXXXXXXXXXXXXXXXXXGGCAACAUCCUGGGGCACAAGCUGGAGUACAACUACAA,0.6998673334013675,0,"-1.6
UUGUGCCCCAGGAUGUUGC,XXXXXXXXXXXXXXXXXXXGCAACAUCCUGGGGCACAAGCUGGAGUACAACUACAAC,0.8616185325033168,1,"-2.49
CUUGUGCCCCAGGAUGUUG,XXXXXXXXXXXXXXXXXXXCAACAUCCUGGGGCACAAGCUGGAGUACAACUACAACA,0.7854883151341974,1,"-0.03
GCUUGUGCCCCAGGAUGUU,XXXXXXXXXXXXXXXXXXXAACAUCCUGGGGCACAAGCUGGAGUACAACUACAACAG,0.4027962036942545,0,"2.49
AGCUUGUGCCCCAGGAUGU,XXXXXXXXXXXXXXXXXXXACAUCCUGGGGCACAAGCUGGAGUACAACUACAACAGC,0.5664863761608327,0,"-0.16
CAGCUUGUGCCCCAGGAUG,XXXXXXXXXXXXXXXXXXXCAUCCUGGGGCACAAGCUGGAGUACAACUACAACAGCC,0.4604551484845392,0,"0.0
CCAGCUUGUGCCCCAGGAU,XXXXXXXXXXXXXXXXXXXAUCCUGGGGCACAAGCUGGAGUACAACUACAACAGCCA,0.3357485457699765,0,"2.16
UCCAGCUUGUGCCCCAGGA,XXXXXXXXXXXXXXXXXXXUCCUGGGGCACAAGCUGGAGUACAACUACAACAGCCAC,0.6596591488927442,0,"0.0
CUCCAGCUUGUGCCCCAGG,XXXXXXXXXXXXXXXXXXXCCUGGGGCACAAGCUGGAGUACAACUACAACAGCCACA,0.2725788345749566,0,"-0.73
ACUCCAGCUUGUGCCCCAG,XXXXXXXXXXXXXXXXXXXCUGGGGCACAAGCUGGAGUACAACUACAACAGCCACAA,0.9273395244412695,1,"-0.74
UACUCCAGCUUGUGCCCCA,XXXXXXXXXXXXXXXXXXXUGGGGCACAAGCUGGAGUACAACUACAACAGCCACAAC,0.6622104296356771,0,"-0.33
GUACUCCAGCUUGUGCCCC,XXXXXXXXXXXXXXXXXXXGGGGCACAAGCUGGAGUACAACUACAACAGCCACAACG,0.5184202469639759,0,"-0.57
UGUACUCCAGCUUGUGCCC,XXXXXXXXXXXXXXXXXXXGGGCACAAGCUGGAGUACAACUACAACAGCCACAACGU,0.906623124808654,1,"-1.6
UUGUACUCCAGCUUGUGCC,XXXXXXXXXXXXXXXXXXXGGCACAAGCUGGAGUACAACUACAACAGCCACAACGUC,0.9179508113072764,1,"-2.33
GUUGUACUCCAGCUUGUGC,XXXXXXXXXXXXXXXXXXXGCACAAGCUGGAGUACAACUACAACAGCCACAACGUCU,0.8767221145014797,1,"-0.73
AGUUGUACUCCAGCUUGUG,XXXXXXXXXXXXXXXXXXXCACAAGCUGGAGUACAACUACAACAGCCACAACGUCUA,0.7497703847331361,1,"-0.93
UAGUUGUACUCCAGCUUGU,XXXXXXXXXXXXXXXXXXXACAAGCUGGAGUACAACUACAACAGCCACAACGUCUAU,0.7925298499846923,1,"-0.46
GUAGUUGUACUCCAGCUUG,XXXXXXXXXXXXXXXXXXXCAAGCUGGAGUACAACUACAACAGCCACAACGUCUAUA,0.7919175426063884,1,"0.13
UGUAGUUGUACUCCAGCUU,XXXXXXXXXXXXXXXXXXXAAGCUGGAGUACAACUACAACAGCCACAACGUCUAUAU,0.7569139708133483,1,"0.73
UUGUAGUUGUACUCCAGCU,XXXXXXXXXXXXXXXXXXXAGCUGGAGUACAACUACAACAGCCACAACGUCUAUAUC,0.8326359832635984,1,"-0.7
GUUGUAGUUGUACUCCAGC,XXXXXXXXXXXXXXXXXXXGCUGGAGUACAACUACAACAGCCACAACGUCUAUAUCA,0.7142565567915093,0,"-0.73
UGUUGUAGUUGUACUCCAG,XXXXXXXXXXXXXXXXXXXCUGGAGUACAACUACAACAGCCACAACGUCUAUAUCAU,0.7785488315134198,1,"-0.87
CUGUUGUAGUUGUACUCCA,XXXXXXXXXXXXXXXXXXXUGGAGUACAACUACAACAGCCACAACGUCUAUAUCAUG,0.5741402183896316,0,"0.87
GCUGUUGUAGUUGUACUCC,XXXXXXXXXXXXXXXXXXXGGAGUACAACUACAACAGCCACAACGUCUAUAUCAUGG,0.7553832023675885,1,"0.16
GGCUGUUGUAGUUGUACUC,XXXXXXXXXXXXXXXXXXXGAGUACAACUACAACAGCCACAACGUCUAUAUCAUGGC,0.8707010919481579,1,"0.46
UGGCUGUUGUAGUUGUACU,XXXXXXXXXXXXXXXXXXXAGUACAACUACAACAGCCACAACGUCUAUAUCAUGGCC,0.8282477803857536,1,"0.03
GUGGCUGUUGUAGUUGUAC,XXXXXXXXXXXXXXXXXXXGUACAACUACAACAGCCACAACGUCUAUAUCAUGGCCG,0.7737524237167057,1,"0.0
UGUGGCUGUUGUAGUUGUA,XXXXXXXXXXXXXXXXXXXUACAACUACAACAGCCACAACGUCUAUAUCAUGGCCGA,0.7063986121032759,0,"0.33
UUGUGGCUGUUGUAGUUGU,XXXXXXXXXXXXXXXXXXXACAACUACAACAGCCACAACGUCUAUAUCAUGGCCGAC,0.7143586080212267,0,"-0.86
GUUGUGGCUGUUGUAGUUG,XXXXXXXXXXXXXXXXXXXCAACUACAACAGCCACAACGUCUAUAUCAUGGCCGACA,0.6956832329829575,0,"0.13
CGUUGUGGCUGUUGUAGUU,XXXXXXXXXXXXXXXXXXXAACUACAACAGCCACAACGUCUAUAUCAUGGCCGACAA,0.6992550260230636,0,"1.43
ACGUUGUGGCUGUUGUAGU,XXXXXXXXXXXXXXXXXXXACUACAACAGCCACAACGUCUAUAUCAUGGCCGACAAG,0.9324420859271356,1,"0.0
GACGUUGUGGCUGUUGUAG,XXXXXXXXXXXXXXXXXXXCUACAACAGCCACAACGUCUAUAUCAUGGCCGACAAGC,0.8728441677722217,1,"0.27
AGACGUUGUGGCUGUUGUA,XXXXXXXXXXXXXXXXXXXUACAACAGCCACAACGUCUAUAUCAUGGCCGACAAGCA,0.8093683028880498,1,"0.3
UAGACGUUGUGGCUGUUGU,XXXXXXXXXXXXXXXXXXXACAACAGCCACAACGUCUAUAUCAUGGCCGACAAGCAG,0.9379528523318706,1,"-0.46
AUAGACGUUGUGGCUGUUG,XXXXXXXXXXXXXXXXXXXCAACAGCCACAACGUCUAUAUCAUGGCCGACAAGCAGA,0.7993672823757527,1,"-1.46
UAUAGACGUUGUGGCUGUU,XXXXXXXXXXXXXXXXXXXAACAGCCACAACGUCUAUAUCAUGGCCGACAAGCAGAA,0.74619859169303,1,"0.4
AUAUAGACGUUGUGGCUGU,XXXXXXXXXXXXXXXXXXXACAGCCACAACGUCUAUAUCAUGGCCGACAAGCAGAAG,0.7586488417185427,1,"-0.69
GAUAUAGACGUUGUGGCUG,XXXXXXXXXXXXXXXXXXXCAGCCACAACGUCUAUAUCAUGGCCGACAAGCAGAAGA,0.734666802734973,1,"0.24
UGAUAUAGACGUUGUGGCU,XXXXXXXXXXXXXXXXXXXAGCCACAACGUCUAUAUCAUGGCCGACAAGCAGAAGAA,0.7742626798652925,1,"0.03
AUGAUAUAGACGUUGUGGC,XXXXXXXXXXXXXXXXXXXGCCACAACGUCUAUAUCAUGGCCGACAAGCAGAAGAAC,0.9866312889070314,1,"-2.32
CAUGAUAUAGACGUUGUGG,XXXXXXXXXXXXXXXXXXXCCACAACGUCUAUAUCAUGGCCGACAAGCAGAAGAACG,0.8974385141340954,1,"-0.7
CCAUGAUAUAGACGUUGUG,XXXXXXXXXXXXXXXXXXXCACAACGUCUAUAUCAUGGCCGACAAGCAGAAGAACGG,0.6591488927441577,0,"0.7
GCCAUGAUAUAGACGUUGU,XXXXXXXXXXXXXXXXXXXACAACGUCUAUAUCAUGGCCGACAAGCAGAAGAACGGC,0.2804367792631901,0,"1.63
GGCCAUGAUAUAGACGUUG,XXXXXXXXXXXXXXXXXXXCAACGUCUAUAUCAUGGCCGACAAGCAGAAGAACGGCA,0.5409735687315033,0,"0.7
CGGCCAUGAUAUAGACGUU,XXXXXXXXXXXXXXXXXXXAACGUCUAUAUCAUGGCCGACAAGCAGAAGAACGGCAU,0.3428921318501888,0,"1.43
UCGGCCAUGAUAUAGACGU,XXXXXXXXXXXXXXXXXXXACGUCUAUAUCAUGGCCGACAAGCAGAAGAACGGCAUC,0.7010919481579754,0,"0.11
GUCGGCCAUGAUAUAGACG,XXXXXXXXXXXXXXXXXXXCGUCUAUAUCAUGGCCGACAAGCAGAAGAACGGCAUCA,0.566894581079702,0,"0.33
UGUCGGCCAUGAUAUAGAC,XXXXXXXXXXXXXXXXXXXGUCUAUAUCAUGGCCGACAAGCAGAAGAACGGCAUCAA,0.4464741300132667,0,"-1.03
UUGUCGGCCAUGAUAUAGA,XXXXXXXXXXXXXXXXXXXUCUAUAUCAUGGCCGACAAGCAGAAGAACGGCAUCAAG,0.7112970711297072,0,"-0.97
CUUGUCGGCCAUGAUAUAG,XXXXXXXXXXXXXXXXXXXCUAUAUCAUGGCCGACAAGCAGAAGAACGGCAUCAAGG,0.6174099397897745,0,"0.0
GCUUGUCGGCCAUGAUAUA,XXXXXXXXXXXXXXXXXXXUAUAUCAUGGCCGACAAGCAGAAGAACGGCAUCAAGGU,0.3476885396469028,0,"2.09
UGCUUGUCGGCCAUGAUAU,XXXXXXXXXXXXXXXXXXXAUAUCAUGGCCGACAAGCAGAAGAACGGCAUCAAGGUG,0.8728441677722217,1,"0.56
CUGCUUGUCGGCCAUGAUA,XXXXXXXXXXXXXXXXXXXUAUCAUGGCCGACAAGCAGAAGAACGGCAUCAAGGUGA,0.6232268598836617,0,"1.2
UCUGCUUGUCGGCCAUGAU,XXXXXXXXXXXXXXXXXXXAUCAUGGCCGACAAGCAGAAGAACGGCAUCAAGGUGAA,0.6742524747423206,0,"0.8
UUCUGCUUGUCGGCCAUGA,XXXXXXXXXXXXXXXXXXXUCAUGGCCGACAAGCAGAAGAACGGCAUCAAGGUGAAC,0.743953464639249,1,"-0.97
CUUCUGCUUGUCGGCCAUG,XXXXXXXXXXXXXXXXXXXCAUGGCCGACAAGCAGAAGAACGGCAUCAAGGUGAACU,0.3879987753852434,0,"-0.03
UCUUCUGCUUGUCGGCCAU,XXXXXXXXXXXXXXXXXXXAUGGCCGACAAGCAGAAGAACGGCAUCAAGGUGAACUU,0.6374119808143689,0,"0.8
UUCUUCUGCUUGUCGGCCA,XXXXXXXXXXXXXXXXXXXUGGCCGACAAGCAGAAGAACGGCAUCAAGGUGAACUUC,0.8384529033574855,1,"-0.73
GUUCUUCUGCUUGUCGGCC,XXXXXXXXXXXXXXXXXXXGGCCGACAAGCAGAAGAACGGCAUCAAGGUGAACUUCA,0.6454740279620369,0,"-0.57
CGUUCUUCUGCUUGUCGGC,XXXXXXXXXXXXXXXXXXXGCCGACAAGCAGAAGAACGGCAUCAAGGUGAACUUCAA,0.9262169609143792,1,"-1.06
CCGUUCUUCUGCUUGUCGG,XXXXXXXXXXXXXXXXXXXCCGACAAGCAGAAGAACGGCAUCAAGGUGAACUUCAAG,0.8561077660985815,1,"0.0
GCCGUUCUUCUGCUUGUCG,XXXXXXXXXXXXXXXXXXXCGACAAGCAGAAGAACGGCAUCAAGGUGAACUUCAAGA,0.7760996020002041,1,"1.06
UGCCGUUCUUCUGCUUGUC,XXXXXXXXXXXXXXXXXXXGACAAGCAGAAGAACGGCAUCAAGGUGAACUUCAAGAU,0.8598836615981224,1,"-1.14
AUGCCGUUCUUCUGCUUGU,XXXXXXXXXXXXXXXXXXXACAAGCAGAAGAACGGCAUCAAGGUGAACUUCAAGAUC,0.7437493621798142,1,"-0.69
GAUGCCGUUCUUCUGCUUG,XXXXXXXXXXXXXXXXXXXCAAGCAGAAGAACGGCAUCAAGGUGAACUUCAAGAUCC,0.7374221859373407,1,"0.24
UGAUGCCGUUCUUCUGCUU,XXXXXXXXXXXXXXXXXXXAAGCAGAAGAACGGCAUCAAGGUGAACUUCAAGAUCCG,0.805592407388509,1,"0.73
UUGAUGCCGUUCUUCUGCU,XXXXXXXXXXXXXXXXXXXAGCAGAAGAACGGCAUCAAGGUGAACUUCAAGAUCCGC,0.7469129503010512,1,"-0.7
CUUGAUGCCGUUCUUCUGC,XXXXXXXXXXXXXXXXXXXGCAGAAGAACGGCAUCAAGGUGAACUUCAAGAUCCGCC,0.6342483926931319,0,"-0.89
CCUUGAUGCCGUUCUUCUG,XXXXXXXXXXXXXXXXXXXCAGAAGAACGGCAUCAAGGUGAACUUCAAGAUCCGCCA,0.7479334625982245,1,"0.7
ACCUUGAUGCCGUUCUUCU,XXXXXXXXXXXXXXXXXXXAGAAGAACGGCAUCAAGGUGAACUUCAAGAUCCGCCAC,0.841514440249005,1,"0.16
CACCUUGAUGCCGUUCUUC,XXXXXXXXXXXXXXXXXXXGAAGAACGGCAUCAAGGUGAACUUCAAGAUCCGCCACA,0.6983365649556078,0,"-0.24
UCACCUUGAUGCCGUUCUU,XXXXXXXXXXXXXXXXXXXAAGAACGGCAUCAAGGUGAACUUCAAGAUCCGCCACAA,0.7206857842637004,1,"0.97
UUCACCUUGAUGCCGUUCU,XXXXXXXXXXXXXXXXXXXAGAACGGCAUCAAGGUGAACUUCAAGAUCCGCCACAAC,0.9334625982243088,1,"-0.7
GUUCACCUUGAUGCCGUUC,XXXXXXXXXXXXXXXXXXXGAACGGCAUCAAGGUGAACUUCAAGAUCCGCCACAACA,0.7580365343402389,1,"-0.11
AGUUCACCUUGAUGCCGUU,XXXXXXXXXXXXXXXXXXXAACGGCAUCAAGGUGAACUUCAAGAUCCGCCACAACAU,0.6046535360751097,0,"0.7
AAGUUCACCUUGAUGCCGU,XXXXXXXXXXXXXXXXXXXACGGCAUCAAGGUGAACUUCAAGAUCCGCCACAACAUC,0.8880498010001021,1,"-0.86
GAAGUUCACCUUGAUGCCG,XXXXXXXXXXXXXXXXXXXCGGCAUCAAGGUGAACUUCAAGAUCCGCCACAACAUCG,0.7206857842637004,1,"0.44
UGAAGUUCACCUUGAUGCC,XXXXXXXXXXXXXXXXXXXGGCAUCAAGGUGAACUUCAAGAUCCGCCACAACAUCGA,0.959893866721094,1,"-1.6
UUGAAGUUCACCUUGAUGC,XXXXXXXXXXXXXXXXXXXGCAUCAAGGUGAACUUCAAGAUCCGCCACAACAUCGAG,0.924890294928054,1,"-2.49
CUUGAAGUUCACCUUGAUG,XXXXXXXXXXXXXXXXXXXCAUCAAGGUGAACUUCAAGAUCCGCCACAACAUCGAGG,0.8725380140830697,1,"-0.03
UCUUGAAGUUCACCUUGAU,XXXXXXXXXXXXXXXXXXXAUCAAGGUGAACUUCAAGAUCCGCCACAACAUCGAGGA,0.7872231860393918,1,"0.8
AUCUUGAAGUUCACCUUGA,XXXXXXXXXXXXXXXXXXXUCAAGGUGAACUUCAAGAUCCGCCACAACAUCGAGGAC,0.9799979589754058,1,"-0.8
GAUCUUGAAGUUCACCUUG,XXXXXXXXXXXXXXXXXXXCAAGGUGAACUUCAAGAUCCGCCACAACAUCGAGGACG,0.956322073680988,1,"0.24
GGAUCUUGAAGUUCACCUU,XXXXXXXXXXXXXXXXXXXAAGGUGAACUUCAAGAUCCGCCACAACAUCGAGGACGG,0.9578528421267476,1,"2.33
CGGAUCUUGAAGUUCACCU,XXXXXXXXXXXXXXXXXXXAGGUGAACUUCAAGAUCCGCCACAACAUCGAGGACGGC,0.951831819573426,1,"0.73
GCGGAUCUUGAAGUUCACC,XXXXXXXXXXXXXXXXXXXGGUGAACUUCAAGAUCCGCCACAACAUCGAGGACGGCA,0.7408919277477294,1,"0.16
GGCGGAUCUUGAAGUUCAC,XXXXXXXXXXXXXXXXXXXGUGAACUUCAAGAUCCGCCACAACAUCGAGGACGGCAG,0.5792427798754975,0,"0.57
UGGCGGAUCUUGAAGUUCA,XXXXXXXXXXXXXXXXXXXUGAACUUCAAGAUCCGCCACAACAUCGAGGACGGCAGC,0.7969180528625371,1,"0.0
GUGGCGGAUCUUGAAGUUC,XXXXXXXXXXXXXXXXXXXGAACUUCAAGAUCCGCCACAACAUCGAGGACGGCAGCG,0.7658944790284723,1,"-0.11
UGUGGCGGAUCUUGAAGUU,XXXXXXXXXXXXXXXXXXXAACUUCAAGAUCCGCCACAACAUCGAGGACGGCAGCGU,0.6715991427696705,0,"0.73
UUGUGGCGGAUCUUGAAGU,XXXXXXXXXXXXXXXXXXXACUUCAAGAUCCGCCACAACAUCGAGGACGGCAGCGUG,0.8626390448004899,1,"-0.86
GUUGUGGCGGAUCUUGAAG,XXXXXXXXXXXXXXXXXXXCUUCAAGAUCCGCCACAACAUCGAGGACGGCAGCGUGC,0.7043575875089295,0,"0.16
UGUUGUGGCGGAUCUUGAA,XXXXXXXXXXXXXXXXXXXUUCAAGAUCCGCCACAACAUCGAGGACGGCAGCGUGCA,0.8356975201551179,1,"0.73
AUGUUGUGGCGGAUCUUGA,XXXXXXXXXXXXXXXXXXXUCAAGAUCCGCCACAACAUCGAGGACGGCAGCGUGCAG,0.8165118889682622,1,"-0.8
GAUGUUGUGGCGGAUCUUG,XXXXXXXXXXXXXXXXXXXCAAGAUCCGCCACAACAUCGAGGACGGCAGCGUGCAGC,0.5880191856311868,0,"0.24
CGAUGUUGUGGCGGAUCUU,XXXXXXXXXXXXXXXXXXXAAGAUCCGCCACAACAUCGAGGACGGCAGCGUGCAGCU,0.6348607000714359,0,"1.43
UCGAUGUUGUGGCGGAUCU,XXXXXXXXXXXXXXXXXXXAGAUCCGCCACAACAUCGAGGACGGCAGCGUGCAGCUC,0.8189611184814778,1,"0.27
CUCGAUGUUGUGGCGGAUC,XXXXXXXXXXXXXXXXXXXGAUCCGCCACAACAUCGAGGACGGCAGCGUGCAGCUCG,0.5910807225227065,0,"-0.27
CCUCGAUGUUGUGGCGGAU,XXXXXXXXXXXXXXXXXXXAUCCGCCACAACAUCGAGGACGGCAGCGUGCAGCUCGC,0.3751403204408613,0,"2.16
UCCUCGAUGUUGUGGCGGA,XXXXXXXXXXXXXXXXXXXUCCGCCACAACAUCGAGGACGGCAGCGUGCAGCUCGCC,0.7936524135115828,1,"0.0
GUCCUCGAUGUUGUGGCGG,XXXXXXXXXXXXXXXXXXXCCGCCACAACAUCGAGGACGGCAGCGUGCAGCUCGCCG,0.2981936932340034,0,"-0.57
CGUCCUCGAUGUUGUGGCG,XXXXXXXXXXXXXXXXXXXCGCCACAACAUCGAGGACGGCAGCGUGCAGCUCGCCGA,0.3715685274007552,0,"0.0
CCGUCCUCGAUGUUGUGGC,XXXXXXXXXXXXXXXXXXXGCCACAACAUCGAGGACGGCAGCGUGCAGCUCGCCGAC,0.7494642310439841,1,"-0.16
GCCGUCCUCGAUGUUGUGG,XXXXXXXXXXXXXXXXXXXCCACAACAUCGAGGACGGCAGCGUGCAGCUCGCCGACC,0.5148484539238698,0,"0.16
UGCCGUCCUCGAUGUUGUG,XXXXXXXXXXXXXXXXXXXCACAACAUCGAGGACGGCAGCGUGCAGCUCGCCGACCA,0.4343300336769058,0,"-0.9
CUGCCGUCCUCGAUGUUGU,XXXXXXXXXXXXXXXXXXXACAACAUCGAGGACGGCAGCGUGCAGCUCGCCGACCAC,0.5078069190733748,0,"0.74
GCUGCCGUCCUCGAUGUUG,XXXXXXXXXXXXXXXXXXXCAACAUCGAGGACGGCAGCGUGCAGCUCGCCGACCACU,0.4191244004490254,0,"0.86
CGCUGCCGUCCUCGAUGUU,XXXXXXXXXXXXXXXXXXXAACAUCGAGGACGGCAGCGUGCAGCUCGCCGACCACUA,0.225227063986121,0,"1.43
ACGCUGCCGUCCUCGAUGU,XXXXXXXXXXXXXXXXXXXACAUCGAGGACGGCAGCGUGCAGCUCGCCGACCACUAC,0.4763751403204408,0,"0.0
CACGCUGCCGUCCUCGAUG,XXXXXXXXXXXXXXXXXXXCAUCGAGGACGGCAGCGUGCAGCUCGCCGACCACUACC,0.5669966323094194,0,"0.0
GCACGCUGCCGUCCUCGAU,XXXXXXXXXXXXXXXXXXXAUCGAGGACGGCAGCGUGCAGCUCGCCGACCACUACCA,0.3051331768547811,0,"2.32
UGCACGCUGCCGUCCUCGA,XXXXXXXXXXXXXXXXXXXUCGAGGACGGCAGCGUGCAGCUCGCCGACCACUACCAG,0.3821818552913563,0,"-0.24
CUGCACGCUGCCGUCCUCG,XXXXXXXXXXXXXXXXXXXCGAGGACGGCAGCGUGCAGCUCGCCGACCACUACCAGC,0.281049086641494,0,"0.17
GCUGCACGCUGCCGUCCUC,XXXXXXXXXXXXXXXXXXXGAGGACGGCAGCGUGCAGCUCGCCGACCACUACCAGCA,0.2052250229615267,0,"0.62
AGCUGCACGCUGCCGUCCU,XXXXXXXXXXXXXXXXXXXAGGACGGCAGCGUGCAGCUCGCCGACCACUACCAGCAG,0.2676803755485253,0,"0.0
GAGCUGCACGCUGCCGUCC,XXXXXXXXXXXXXXXXXXXGGACGGCAGCGUGCAGCUCGCCGACCACUACCAGCAGA,0.4078987651801204,0,"-0.46
CGAGCUGCACGCUGCCGUC,XXXXXXXXXXXXXXXXXXXGACGGCAGCGUGCAGCUCGCCGACCACUACCAGCAGAA,0.3109500969486682,0,"-0.44
GCGAGCUGCACGCUGCCGU,XXXXXXXXXXXXXXXXXXXACGGCAGCGUGCAGCUCGCCGACCACUACCAGCAGAAC,0.321767527298704,0,"1.63
GGCGAGCUGCACGCUGCCG,XXXXXXXXXXXXXXXXXXXCGGCAGCGUGCAGCUCGCCGACCACUACCAGCAGAACA,0.2844167772221656,0,"0.9
CGGCGAGCUGCACGCUGCC,XXXXXXXXXXXXXXXXXXXGGCAGCGUGCAGCUCGCCGACCACUACCAGCAGAACAC,0.1591999183590162,0,"-0.9
UCGGCGAGCUGCACGCUGC,XXXXXXXXXXXXXXXXXXXGCAGCGUGCAGCUCGCCGACCACUACCAGCAGAACACC,0.4669864271864476,0,"-1.52
GUCGGCGAGCUGCACGCUG,XXXXXXXXXXXXXXXXXXXCAGCGUGCAGCUCGCCGACCACUACCAGCAGAACACCC,0.3114603530972548,0,"0.13
GGUCGGCGAGCUGCACGCU,XXXXXXXXXXXXXXXXXXXAGCGUGCAGCUCGCCGACCACUACCAGCAGAACACCCC,0.3699357077252781,0,"1.63
UGGUCGGCGAGCUGCACGC,XXXXXXXXXXXXXXXXXXXGCGUGCAGCUCGCCGACCACUACCAGCAGAACACCCCC,0.6342483926931319,0,"-1.76
GUGGUCGGCGAGCUGCACG,XXXXXXXXXXXXXXXXXXXCGUGCAGCUCGCCGACCACUACCAGCAGAACACCCCCA,0.5557709970405144,0,"0.33
AGUGGUCGGCGAGCUGCAC,XXXXXXXXXXXXXXXXXXXGUGCAGCUCGCCGACCACUACCAGCAGAACACCCCCAU,0.5808755995509747,0,"-1.06
UAGUGGUCGGCGAGCUGCA,XXXXXXXXXXXXXXXXXXXUGCAGCUCGCCGACCACUACCAGCAGAACACCCCCAUC,0.5756709868353914,0,"-0.33
GUAGUGGUCGGCGAGCUGC,XXXXXXXXXXXXXXXXXXXGCAGCUCGCCGACCACUACCAGCAGAACACCCCCAUCG,0.5227063986121033,0,"-0.73
GGUAGUGGUCGGCGAGCUG,XXXXXXXXXXXXXXXXXXXCAGCUCGCCGACCACUACCAGCAGAACACCCCCAUCGG,0.5095417899785692,0,"0.7
UGGUAGUGGUCGGCGAGCU,XXXXXXXXXXXXXXXXXXXAGCUCGCCGACCACUACCAGCAGAACACCCCCAUCGGC,0.6596591488927442,0,"0.03
CUGGUAGUGGUCGGCGAGC,XXXXXXXXXXXXXXXXXXXGCUCGCCGACCACUACCAGCAGAACACCCCCAUCGGCG,0.3508521277681397,0,"-0.89
GCUGGUAGUGGUCGGCGAG,XXXXXXXXXXXXXXXXXXXCUCGCCGACCACUACCAGCAGAACACCCCCAUCGGCGA,0.3297275232166548,0,"0.89
UGCUGGUAGUGGUCGGCGA,XXXXXXXXXXXXXXXXXXXUCGCCGACCACUACCAGCAGAACACCCCCAUCGGCGAC,0.7564037146647619,1,"-0.24
CUGCUGGUAGUGGUCGGCG,XXXXXXXXXXXXXXXXXXXCGCCGACCACUACCAGCAGAACACCCCCAUCGGCGACG,0.3944280028574344,0,"0.17
UCUGCUGGUAGUGGUCGGC,XXXXXXXXXXXXXXXXXXXGCCGACCACUACCAGCAGAACACCCCCAUCGGCGACGG,0.5989386672109399,0,"-1.52
UUCUGCUGGUAGUGGUCGG,XXXXXXXXXXXXXXXXXXXCCGACCACUACCAGCAGAACACCCCCAUCGGCGACGGC,0.7981426676191448,1,"-2.33
GUUCUGCUGGUAGUGGUCG,XXXXXXXXXXXXXXXXXXXCGACCACUACCAGCAGAACACCCCCAUCGGCGACGGCC,0.5862843147259925,0,"0.33
UGUUCUGCUGGUAGUGGUC,XXXXXXXXXXXXXXXXXXXGACCACUACCAGCAGAACACCCCCAUCGGCGACGGCCC,0.7941626696601694,1,"-1.14
GUGUUCUGCUGGUAGUGGU,XXXXXXXXXXXXXXXXXXXACCACUACCAGCAGAACACCCCCAUCGGCGACGGCCCC,0.8083477905908766,1,"0.9
GGUGUUCUGCUGGUAGUGG,XXXXXXXXXXXXXXXXXXXCCACUACCAGCAGAACACCCCCAUCGGCGACGGCCCCG,0.5368915195428106,0,"0.0
GGGUGUUCUGCUGGUAGUG,XXXXXXXXXXXXXXXXXXXCACUACCAGCAGAACACCCCCAUCGGCGACGGCCCCGU,0.4763751403204408,0,"0.7
GGGGUGUUCUGCUGGUAGU,XXXXXXXXXXXXXXXXXXXACUACCAGCAGAACACCCCCAUCGGCGACGGCCCCGUG,0.383712623737116,0,"1.47
GGGGGUGUUCUGCUGGUAG,XXXXXXXXXXXXXXXXXXXCUACCAGCAGAACACCCCCAUCGGCGACGGCCCCGUGC,0.5415858761098071,0,"0.73
UGGGGGUGUUCUGCUGGUA,XXXXXXXXXXXXXXXXXXXUACCAGCAGAACACCCCCAUCGGCGACGGCCCCGUGCU,0.6590468415144403,0,"0.33
AUGGGGGUGUUCUGCUGGU,XXXXXXXXXXXXXXXXXXXACCAGCAGAACACCCCCAUCGGCGACGGCCCCGUGCUG,0.5707725278089602,0,"-0.69
GAUGGGGGUGUUCUGCUGG,XXXXXXXXXXXXXXXXXXXCCAGCAGAACACCCCCAUCGGCGACGGCCCCGUGCUGC,0.385957750790897,0,"-0.46
CGAUGGGGGUGUUCUGCUG,XXXXXXXXXXXXXXXXXXXCAGCAGAACACCCCCAUCGGCGACGGCCCCGUGCUGCU,0.3111541994081028,0,"-0.2
CCGAUGGGGGUGUUCUGCU,XXXXXXXXXXXXXXXXXXXAGCAGAACACCCCCAUCGGCGACGGCCCCGUGCUGCUG,0.2939075415858761,0,"1.63
GCCGAUGGGGGUGUUCUGC,XXXXXXXXXXXXXXXXXXXGCAGAACACCCCCAUCGGCGACGGCCCCGUGCUGCUGC,0.3002347178283499,0,"0.0
CGCCGAUGGGGGUGUUCUG,XXXXXXXXXXXXXXXXXXXCAGAACACCCCCAUCGGCGACGGCCCCGUGCUGCUGCC,0.5418920297989591,0,"-0.2
UCGCCGAUGGGGGUGUUCU,XXXXXXXXXXXXXXXXXXXAGAACACCCCCAUCGGCGACGGCCCCGUGCUGCUGCCC,0.5779161138891724,0,"0.27
GUCGCCGAUGGGGGUGUUC,XXXXXXXXXXXXXXXXXXXGAACACCCCCAUCGGCGACGGCCCCGUGCUGCUGCCCG,0.3451372589039698,0,"-0.11
CGUCGCCGAUGGGGGUGUU,XXXXXXXXXXXXXXXXXXXAACACCCCCAUCGGCGACGGCCCCGUGCUGCUGCCCGA,0.189305031125625,0,"1.43
CCGUCGCCGAUGGGGGUGU,XXXXXXXXXXXXXXXXXXXACACCCCCAUCGGCGACGGCCCCGUGCUGCUGCCCGAC,0.2123686090417389,0,"1.47
GCCGUCGCCGAUGGGGGUG,XXXXXXXXXXXXXXXXXXXCACCCCCAUCGGCGACGGCCCCGUGCUGCUGCCCGACA,0.1976732319624451,0,"0.86
GGCCGUCGCCGAUGGGGGU,XXXXXXXXXXXXXXXXXXXACCCCCAUCGGCGACGGCCCCGUGCUGCUGCCCGACAA,0.3700377589549954,0,"1.47
GGGCCGUCGCCGAUGGGGG,XXXXXXXXXXXXXXXXXXXCCCCCAUCGGCGACGGCCCCGUGCUGCUGCCCGACAAC,0.1781814470864374,0,"0.0
GGGGCCGUCGCCGAUGGGG,XXXXXXXXXXXXXXXXXXXCCCCAUCGGCGACGGCCCCGUGCUGCUGCCCGACAACC,0.1308296764976018,0,"0.0
CGGGGCCGUCGCCGAUGGG,XXXXXXXXXXXXXXXXXXXCCCAUCGGCGACGGCCCCGUGCUGCUGCCCGACAACCA,0.0385753648331462,0,"-0.9
ACGGGGCCGUCGCCGAUGG,XXXXXXXXXXXXXXXXXXXCCAUCGGCGACGGCCCCGUGCUGCUGCCCGACAACCAC,0.1041943055413817,0,"-1.47
CACGGGGCCGUCGCCGAUG,XXXXXXXXXXXXXXXXXXXCAUCGGCGACGGCCCCGUGCUGCUGCCCGACAACCACU,0.3406470047964078,0,"0.0
GCACGGGGCCGUCGCCGAU,XXXXXXXXXXXXXXXXXXXAUCGGCGACGGCCCCGUGCUGCUGCCCGACAACCACUA,0.3648331462394122,0,"2.32
AGCACGGGGCCGUCGCCGA,XXXXXXXXXXXXXXXXXXXUCGGCGACGGCCCCGUGCUGCUGCCCGACAACCACUAC,0.290641902234922,0,"-0.27
CAGCACGGGGCCGUCGCCG,XXXXXXXXXXXXXXXXXXXCGGCGACGGCCCCGUGCUGCUGCCCGACAACCACUACC,0.3580977650780692,0,"0.2
GCAGCACGGGGCCGUCGCC,XXXXXXXXXXXXXXXXXXXGGCGACGGCCCCGUGCUGCUGCCCGACAACCACUACCU,0.1925706704765792,0,"0.16
AGCAGCACGGGGCCGUCGC,XXXXXXXXXXXXXXXXXXXGCGACGGCCCCGUGCUGCUGCCCGACAACCACUACCUG,0.4290233697316052,0,"-1.79
CAGCAGCACGGGGCCGUCG,XXXXXXXXXXXXXXXXXXXCGACGGCCCCGUGCUGCUGCCCGACAACCACUACCUGA,0.4126951729768344,0,"0.2
GCAGCAGCACGGGGCCGUC,XXXXXXXXXXXXXXXXXXXGACGGCCCCGUGCUGCUGCCCGACAACCACUACCUGAG,0.2699255026023063,0,"0.62
GGCAGCAGCACGGGGCCGU,XXXXXXXXXXXXXXXXXXXACGGCCCCGUGCUGCUGCCCGACAACCACUACCUGAGC,0.2001224614756608,0,"1.47
GGGCAGCAGCACGGGGCCG,XXXXXXXXXXXXXXXXXXXCGGCCCCGUGCUGCUGCCCGACAACCACUACCUGAGCA,0.1432799265231146,0,"0.9
CGGGCAGCAGCACGGGGCC,XXXXXXXXXXXXXXXXXXXGGCCCCGUGCUGCUGCCCGACAACCACUACCUGAGCAC,0.2157362996224104,0,"-0.9
UCGGGCAGCAGCACGGGGC,XXXXXXXXXXXXXXXXXXXGCCCCGUGCUGCUGCCCGACAACCACUACCUGAGCACC,0.3726910909276457,0,"-1.52
GUCGGGCAGCAGCACGGGG,XXXXXXXXXXXXXXXXXXXCCCCGUGCUGCUGCCCGACAACCACUACCUGAGCACCC,0.4928053883049291,0,"-0.57
UGUCGGGCAGCAGCACGGG,XXXXXXXXXXXXXXXXXXXCCCGUGCUGCUGCCCGACAACCACUACCUGAGCACCCA,0.3934074905602612,0,"-1.6
UUGUCGGGCAGCAGCACGG,XXXXXXXXXXXXXXXXXXXCCGUGCUGCUGCCCGACAACCACUACCUGAGCACCCAG,0.7875293397285438,1,"-2.33
GUUGUCGGGCAGCAGCACG,XXXXXXXXXXXXXXXXXXXCGUGCUGCUGCCCGACAACCACUACCUGAGCACCCAGU,0.8151852229819371,1,"0.33
GGUUGUCGGGCAGCAGCAC,XXXXXXXXXXXXXXXXXXXGUGCUGCUGCCCGACAACCACUACCUGAGCACCCAGUC,0.6374119808143689,0,"0.57
UGGUUGUCGGGCAGCAGCA,XXXXXXXXXXXXXXXXXXXUGCUGCUGCCCGACAACCACUACCUGAGCACCCAGUCC,0.8861108276354731,1,"0.0
GUGGUUGUCGGGCAGCAGC,XXXXXXXXXXXXXXXXXXXGCUGCUGCCCGACAACCACUACCUGAGCACCCAGUCCG,0.7436473109500971,1,"-0.73
AGUGGUUGUCGGGCAGCAG,XXXXXXXXXXXXXXXXXXXCUGCUGCCCGACAACCACUACCUGAGCACCCAGUCCGC,0.5531176650678641,0,"-0.9
UAGUGGUUGUCGGGCAGCA,XXXXXXXXXXXXXXXXXXXUGCUGCCCGACAACCACUACCUGAGCACCCAGUCCGCC,0.5788345749566283,0,"-0.33
GUAGUGGUUGUCGGGCAGC,XXXXXXXXXXXXXXXXXXXGCUGCCCGACAACCACUACCUGAGCACCCAGUCCGCCC,0.5146443514644352,0,"-0.73
GGUAGUGGUUGUCGGGCAG,XXXXXXXXXXXXXXXXXXXCUGCCCGACAACCACUACCUGAGCACCCAGUCCGCCCU,0.5234207572201245,0,"0.73
AGGUAGUGGUUGUCGGGCA,XXXXXXXXXXXXXXXXXXXUGCCCGACAACCACUACCUGAGCACCCAGUCCGCCCUG,0.6227166037350751,0,"-0.03
CAGGUAGUGGUUGUCGGGC,XXXXXXXXXXXXXXXXXXXGCCCGACAACCACUACCUGAGCACCCAGUCCGCCCUGA,0.5374017756913971,0,"-0.86
UCAGGUAGUGGUUGUCGGG,XXXXXXXXXXXXXXXXXXXCCCGACAACCACUACCUGAGCACCCAGUCCGCCCUGAG,0.8361057250739873,1,"-1.36
CUCAGGUAGUGGUUGUCGG,XXXXXXXXXXXXXXXXXXXCCGACAACCACUACCUGAGCACCCAGUCCGCCCUGAGC,0.9223390141851208,1,"-0.73
GCUCAGGUAGUGGUUGUCG,XXXXXXXXXXXXXXXXXXXCGACAACCACUACCUGAGCACCCAGUCCGCCCUGAGCA,0.4711705276048576,0,"1.06
UGCUCAGGUAGUGGUUGUC,XXXXXXXXXXXXXXXXXXXGACAACCACUACCUGAGCACCCAGUCCGCCCUGAGCAA,0.5347484437187469,0,"-1.14
GUGCUCAGGUAGUGGUUGU,XXXXXXXXXXXXXXXXXXXACAACCACUACCUGAGCACCCAGUCCGCCCUGAGCAAA,0.6416981324624963,0,"0.9
GGUGCUCAGGUAGUGGUUG,XXXXXXXXXXXXXXXXXXXCAACCACUACCUGAGCACCCAGUCCGCCCUGAGCAAAG,0.4148382488008981,0,"0.7
GGGUGCUCAGGUAGUGGUU,XXXXXXXXXXXXXXXXXXXAACCACUACCUGAGCACCCAGUCCGCCCUGAGCAAAGA,0.8119195836309828,1,"2.33
UGGGUGCUCAGGUAGUGGU,XXXXXXXXXXXXXXXXXXXACCACUACCUGAGCACCCAGUCCGCCCUGAGCAAAGAC,1.0,1,"-0.13
CUGGGUGCUCAGGUAGUGG,XXXXXXXXXXXXXXXXXXXCCACUACCUGAGCACCCAGUCCGCCCUGAGCAAAGACC,0.7739565261761405,1,"-0.73
ACUGGGUGCUCAGGUAGUG,XXXXXXXXXXXXXXXXXXXCACUACCUGAGCACCCAGUCCGCCCUGAGCAAAGACCC,0.5238289621389938,0,"-0.77
GACUGGGUGCUCAGGUAGU,XXXXXXXXXXXXXXXXXXXACUACCUGAGCACCCAGUCCGCCCUGAGCAAAGACCCC,0.3763649351974691,0,"1.01
GGACUGGGUGCUCAGGUAG,XXXXXXXXXXXXXXXXXXXCUACCUGAGCACCCAGUCCGCCCUGAGCAAAGACCCCA,0.6845596489437697,0,"0.73
CGGACUGGGUGCUCAGGUA,XXXXXXXXXXXXXXXXXXXUACCUGAGCACCCAGUCCGCCCUGAGCAAAGACCCCAA,0.6600673538116135,0,"1.03
GCGGACUGGGUGCUCAGGU,XXXXXXXXXXXXXXXXXXXACCUGAGCACCCAGUCCGCCCUGAGCAAAGACCCCAAC,0.7139504031023574,0,"1.63
GGCGGACUGGGUGCUCAGG,XXXXXXXXXXXXXXXXXXXCCUGAGCACCCAGUCCGCCCUGAGCAAAGACCCCAACG,0.4145320951117461,0,"0.0
GGGCGGACUGGGUGCUCAG,XXXXXXXXXXXXXXXXXXXCUGAGCACCCAGUCCGCCCUGAGCAAAGACCCCAACGA,0.4281049086641494,0,"0.73
AGGGCGGACUGGGUGCUCA,XXXXXXXXXXXXXXXXXXXUGAGCACCCAGUCCGCCCUGAGCAAAGACCCCAACGAG,0.5081130727625268,0,"-0.03
CAGGGCGGACUGGGUGCUC,XXXXXXXXXXXXXXXXXXXGAGCACCCAGUCCGCCCUGAGCAAAGACCCCAACGAGA,0.4580059189713236,0,"-0.24
UCAGGGCGGACUGGGUGCU,XXXXXXXXXXXXXXXXXXXAGCACCCAGUCCGCCCUGAGCAAAGACCCCAACGAGAA,0.4409633636085315,0,"0.27
CUCAGGGCGGACUGGGUGC,XXXXXXXXXXXXXXXXXXXGCACCCAGUCCGCCCUGAGCAAAGACCCCAACGAGAAG,0.6614960710276558,0,"-0.89
GCUCAGGGCGGACUGGGUG,XXXXXXXXXXXXXXXXXXXCACCCAGUCCGCCCUGAGCAAAGACCCCAACGAGAAGC,0.5268904990305133,0,"0.86
UGCUCAGGGCGGACUGGGU,XXXXXXXXXXXXXXXXXXXACCCAGUCCGCCCUGAGCAAAGACCCCAACGAGAAGCG,0.5291356260842943,0,"-0.13
UUGCUCAGGGCGGACUGGG,XXXXXXXXXXXXXXXXXXXCCCAGUCCGCCCUGAGCAAAGACCCCAACGAGAAGCGC,0.3477905908766199,0,"-2.33
UUUGCUCAGGGCGGACUGG,XXXXXXXXXXXXXXXXXXXCCAGUCCGCCCUGAGCAAAGACCCCAACGAGAAGCGCG,0.7528319216246556,1,"-2.33
CUUUGCUCAGGGCGGACUG,XXXXXXXXXXXXXXXXXXXCAGUCCGCCCUGAGCAAAGACCCCAACGAGAAGCGCGA,0.7940606184304522,1,"-0.03
UCUUUGCUCAGGGCGGACU,XXXXXXXXXXXXXXXXXXXAGUCCGCCCUGAGCAAAGACCCCAACGAGAAGCGCGAU,0.8562098173282989,1,"0.27
GUCUUUGCUCAGGGCGGAC,XXXXXXXXXXXXXXXXXXXGUCCGCCCUGAGCAAAGACCCCAACGAGAAGCGCGAUC,0.8223288090621492,1,"0.0
GGUCUUUGCUCAGGGCGGA,XXXXXXXXXXXXXXXXXXXUCCGCCCUGAGCAAAGACCCCAACGAGAAGCGCGAUCA,0.5605674048372283,0,"1.36
GGGUCUUUGCUCAGGGCGG,XXXXXXXXXXXXXXXXXXXCCGCCCUGAGCAAAGACCCCAACGAGAAGCGCGAUCAC,0.4591284824982141,0,"0.0
GGGGUCUUUGCUCAGGGCG,XXXXXXXXXXXXXXXXXXXCGCCCUGAGCAAAGACCCCAACGAGAAGCGCGAUCACA,0.6078171241963466,0,"0.9
UGGGGUCUUUGCUCAGGGC,XXXXXXXXXXXXXXXXXXXGCCCUGAGCAAAGACCCCAACGAGAAGCGCGAUCACAU,0.5348504949484642,0,"-1.76
UUGGGGUCUUUGCUCAGGG,XXXXXXXXXXXXXXXXXXXCCCUGAGCAAAGACCCCAACGAGAAGCGCGAUCACAUG,0.8204918869272376,1,"-2.33
GUUGGGGUCUUUGCUCAGG,XXXXXXXXXXXXXXXXXXXCCUGAGCAAAGACCCCAACGAGAAGCGCGAUCACAUGG,0.5999591795081131,0,"-0.57
CGUUGGGGUCUUUGCUCAG,XXXXXXXXXXXXXXXXXXXCUGAGCAAAGACCCCAACGAGAAGCGCGAUCACAUGGU,0.5119910194917849,0,"-0.17
UCGUUGGGGUCUUUGCUCA,XXXXXXXXXXXXXXXXXXXUGAGCAAAGACCCCAACGAGAAGCGCGAUCACAUGGUC,0.8274313705480152,1,"0.24
CUCGUUGGGGUCUUUGCUC,XXXXXXXXXXXXXXXXXXXGAGCAAAGACCCCAACGAGAAGCGCGAUCACAUGGUCC,0.8127359934687214,1,"-0.27
UCUCGUUGGGGUCUUUGCU,XXXXXXXXXXXXXXXXXXXAGCAAAGACCCCAACGAGAAGCGCGAUCACAUGGUCCU,0.8405959791815493,1,"0.27
UUCUCGUUGGGGUCUUUGC,XXXXXXXXXXXXXXXXXXXGCAAAGACCCCAACGAGAAGCGCGAUCACAUGGUCCUG,0.9398918256964996,1,"-2.49
CUUCUCGUUGGGGUCUUUG,XXXXXXXXXXXXXXXXXXXCAAAGACCCCAACGAGAAGCGCGAUCACAUGGUCCUGC,0.7297683437085418,1,"-0.03
GCUUCUCGUUGGGGUCUUU,XXXXXXXXXXXXXXXXXXXAAAGACCCCAACGAGAAGCGCGAUCACAUGGUCCUGCU,0.149198897846719,0,"2.49
CGCUUCUCGUUGGGGUCUU,XXXXXXXXXXXXXXXXXXXAAGACCCCAACGAGAAGCGCGAUCACAUGGUCCUGCUG,0.1156240432697214,0,"1.43
GCGCUUCUCGUUGGGGUCU,XXXXXXXXXXXXXXXXXXXAGACCCCAACGAGAAGCGCGAUCACAUGGUCCUGCUGG,0.1757322175732217,0,"1.79
CGCGCUUCUCGUUGGGGUC,XXXXXXXXXXXXXXXXXXXGACCCCAACGAGAAGCGCGAUCACAUGGUCCUGCUGGA,0.3248290641902235,0,"-0.44
UCGCGCUUCUCGUUGGGGU,XXXXXXXXXXXXXXXXXXXACCCCAACGAGAAGCGCGAUCACAUGGUCCUGCUGGAG,0.8637616083273804,1,"0.11
AUCGCGCUUCUCGUUGGGG,XXXXXXXXXXXXXXXXXXXCCCCAACGAGAAGCGCGAUCACAUGGUCCUGCUGGAGU,0.8637616083273804,1,"-2.16
GAUCGCGCUUCUCGUUGGG,XXXXXXXXXXXXXXXXXXXCCCAACGAGAAGCGCGAUCACAUGGUCCUGCUGGAGUU,0.7593632003265639,1,"-0.46
UGAUCGCGCUUCUCGUUGG,XXXXXXXXXXXXXXXXXXXCCAACGAGAAGCGCGAUCACAUGGUCCUGCUGGAGUUC,0.8565159710174509,1,"-1.6
GUGAUCGCGCUUCUCGUUG,XXXXXXXXXXXXXXXXXXXCAACGAGAAGCGCGAUCACAUGGUCCUGCUGGAGUUCG,0.8033472803347281,1,"0.13
UGUGAUCGCGCUUCUCGUU,XXXXXXXXXXXXXXXXXXXAACGAGAAGCGCGAUCACAUGGUCCUGCUGGAGUUCGU,0.7925298499846923,1,"0.73
AUGUGAUCGCGCUUCUCGU,XXXXXXXXXXXXXXXXXXXACGAGAAGCGCGAUCACAUGGUCCUGCUGGAGUUCGUG,0.8493723849372385,1,"-0.69
CAUGUGAUCGCGCUUCUCG,XXXXXXXXXXXXXXXXXXXCGAGAAGCGCGAUCACAUGGUCCUGCUGGAGUUCGUGA,0.8429431574650474,1,"0.2
CCAUGUGAUCGCGCUUCUC,XXXXXXXXXXXXXXXXXXXGAGAAGCGCGAUCACAUGGUCCUGCUGGAGUUCGUGAC,0.5995509745892439,0,"0.46
ACCAUGUGAUCGCGCUUCU,XXXXXXXXXXXXXXXXXXXAGAAGCGCGAUCACAUGGUCCUGCUGGAGUUCGUGACC,0.4856618022247169,0,"0.16
GACCAUGUGAUCGCGCUUC,XXXXXXXXXXXXXXXXXXXGAAGCGCGAUCACAUGGUCCUGCUGGAGUUCGUGACCG,0.6237371160322482,0,"0.0
GGACCAUGUGAUCGCGCUU,XXXXXXXXXXXXXXXXXXXAAGCGCGAUCACAUGGUCCUGCUGGAGUUCGUGACCGC,0.4416777222165527,0,"2.33
AGGACCAUGUGAUCGCGCU,XXXXXXXXXXXXXXXXXXXAGCGCGAUCACAUGGUCCUGCUGGAGUUCGUGACCGCC,0.6299622410450046,0,"0.0
CAGGACCAUGUGAUCGCGC,XXXXXXXXXXXXXXXXXXXGCGCGAUCACAUGGUCCUGCUGGAGUUCGUGACCGCCG,0.4839269313195224,0,"-0.86
GCAGGACCAUGUGAUCGCG,XXXXXXXXXXXXXXXXXXXCGCGAUCACAUGGUCCUGCUGGAGUUCGUGACCGCCGC,0.2970711297071129,0,"1.06
AGCAGGACCAUGUGAUCGC,XXXXXXXXXXXXXXXXXXXGCGAUCACAUGGUCCUGCUGGAGUUCGUGACCGCCGCC,0.3944280028574344,0,"-1.79
CAGCAGGACCAUGUGAUCG,XXXXXXXXXXXXXXXXXXXCGAUCACAUGGUCCUGCUGGAGUUCGUGACCGCCGCCG,0.5157669149913257,0,"0.2
CCAGCAGGACCAUGUGAUC,XXXXXXXXXXXXXXXXXXXGAUCACAUGGUCCUGCUGGAGUUCGUGACCGCCGCCGG,0.6419022349219309,0,"0.46
UCCAGCAGGACCAUGUGAU,XXXXXXXXXXXXXXXXXXXAUCACAUGGUCCUGCUGGAGUUCGUGACCGCCGCCGGG,0.7801816511888969,1,"0.8
CUCCAGCAGGACCAUGUGA,XXXXXXXXXXXXXXXXXXXUCACAUGGUCCUGCUGGAGUUCGUGACCGCCGCCGGGA,0.3698336564955608,0,"0.63
ACUCCAGCAGGACCAUGUG,XXXXXXXXXXXXXXXXXXXCACAUGGUCCUGCUGGAGUUCGUGACCGCCGCCGGGAU,0.8043677926319012,1,"-0.77
AACUCCAGCAGGACCAUGU,XXXXXXXXXXXXXXXXXXXACAUGGUCCUGCUGGAGUUCGUGACCGCCGCCGGGAUC,0.5754668843759567,0,"-0.86
GAACUCCAGCAGGACCAUG,XXXXXXXXXXXXXXXXXXXCAUGGUCCUGCUGGAGUUCGUGACCGCCGCCGGGAUCA,0.7337483416675172,1,"0.24
CGAACUCCAGCAGGACCAU,XXXXXXXXXXXXXXXXXXXAUGGUCCUGCUGGAGUUCGUGACCGCCGCCGGGAUCAC,0.3146239412184917,0,"1.26
ACGAACUCCAGCAGGACCA,XXXXXXXXXXXXXXXXXXXUGGUCCUGCUGGAGUUCGUGACCGCCGCCGGGAUCACU,0.8791713440146955,1,"0.13
CACGAACUCCAGCAGGACC,XXXXXXXXXXXXXXXXXXXGGUCCUGCUGGAGUUCGUGACCGCCGCCGGGAUCACUC,0.7606898663128892,1,"-0.7
UCACGAACUCCAGCAGGAC,XXXXXXXXXXXXXXXXXXXGUCCUGCUGGAGUUCGUGACCGCCGCCGGGAUCACUCU,0.4501479742830901,0,"-0.79
GUCACGAACUCCAGCAGGA,XXXXXXXXXXXXXXXXXXXUCCUGCUGGAGUUCGUGACCGCCGCCGGGAUCACUCUC,0.8698846821104195,1,"0.79
GGUCACGAACUCCAGCAGG,XXXXXXXXXXXXXXXXXXXCCUGCUGGAGUUCGUGACCGCCGCCGGGAUCACUCUCG,0.5375038269211144,0,"0.0
CGGUCACGAACUCCAGCAG,XXXXXXXXXXXXXXXXXXXCUGCUGGAGUUCGUGACCGCCGCCGGGAUCACUCUCGG,0.7728339626492501,1,"-0.17
GCGGUCACGAACUCCAGCA,XXXXXXXXXXXXXXXXXXXUGCUGGAGUUCGUGACCGCCGCCGGGAUCACUCUCGGC,0.3764669864271864,0,"1.76
GGCGGUCACGAACUCCAGC,XXXXXXXXXXXXXXXXXXXGCUGGAGUUCGUGACCGCCGCCGGGAUCACUCUCGGCA,0.3158485559750995,0,"-0.16
CGGCGGUCACGAACUCCAG,XXXXXXXXXXXXXXXXXXXCUGGAGUUCGUGACCGCCGCCGGGAUCACUCUCGGCAU,0.4057556893560567,0,"-0.17
GCGGCGGUCACGAACUCCA,XXXXXXXXXXXXXXXXXXXUGGAGUUCGUGACCGCCGCCGGGAUCACUCUCGGCAUG,0.3357485457699765,0,"1.76
GGCGGCGGUCACGAACUCC,XXXXXXXXXXXXXXXXXXXGGAGUUCGUGACCGCCGCCGGGAUCACUCUCGGCAUGG,0.4096336360853149,0,"0.0
CGGCGGCGGUCACGAACUC,XXXXXXXXXXXXXXXXXXXGAGUUCGUGACCGCCGCCGGGAUCACUCUCGGCAUGGA,0.2888049801000102,0,"-0.44
CCGGCGGCGGUCACGAACU,XXXXXXXXXXXXXXXXXXXAGUUCGUGACCGCCGCCGGGAUCACUCUCGGCAUGGAC,0.3061536891519543,0,"1.63
CCCGGCGGCGGUCACGAAC,XXXXXXXXXXXXXXXXXXXGUUCGUGACCGCCGCCGGGAUCACUCUCGGCAUGGACG,0.3415654658638636,0,"0.57
UCCCGGCGGCGGUCACGAA,XXXXXXXXXXXXXXXXXXXUUCGUGACCGCCGCCGGGAUCACUCUCGGCAUGGACGA,0.2972752321665476,0,"0.97
AUCCCGGCGGCGGUCACGA,XXXXXXXXXXXXXXXXXXXUCGUGACCGCCGCCGGGAUCACUCUCGGCAUGGACGAG,0.3545259720379631,0,"-0.8
GAUCCCGGCGGCGGUCACG,XXXXXXXXXXXXXXXXXXXCGUGACCGCCGCCGGGAUCACUCUCGGCAUGGACGAGC,0.2578834574956628,0,"0.44
UGAUCCCGGCGGCGGUCAC,XXXXXXXXXXXXXXXXXXXGUGACCGCCGCCGGGAUCACUCUCGGCAUGGACGAGCU,0.7101745076028168,0,"-1.03
GUGAUCCCGGCGGCGGUCA,XXXXXXXXXXXXXXXXXXXUGACCGCCGCCGGGAUCACUCUCGGCAUGGACGAGCUG,0.1468517195632207,0,"1.03
AGUGAUCCCGGCGGCGGUC,XXXXXXXXXXXXXXXXXXXGACCGCCGCCGGGAUCACUCUCGGCAUGGACGAGCUGU,0.3115624043269722,0,"-1.17
GAGUGAUCCCGGCGGCGGU,XXXXXXXXXXXXXXXXXXXACCGCCGCCGGGAUCACUCUCGGCAUGGACGAGCUGUA,0.5880191856311868,0,"1.01
AGAGUGAUCCCGGCGGCGG,XXXXXXXXXXXXXXXXXXXCCGCCGCCGGGAUCACUCUCGGCAUGGACGAGCUGUAC,0.2748239616287376,0,"-1.63
GAGAGUGAUCCCGGCGGCG,XXXXXXXXXXXXXXXXXXXCGCCGCCGGGAUCACUCUCGGCAUGGACGAGCUGUACA,0.332380855189305,0,"0.44
CGAGAGUGAUCCCGGCGGC,XXXXXXXXXXXXXXXXXXXGCCGCCGGGAUCACUCUCGGCAUGGACGAGCUGUACAA,0.4833146239412185,0,"-1.06
CCGAGAGUGAUCCCGGCGG,XXXXXXXXXXXXXXXXXXXCCGCCGGGAUCACUCUCGGCAUGGACGAGCUGUACAAG,0.3032962547198694,0,"0.0
GCCGAGAGUGAUCCCGGCG,XXXXXXXXXXXXXXXXXXXCGCCGGGAUCACUCUCGGCAUGGACGAGCUGUACAAGU,0.3210531686906827,0,"1.06
UGCCGAGAGUGAUCCCGGC,XXXXXXXXXXXXXXXXXXXGCCGGGAUCACUCUCGGCAUGGACGAGCUGUACAAGUA,0.1576691499132564,0,"-1.76
AUGCCGAGAGUGAUCCCGG,XXXXXXXXXXXXXXXXXXXCCGGGAUCACUCUCGGCAUGGACGAGCUGUACAAGUAA,0.2564547402796204,0,"-2.16
CAUGCCGAGAGUGAUCCCG,XXXXXXXXXXXXXXXXXXCCGGGAUCACUCUCGGCAUGGACGAGCUGUACAAGUAAX,0.3241147055822023,0,"0.2
CCAUGCCGAGAGUGAUCCC,XXXXXXXXXXXXXXXXXCCGGGAUCACUCUCGGCAUGGACGAGCUGUACAAGUAAXX,0.2486988468211042,0,"0.0
UCCAUGCCGAGAGUGAUCC,XXXXXXXXXXXXXXXXCCGGGAUCACUCUCGGCAUGGACGAGCUGUACAAGUAAXXX,0.6411878763139096,0,"-1.36
GUCCAUGCCGAGAGUGAUC,XXXXXXXXXXXXXXXCCGGGAUCACUCUCGGCAUGGACGAGCUGUACAAGUAAXXXX,0.2659455046433309,0,"-0.11
CGUCCAUGCCGAGAGUGAU,XXXXXXXXXXXXXXCCGGGAUCACUCUCGGCAUGGACGAGCUGUACAAGUAAXXXXX,0.2230839881620573,0,"1.26
UCGUCCAUGCCGAGAGUGA,XXXXXXXXXXXXXCCGGGAUCACUCUCGGCAUGGACGAGCUGUACAAGUAAXXXXXX,0.1160322481885906,0,"0.0
CUCGUCCAUGCCGAGAGUG,XXXXXXXXXXXXCCGGGAUCACUCUCGGCAUGGACGAGCUGUACAAGUAAXXXXXXX,0.2562506378201857,0,"-0.03
GCUCGUCCAUGCCGAGAGU,XXXXXXXXXXXCCGGGAUCACUCUCGGCAUGGACGAGCUGUACAAGUAAXXXXXXXX,0.0932748239616287,0,"1.63
AGCUCGUCCAUGCCGAGAG,XXXXXXXXXXCCGGGAUCACUCUCGGCAUGGACGAGCUGUACAAGUAAXXXXXXXXX,0.6159812225737321,0,"-0.9
CAGCUCGUCCAUGCCGAGA,XXXXXXXXXCCGGGAUCACUCUCGGCAUGGACGAGCUGUACAAGUAAXXXXXXXXXX,0.8479436677211961,1,"0.66
ACAGCUCGUCCAUGCCGAG,XXXXXXXXCCGGGAUCACUCUCGGCAUGGACGAGCUGUACAAGUAAXXXXXXXXXXX,0.3403408511072558,0,"-0.74
UACAGCUCGUCCAUGCCGA,XXXXXXXCCGGGAUCACUCUCGGCAUGGACGAGCUGUACAAGUAAXXXXXXXXXXXX,0.6816001632819677,0,"-0.57
GUACAGCUCGUCCAUGCCG,XXXXXXCCGGGAUCACUCUCGGCAUGGACGAGCUGUACAAGUAAXXXXXXXXXXXXX,0.5791407286457803,0,"0.33
UGUACAGCUCGUCCAUGCC,XXXXXCCGGGAUCACUCUCGGCAUGGACGAGCUGUACAAGUAAXXXXXXXXXXXXXX,0.7517093580977651,1,"-1.6
UUGUACAGCUCGUCCAUGC,XXXXCCGGGAUCACUCUCGGCAUGGACGAGCUGUACAAGUAAXXXXXXXXXXXXXXX,0.7825288294723952,1,"-2.49
CUUGUACAGCUCGUCCAUG,XXXCCGGGAUCACUCUCGGCAUGGACGAGCUGUACAAGUAAXXXXXXXXXXXXXXXX,0.5463822839065211,0,"-0.03
ACUUGUACAGCUCGUCCAU,XXCCGGGAUCACUCUCGGCAUGGACGAGCUGUACAAGUAAXXXXXXXXXXXXXXXXX,0.6983365649556078,0,"0.69
UACUUGUACAGCUCGUCCA,XCCGGGAUCACUCUCGGCAUGGACGAGCUGUACAAGUAAXXXXXXXXXXXXXXXXXX,0.8460046943565671,1,"-0.33
UUACUUGUACAGCUCGUCC,CCGGGAUCACUCUCGGCAUGGACGAGCUGUACAAGUAAXXXXXXXXXXXXXXXXXXX,0.8518216144504541,1,"-2.33
