siRNA,label
CCUCGCCCUUGCUCACCAU,0.5587304827023166
UCCUCGCCCUUGCUCACCA,0.7930401061332789
CUCCUCGCCCUUGCUCACC,0.6139401979793857
GCUCCUCGCCCUUGCUCAC,0.3936115930196959
AGCUCCUCGCCCUUGCUCA,0.6641494030003062
CAGCUCCUCGCCCUUGCUC,0.4546382283906521
ACAGCUCCUCGCCCUUGCU,0.5470966425145424
AACAGCUCCUCGCCCUUGC,0.7719155015817941
GAACAGCUCCUCGCCCUUG,0.4316767017042555
UGAACAGCUCCUCGCCCUU,0.5743443208490663
GUGAACAGCUCCUCGCCCU,0.754872946219002
GGUGAACAGCUCCUCGCCC,0.5352586998673334
CGGUGAACAGCUCCUCGCC,0.3223798346770078
CCGGUGAACAGCUCCUCGC,0.6755791407286459
CCCGGUGAACAGCUCCUCG,0.4008572303296255
CCCCGGUGAACAGCUCCUC,0.124502500255128
ACCCCGGUGAACAGCUCCU,0.5108684559648944
CACCCCGGUGAACAGCUCC,0.6737422185937341
CCACCCCGGUGAACAGCUC,0.5212776813960608
ACCACCCCGGUGAACAGCU,0.6184304520869477
CACCACCCCGGUGAACAGC,0.4940300030615369
GCACCACCCCGGUGAACAG,0.3426880293907541
GGCACCACCCCGGUGAACA,0.5610776609858149
GGGCACCACCCCGGUGAAC,0.3006429227472191
UGGGCACCACCCCGGUGAA,0.2596183284008572
AUGGGCACCACCCCGGUGA,0.4584141238901929
GAUGGGCACCACCCCGGUG,0.3110521481783855
GGAUGGGCACCACCCCGGU,0.289723441167466
AGGAUGGGCACCACCCCGG,0.486376160832738
CAGGAUGGGCACCACCCCG,0.3310541892029799
CCAGGAUGGGCACCACCCC,0.1737932442085927
ACCAGGAUGGGCACCACCC,0.6225125012756404
GACCAGGAUGGGCACCACC,0.4343300336769058
CGACCAGGAUGGGCACCAC,0.2782937034391264
UCGACCAGGAUGGGCACCA,0.5353607510970507
CUCGACCAGGAUGGGCACC,0.3097254821920605
GCUCGACCAGGAUGGGCAC,0.1800183692213491
AGCUCGACCAGGAUGGGCA,0.5531176650678641
CAGCUCGACCAGGAUGGGC,0.4057556893560567
CCAGCUCGACCAGGAUGGG,0.3466680273497295
UCCAGCUCGACCAGGAUGG,0.654148382488009
GUCCAGCUCGACCAGGAUG,0.6049596897642617
CGUCCAGCUCGACCAGGAU,0.3201347076232269
CCGUCCAGCUCGACCAGGA,0.4978058985610777
GCCGUCCAGCUCGACCAGG,0.3463618736605776
CGCCGUCCAGCUCGACCAG,0.3119706092458414
UCGCCGUCCAGCUCGACCA,0.7840595979181549
GUCGCCGUCCAGCUCGACC,0.7300744973976938
CGUCGCCGUCCAGCUCGAC,0.2548219206041432
ACGUCGCCGUCCAGCUCGA,0.2950301051127666
UACGUCGCCGUCCAGCUCG,0.5324012654352486
UUACGUCGCCGUCCAGCUC,0.6049596897642617
UUUACGUCGCCGUCCAGCU,0.4564751505255638
GUUUACGUCGCCGUCCAGC,0.582916624145321
CGUUUACGUCGCCGUCCAG,0.3793244208592713
CCGUUUACGUCGCCGUCCA,0.330441881824676
GCCGUUUACGUCGCCGUCC,0.3578936626186346
GGCCGUUUACGUCGCCGUC,0.4564751505255638
UGGCCGUUUACGUCGCCGU,0.6999693846310849
GUGGCCGUUUACGUCGCCG,0.7239514236146546
UGUGGCCGUUUACGUCGCC,0.4493315644453516
UUGUGGCCGUUUACGUCGC,0.5098479436677212
CUUGUGGCCGUUUACGUCG,0.5905704663741198
ACUUGUGGCCGUUUACGUC,0.5474027962036943
AACUUGUGGCCGUUUACGU,0.5494438207980407
GAACUUGUGGCCGUUUACG,0.6984386161853251
UGAACUUGUGGCCGUUUAC,0.8462087968160017
CUGAACUUGUGGCCGUUUA,0.5635268904990306
GCUGAACUUGUGGCCGUUU,0.4266761914481071
CGCUGAACUUGUGGCCGUU,0.4357587508929483
ACGCUGAACUUGUGGCCGU,0.6946627206857843
CACGCUGAACUUGUGGCCG,0.6507806919073376
ACACGCUGAACUUGUGGCC,0.6042453311562405
GACACGCUGAACUUGUGGC,0.7624247372180835
GGACACGCUGAACUUGUGG,0.8591693029901011
CGGACACGCUGAACUUGUG,0.5750586794570876
CCGGACACGCUGAACUUGU,0.5430145933258497
GCCGGACACGCUGAACUUG,0.5872027757934484
CGCCGGACACGCUGAACUU,0.4125931217471171
UCGCCGGACACGCUGAACU,0.7484437187468108
CUCGCCGGACACGCUGAAC,0.5054597407898765
CCUCGCCGGACACGCUGAA,0.4033064598428412
CCCUCGCCGGACACGCUGA,0.348709051944076
GCCCUCGCCGGACACGCUG,0.5032146137360956
CGCCCUCGCCGGACACGCU,0.5020920502092051
UCGCCCUCGCCGGACACGC,0.3970813348300847
CUCGCCCUCGCCGGACACG,0.3996326155730176
CCUCGCCCUCGCCGGACAC,0.4082049188692724
CCCUCGCCCUCGCCGGACA,0.5237269109092765
GCCCUCGCCCUCGCCGGAC,0.5388304929074396
CGCCCUCGCCCUCGCCGGA,0.4535156648637616
UCGCCCUCGCCCUCGCCGG,0.3548321257271151
AUCGCCCUCGCCCUCGCCG,0.3088070211246045
CAUCGCCCUCGCCCUCGCC,0.3953464639248903
GCAUCGCCCUCGCCCUCGC,0.3413613634044291
GGCAUCGCCCUCGCCCUCG,0.2987039493825901
UGGCAUCGCCCUCGCCCUC,0.3119706092458414
GUGGCAUCGCCCUCGCCCU,0.4055515868966221
GGUGGCAUCGCCCUCGCCC,0.1663435044392285
AGGUGGCAUCGCCCUCGCC,0.4013674864782121
UAGGUGGCAUCGCCCUCGC,0.2910501071537912
GUAGGUGGCAUCGCCCUCG,0.3694254515766915
CGUAGGUGGCAUCGCCCUC,0.3322788039595877
CCGUAGGUGGCAUCGCCCU,0.2516583324829064
GCCGUAGGUGGCAUCGCCC,0.327890601081743
UGCCGUAGGUGGCAUCGCC,0.4970915399530565
UUGCCGUAGGUGGCAUCGC,0.403918767221145
CUUGCCGUAGGUGGCAUCG,0.5552607408919278
GCUUGCCGUAGGUGGCAUC,0.3197265027043576
AGCUUGCCGUAGGUGGCAU,0.4773956526176141
CAGCUUGCCGUAGGUGGCA,0.1966527196652719
UCAGCUUGCCGUAGGUGGC,0.4618838657005817
GUCAGCUUGCCGUAGGUGG,0.5697520155117869
GGUCAGCUUGCCGUAGGUG,0.3545259720379631
GGGUCAGCUUGCCGUAGGU,0.3990203081947138
AGGGUCAGCUUGCCGUAGG,0.6911929788753955
CAGGGUCAGCUUGCCGUAG,0.3141136850699051
UCAGGGUCAGCUUGCCGUA,0.4946423104398408
UUCAGGGUCAGCUUGCCGU,0.7651801204204511
CUUCAGGGUCAGCUUGCCG,0.6588427390550057
ACUUCAGGGUCAGCUUGCC,0.6385345443412593
AACUUCAGGGUCAGCUUGC,0.7105827125216859
GAACUUCAGGGUCAGCUUG,0.7322175732217574
UGAACUUCAGGGUCAGCUU,0.9358097765078072
AUGAACUUCAGGGUCAGCU,0.8910092866619044
GAUGAACUUCAGGGUCAGC,0.7672211450147975
AGAUGAACUUCAGGGUCAG,0.7119093785080112
CAGAUGAACUUCAGGGUCA,0.5111746096540464
GCAGAUGAACUUCAGGGUC,0.4439228492703337
UGCAGAUGAACUUCAGGGU,0.8051842024696398
GUGCAGAUGAACUUCAGGG,0.8063067659965304
GGUGCAGAUGAACUUCAGG,0.695172976834371
UGGUGCAGAUGAACUUCAG,0.6880293907541587
GUGGUGCAGAUGAACUUCA,0.4635166853760588
GGUGGUGCAGAUGAACUUC,0.5413817736503725
CGGUGGUGCAGAUGAACUU,0.5989386672109399
CCGGUGGUGCAGAUGAACU,0.3915705684253495
GCCGGUGGUGCAGAUGAAC,0.1335850596999694
UGCCGGUGGUGCAGAUGAA,0.2221655270946015
UUGCCGGUGGUGCAGAUGA,0.4949484641289928
CUUGCCGGUGGUGCAGAUG,0.4151444024900499
GCUUGCCGGUGGUGCAGAU,0.0612307378303908
AGCUUGCCGGUGGUGCAGA,0.0443922849270333
CAGCUUGCCGGUGGUGCAG,0.3306459842841106
GCAGCUUGCCGGUGGUGCA,0.0389835697520155
GGCAGCUUGCCGGUGGUGC,0.3609551995101541
GGGCAGCUUGCCGGUGGUG,0.212062455352587
CGGGCAGCUUGCCGGUGGU,0.0474538218185529
ACGGGCAGCUUGCCGGUGG,0.3957546688437596
CACGGGCAGCUUGCCGGUG,0.2002245127053781
GCACGGGCAGCUUGCCGGU,0.1718542708439636
GGCACGGGCAGCUUGCCGG,0.4710684763751403
GGGCACGGGCAGCUUGCCG,0.2816613940197979
AGGGCACGGGCAGCUUGCC,0.3128890703132973
CAGGGCACGGGCAGCUUGC,0.5715889376466987
CCAGGGCACGGGCAGCUUG,0.4725992448209001
GCCAGGGCACGGGCAGCUU,0.1839983671803245
GGCCAGGGCACGGGCAGCU,0.0866414940300029
GGGCCAGGGCACGGGCAGC,0.2934993366670069
UGGGCCAGGGCACGGGCAG,0.2693131952240025
GUGGGCCAGGGCACGGGCA,0.2416573119706092
GGUGGGCCAGGGCACGGGC,0.1526686396571079
GGGUGGGCCAGGGCACGGG,0.0853148280436779
AGGGUGGGCCAGGGCACGG,0.0519440759261149
GAGGGUGGGCCAGGGCACG,0.2984998469231554
CGAGGGUGGGCCAGGGCAC,0.0
ACGAGGGUGGGCCAGGGCA,0.0001020512297173
CACGAGGGUGGGCCAGGGC,0.2324727012960506
UCACGAGGGUGGGCCAGGG,0.2582916624145321
GUCACGAGGGUGGGCCAGG,0.3158485559750995
GGUCACGAGGGUGGGCCAG,0.2481885906725176
UGGUCACGAGGGUGGGCCA,0.72793142157363
GUGGUCACGAGGGUGGGCC,0.5200530666394529
GGUGGUCACGAGGGUGGGC,0.4482090009184611
GGGUGGUCACGAGGGUGGG,0.2080824573936116
AGGGUGGUCACGAGGGUGG,0.3463618736605776
CAGGGUGGUCACGAGGGUG,0.270435758750893
UCAGGGUGGUCACGAGGGU,0.3797326257781406
GUCAGGGUGGUCACGAGGG,0.4331054189202979
GGUCAGGGUGGUCACGAGG,0.5177058883559547
AGGUCAGGGUGGUCACGAG,0.5814879069292785
UAGGUCAGGGUGGUCACGA,0.5284212674762732
GUAGGUCAGGGUGGUCACG,0.4808653944280028
CGUAGGUCAGGGUGGUCAC,0.6749668333503419
CCGUAGGUCAGGGUGGUCA,0.4261659352995203
GCCGUAGGUCAGGGUGGUC,0.3065618940708235
CGCCGUAGGUCAGGGUGGU,0.4613736095519951
ACGCCGUAGGUCAGGGUGG,0.5794468823349321
CACGCCGUAGGUCAGGGUG,0.7585467904888255
GCACGCCGUAGGUCAGGGU,0.6849678538626391
UGCACGCCGUAGGUCAGGG,0.5690376569037657
CUGCACGCCGUAGGUCAGG,0.4896418001836922
ACUGCACGCCGUAGGUCAG,0.5749566282273703
CACUGCACGCCGUAGGUCA,0.5914889274415758
GCACUGCACGCCGUAGGUC,0.6137360955199511
AGCACUGCACGCCGUAGGU,0.5682212470660272
AAGCACUGCACGCCGUAGG,0.7152770690886826
GAAGCACUGCACGCCGUAG,0.6091437901826717
UGAAGCACUGCACGCCGUA,0.57648739667313
CUGAAGCACUGCACGCCGU,0.6337381365445455
GCUGAAGCACUGCACGCCG,0.6030207163996327
GGCUGAAGCACUGCACGCC,0.7323196244514747
CGGCUGAAGCACUGCACGC,0.5177058883559547
GCGGCUGAAGCACUGCACG,0.8117154811715482
AGCGGCUGAAGCACUGCAC,0.9209102969690784
UAGCGGCUGAAGCACUGCA,0.8367180324522909
GUAGCGGCUGAAGCACUGC,0.7507908970303092
GGUAGCGGCUGAAGCACUG,0.8291662414532096
GGGUAGCGGCUGAAGCACU,0.8890703132972754
GGGGUAGCGGCUGAAGCAC,0.5923053372793142
CGGGGUAGCGGCUGAAGCA,0.5981222573732013
UCGGGGUAGCGGCUGAAGC,0.7782426778242679
GUCGGGGUAGCGGCUGAAG,0.6132258393713645
GGUCGGGGUAGCGGCUGAA,0.3737116032248188
UGGUCGGGGUAGCGGCUGA,0.5959791815491376
GUGGUCGGGGUAGCGGCUG,0.3811613429941831
UGUGGUCGGGGUAGCGGCU,0.3426880293907541
AUGUGGUCGGGGUAGCGGC,0.4561689968364119
CAUGUGGUCGGGGUAGCGG,0.4528013062557404
UCAUGUGGUCGGGGUAGCG,0.4151444024900499
UUCAUGUGGUCGGGGUAGC,0.4566792529849985
CUUCAUGUGGUCGGGGUAG,0.4048372282886009
GCUUCAUGUGGUCGGGGUA,0.3150321461373609
UGCUUCAUGUGGUCGGGGU,0.6407796713950403
CUGCUUCAUGUGGUCGGGG,0.3337075211756302
GCUGCUUCAUGUGGUCGGG,0.4131033778957036
UGCUGCUUCAUGUGGUCGG,0.5180120420451066
GUGCUGCUUCAUGUGGUCG,0.6366976222063476
CGUGCUGCUUCAUGUGGUC,0.5108684559648944
UCGUGCUGCUUCAUGUGGU,0.7217062965608736
GUCGUGCUGCUUCAUGUGG,0.6854781100112257
AGUCGUGCUGCUUCAUGUG,0.6578222267578324
AAGUCGUGCUGCUUCAUGU,0.844065720991938
GAAGUCGUGCUGCUUCAUG,0.6755791407286459
AGAAGUCGUGCUGCUUCAU,0.6880293907541587
AAGAAGUCGUGCUGCUUCA,0.6485355648535565
GAAGAAGUCGUGCUGCUUC,0.6601694050413308
UGAAGAAGUCGUGCUGCUU,0.5203592203286049
UUGAAGAAGUCGUGCUGCU,0.5402592101234821
CUUGAAGAAGUCGUGCUGC,0.647719155015818
ACUUGAAGAAGUCGUGCUG,0.7938565159710176
GACUUGAAGAAGUCGUGCU,0.7804878048780489
GGACUUGAAGAAGUCGUGC,0.7982447188488622
CGGACUUGAAGAAGUCGUG,0.7731401163384021
GCGGACUUGAAGAAGUCGU,0.5312787019083579
GGCGGACUUGAAGAAGUCG,0.4491274619859169
UGGCGGACUUGAAGAAGUC,0.5794468823349321
AUGGCGGACUUGAAGAAGU,0.6013878967241556
CAUGGCGGACUUGAAGAAG,0.5243392182875805
GCAUGGCGGACUUGAAGAA,0.3181957342585978
GGCAUGGCGGACUUGAAGA,0.4484131033778957
GGGCAUGGCGGACUUGAAG,0.5209715277069089
CGGGCAUGGCGGACUUGAA,0.3813654454536177
UCGGGCAUGGCGGACUUGA,0.4819879579548933
UUCGGGCAUGGCGGACUUG,0.4980100010205123
CUUCGGGCAUGGCGGACUU,0.4166751709358098
CCUUCGGGCAUGGCGGACU,0.4804571895091336
GCCUUCGGGCAUGGCGGAC,0.8837636493519747
AGCCUUCGGGCAUGGCGGA,0.4703541177671191
UAGCCUUCGGGCAUGGCGG,0.6904786202673743
GUAGCCUUCGGGCAUGGCG,0.6319012144096336
CGUAGCCUUCGGGCAUGGC,0.6898663128890703
ACGUAGCCUUCGGGCAUGG,0.5698540667415043
GACGUAGCCUUCGGGCAUG,0.3809572405347484
GGACGUAGCCUUCGGGCAU,0.1800183692213491
UGGACGUAGCCUUCGGGCA,0.5410756199612206
CUGGACGUAGCCUUCGGGC,0.402285947545668
CCUGGACGUAGCCUUCGGG,0.4509643841208287
UCCUGGACGUAGCCUUCGG,0.3868762118583528
CUCCUGGACGUAGCCUUCG,0.4481069496887437
GCUCCUGGACGUAGCCUUC,0.3908562098173282
CGCUCCUGGACGUAGCCUU,0.5182161445045413
GCGCUCCUGGACGUAGCCU,0.4405551586896623
UGCGCUCCUGGACGUAGCC,0.7007857944688234
GUGCGCUCCUGGACGUAGC,0.5859781610368405
GGUGCGCUCCUGGACGUAG,0.4614756607817124
UGGUGCGCUCCUGGACGUA,0.3819777528319216
AUGGUGCGCUCCUGGACGU,0.6918052862536995
GAUGGUGCGCUCCUGGACG,0.5511786917032351
AGAUGGUGCGCUCCUGGAC,0.8065108684559649
AAGAUGGUGCGCUCCUGGA,0.6964996428206961
GAAGAUGGUGCGCUCCUGG,0.5757730380651087
AGAAGAUGGUGCGCUCCUG,0.5796509847943668
AAGAAGAUGGUGCGCUCCU,0.9575466884375956
GAAGAAGAUGGUGCGCUCC,0.6211858352893153
UGAAGAAGAUGGUGCGCUC,0.7411980814368814
UUGAAGAAGAUGGUGCGCU,0.7633431982855393
CUUGAAGAAGAUGGUGCGC,0.5091335850597
CCUUGAAGAAGAUGGUGCG,0.719869374425962
UCCUUGAAGAAGAUGGUGC,0.8079395856720074
GUCCUUGAAGAAGAUGGUG,0.5824063679967344
CGUCCUUGAAGAAGAUGGU,0.6166955811817533
UCGUCCUUGAAGAAGAUGG,0.844065720991938
GUCGUCCUUGAAGAAGAUG,0.4101438922339014
CGUCGUCCUUGAAGAAGAU,0.3844269823451373
CCGUCGUCCUUGAAGAAGA,0.2980916420042862
GCCGUCGUCCUUGAAGAAG,0.3205429125420961
UGCCGUCGUCCUUGAAGAA,0.4563730992958465
UUGCCGUCGUCCUUGAAGA,0.7050719461169508
GUUGCCGUCGUCCUUGAAG,0.5864884171854271
AGUUGCCGUCGUCCUUGAA,0.5506684355546485
UAGUUGCCGUCGUCCUUGA,0.7361975711807328
GUAGUUGCCGUCGUCCUUG,0.4803551382794163
UGUAGUUGCCGUCGUCCUU,0.6470047964077967
UUGUAGUUGCCGUCGUCCU,0.6380242881926728
CUUGUAGUUGCCGUCGUCC,0.5432186957852843
UCUUGUAGUUGCCGUCGUC,0.5903663639146852
GUCUUGUAGUUGCCGUCGU,0.457495662822737
GGUCUUGUAGUUGCCGUCG,0.8210021430758242
GGGUCUUGUAGUUGCCGUC,0.7146647617103786
CGGGUCUUGUAGUUGCCGU,0.7075211756301664
GCGGGUCUUGUAGUUGCCG,0.5061740993978978
CGCGGGUCUUGUAGUUGCC,0.5168894785182162
GCGCGGGUCUUGUAGUUGC,0.4882130829676498
GGCGCGGGUCUUGUAGUUG,0.5450556179201961
CGGCGCGGGUCUUGUAGUU,0.3529952035922033
UCGGCGCGGGUCUUGUAGU,0.5514848453923871
CUCGGCGCGGGUCUUGUAG,0.7633431982855393
CCUCGGCGCGGGUCUUGUA,0.5325033166649659
ACCUCGGCGCGGGUCUUGU,0.6010817430350036
CACCUCGGCGCGGGUCUUG,0.4579038677416063
UCACCUCGGCGCGGGUCUU,0.4854576997652822
UUCACCUCGGCGCGGGUCU,0.8094703541177671
CUUCACCUCGGCGCGGGUC,0.7334421879783652
ACUUCACCUCGGCGCGGGU,0.5862843147259925
AACUUCACCUCGGCGCGGG,0.5607715072966629
GAACUUCACCUCGGCGCGG,0.2870701091948158
CGAACUUCACCUCGGCGCG,0.7817124196346565
UCGAACUUCACCUCGGCGC,0.8923359526482294
CUCGAACUUCACCUCGGCG,0.6796611899173385
CCUCGAACUUCACCUCGGC,0.4832125727115012
CCCUCGAACUUCACCUCGG,0.6644555566894581
GCCCUCGAACUUCACCUCG,0.4093274823961629
CGCCCUCGAACUUCACCUC,0.5933258495764875
UCGCCCUCGAACUUCACCU,0.7760996020002041
GUCGCCCUCGAACUUCACC,0.6953770792938055
UGUCGCCCUCGAACUUCAC,0.7037452801306255
GUGUCGCCCUCGAACUUCA,0.678538626390448
GGUGUCGCCCUCGAACUUC,0.529033574854577
GGGUGUCGCCCUCGAACUU,0.3936115930196959
AGGGUGUCGCCCUCGAACU,0.5480151035819982
CAGGGUGUCGCCCUCGAAC,0.6020002041024595
CCAGGGUGUCGCCCUCGAA,0.2749260128584549
ACCAGGGUGUCGCCCUCGA,0.3327890601081743
CACCAGGGUGUCGCCCUCG,0.2580875599550974
UCACCAGGGUGUCGCCCUC,0.4008572303296255
UUCACCAGGGUGUCGCCCU,0.5670986835391367
GUUCACCAGGGUGUCGCCC,0.4520869476477192
GGUUCACCAGGGUGUCGCC,0.6327176242473722
CGGUUCACCAGGGUGUCGC,0.8261047045616899
GCGGUUCACCAGGGUGUCG,0.3922849270333707
UGCGGUUCACCAGGGUGUC,0.5240330645984285
AUGCGGUUCACCAGGGUGU,0.7718134503520767
GAUGCGGUUCACCAGGGUG,0.6735381161342995
CGAUGCGGUUCACCAGGGU,0.5185222981936933
UCGAUGCGGUUCACCAGGG,0.8455964894376978
CUCGAUGCGGUUCACCAGG,0.654454536177161
GCUCGAUGCGGUUCACCAG,0.5676089396877233
AGCUCGAUGCGGUUCACCA,0.6294519848964181
CAGCUCGAUGCGGUUCACC,0.5892438003877948
UCAGCUCGAUGCGGUUCAC,0.7271150117358914
UUCAGCUCGAUGCGGUUCA,0.7924277987549752
CUUCAGCUCGAUGCGGUUC,0.7083375854679049
CCUUCAGCUCGAUGCGGUU,0.5359730584753547
CCCUUCAGCUCGAUGCGGU,0.7152770690886826
GCCCUUCAGCUCGAUGCGG,0.3827941626696601
UGCCCUUCAGCUCGAUGCG,0.8256964996428208
AUGCCCUUCAGCUCGAUGC,0.853658536585366
GAUGCCCUUCAGCUCGAUG,0.7416062863557507
CGAUGCCCUUCAGCUCGAU,0.4765792427798755
UCGAUGCCCUUCAGCUCGA,0.5308704969894887
GUCGAUGCCCUUCAGCUCG,0.6687417083375855
AGUCGAUGCCCUUCAGCUC,0.6174099397897745
AAGUCGAUGCCCUUCAGCU,0.8165118889682622
GAAGUCGAUGCCCUUCAGC,0.6791509337687519
UGAAGUCGAUGCCCUUCAG,0.7588529441779774
UUGAAGUCGAUGCCCUUCA,0.6535360751097051
CUUGAAGUCGAUGCCCUUC,0.6068986631288907
CCUUGAAGUCGAUGCCCUU,0.4406572099193795
UCCUUGAAGUCGAUGCCCU,0.8158995815899582
CUCCUUGAAGUCGAUGCCC,0.5942443106439432
CCUCCUUGAAGUCGAUGCC,0.8471272578834577
UCCUCCUUGAAGUCGAUGC,0.9378508011021534
GUCCUCCUUGAAGUCGAUG,0.5279110113276865
CGUCCUCCUUGAAGUCGAU,0.1996122053270742
CCGUCCUCCUUGAAGUCGA,0.451066435350546
GCCGUCCUCCUUGAAGUCG,0.4303500357179304
UGCCGUCCUCCUUGAAGUC,0.5478110011225635
UUGCCGUCCUCCUUGAAGU,0.8853964690274521
GUUGCCGUCCUCCUUGAAG,0.6413919787733443
UGUUGCCGUCCUCCUUGAA,0.6959893866721095
AUGUUGCCGUCCUCCUUGA,0.9260128584549444
GAUGUUGCCGUCCUCCUUG,0.7293601387896724
GGAUGUUGCCGUCCUCCUU,0.3161547096642514
AGGAUGUUGCCGUCCUCCU,0.6997652821716501
CAGGAUGUUGCCGUCCUCC,0.4155526074089193
CCAGGAUGUUGCCGUCCUC,0.1554240228594754
CCCAGGAUGUUGCCGUCCU,0.8226349627513012
CCCCAGGAUGUUGCCGUCC,0.8333503418716196
GCCCCAGGAUGUUGCCGUC,0.2881926727217063
UGCCCCAGGAUGUUGCCGU,0.8588631493009491
GUGCCCCAGGAUGUUGCCG,0.5648535564853557
UGUGCCCCAGGAUGUUGCC,0.6998673334013675
UUGUGCCCCAGGAUGUUGC,0.8616185325033168
CUUGUGCCCCAGGAUGUUG,0.7854883151341974
GCUUGUGCCCCAGGAUGUU,0.4027962036942545
AGCUUGUGCCCCAGGAUGU,0.5664863761608327
CAGCUUGUGCCCCAGGAUG,0.4604551484845392
CCAGCUUGUGCCCCAGGAU,0.3357485457699765
UCCAGCUUGUGCCCCAGGA,0.6596591488927442
CUCCAGCUUGUGCCCCAGG,0.2725788345749566
ACUCCAGCUUGUGCCCCAG,0.9273395244412695
UACUCCAGCUUGUGCCCCA,0.6622104296356771
GUACUCCAGCUUGUGCCCC,0.5184202469639759
UGUACUCCAGCUUGUGCCC,0.906623124808654
UUGUACUCCAGCUUGUGCC,0.9179508113072764
GUUGUACUCCAGCUUGUGC,0.8767221145014797
AGUUGUACUCCAGCUUGUG,0.7497703847331361
UAGUUGUACUCCAGCUUGU,0.7925298499846923
GUAGUUGUACUCCAGCUUG,0.7919175426063884
UGUAGUUGUACUCCAGCUU,0.7569139708133483
UUGUAGUUGUACUCCAGCU,0.8326359832635984
GUUGUAGUUGUACUCCAGC,0.7142565567915093
UGUUGUAGUUGUACUCCAG,0.7785488315134198
CUGUUGUAGUUGUACUCCA,0.5741402183896316
GCUGUUGUAGUUGUACUCC,0.7553832023675885
GGCUGUUGUAGUUGUACUC,0.8707010919481579
UGGCUGUUGUAGUUGUACU,0.8282477803857536
GUGGCUGUUGUAGUUGUAC,0.7737524237167057
UGUGGCUGUUGUAGUUGUA,0.7063986121032759
UUGUGGCUGUUGUAGUUGU,0.7143586080212267
GUUGUGGCUGUUGUAGUUG,0.6956832329829575
CGUUGUGGCUGUUGUAGUU,0.6992550260230636
ACGUUGUGGCUGUUGUAGU,0.9324420859271356
GACGUUGUGGCUGUUGUAG,0.8728441677722217
AGACGUUGUGGCUGUUGUA,0.8093683028880498
UAGACGUUGUGGCUGUUGU,0.9379528523318706
AUAGACGUUGUGGCUGUUG,0.7993672823757527
UAUAGACGUUGUGGCUGUU,0.74619859169303
AUAUAGACGUUGUGGCUGU,0.7586488417185427
GAUAUAGACGUUGUGGCUG,0.734666802734973
UGAUAUAGACGUUGUGGCU,0.7742626798652925
AUGAUAUAGACGUUGUGGC,0.9866312889070314
CAUGAUAUAGACGUUGUGG,0.8974385141340954
CCAUGAUAUAGACGUUGUG,0.6591488927441577
GCCAUGAUAUAGACGUUGU,0.2804367792631901
GGCCAUGAUAUAGACGUUG,0.5409735687315033
CGGCCAUGAUAUAGACGUU,0.3428921318501888
UCGGCCAUGAUAUAGACGU,0.7010919481579754
GUCGGCCAUGAUAUAGACG,0.566894581079702
UGUCGGCCAUGAUAUAGAC,0.4464741300132667
UUGUCGGCCAUGAUAUAGA,0.7112970711297072
CUUGUCGGCCAUGAUAUAG,0.6174099397897745
GCUUGUCGGCCAUGAUAUA,0.3476885396469028
UGCUUGUCGGCCAUGAUAU,0.8728441677722217
CUGCUUGUCGGCCAUGAUA,0.6232268598836617
UCUGCUUGUCGGCCAUGAU,0.6742524747423206
UUCUGCUUGUCGGCCAUGA,0.743953464639249
CUUCUGCUUGUCGGCCAUG,0.3879987753852434
UCUUCUGCUUGUCGGCCAU,0.6374119808143689
UUCUUCUGCUUGUCGGCCA,0.8384529033574855
GUUCUUCUGCUUGUCGGCC,0.6454740279620369
CGUUCUUCUGCUUGUCGGC,0.9262169609143792
CCGUUCUUCUGCUUGUCGG,0.8561077660985815
GCCGUUCUUCUGCUUGUCG,0.7760996020002041
UGCCGUUCUUCUGCUUGUC,0.8598836615981224
AUGCCGUUCUUCUGCUUGU,0.7437493621798142
GAUGCCGUUCUUCUGCUUG,0.7374221859373407
UGAUGCCGUUCUUCUGCUU,0.805592407388509
UUGAUGCCGUUCUUCUGCU,0.7469129503010512
CUUGAUGCCGUUCUUCUGC,0.6342483926931319
CCUUGAUGCCGUUCUUCUG,0.7479334625982245
ACCUUGAUGCCGUUCUUCU,0.841514440249005
CACCUUGAUGCCGUUCUUC,0.6983365649556078
UCACCUUGAUGCCGUUCUU,0.7206857842637004
UUCACCUUGAUGCCGUUCU,0.9334625982243088
GUUCACCUUGAUGCCGUUC,0.7580365343402389
AGUUCACCUUGAUGCCGUU,0.6046535360751097
AAGUUCACCUUGAUGCCGU,0.8880498010001021
GAAGUUCACCUUGAUGCCG,0.7206857842637004
UGAAGUUCACCUUGAUGCC,0.959893866721094
UUGAAGUUCACCUUGAUGC,0.924890294928054
CUUGAAGUUCACCUUGAUG,0.8725380140830697
UCUUGAAGUUCACCUUGAU,0.7872231860393918
AUCUUGAAGUUCACCUUGA,0.9799979589754058
GAUCUUGAAGUUCACCUUG,0.956322073680988
GGAUCUUGAAGUUCACCUU,0.9578528421267476
CGGAUCUUGAAGUUCACCU,0.951831819573426
GCGGAUCUUGAAGUUCACC,0.7408919277477294
GGCGGAUCUUGAAGUUCAC,0.5792427798754975
UGGCGGAUCUUGAAGUUCA,0.7969180528625371
GUGGCGGAUCUUGAAGUUC,0.7658944790284723
UGUGGCGGAUCUUGAAGUU,0.6715991427696705
UUGUGGCGGAUCUUGAAGU,0.8626390448004899
GUUGUGGCGGAUCUUGAAG,0.7043575875089295
UGUUGUGGCGGAUCUUGAA,0.8356975201551179
AUGUUGUGGCGGAUCUUGA,0.8165118889682622
GAUGUUGUGGCGGAUCUUG,0.5880191856311868
CGAUGUUGUGGCGGAUCUU,0.6348607000714359
UCGAUGUUGUGGCGGAUCU,0.8189611184814778
CUCGAUGUUGUGGCGGAUC,0.5910807225227065
CCUCGAUGUUGUGGCGGAU,0.3751403204408613
UCCUCGAUGUUGUGGCGGA,0.7936524135115828
GUCCUCGAUGUUGUGGCGG,0.2981936932340034
CGUCCUCGAUGUUGUGGCG,0.3715685274007552
CCGUCCUCGAUGUUGUGGC,0.7494642310439841
GCCGUCCUCGAUGUUGUGG,0.5148484539238698
UGCCGUCCUCGAUGUUGUG,0.4343300336769058
CUGCCGUCCUCGAUGUUGU,0.5078069190733748
GCUGCCGUCCUCGAUGUUG,0.4191244004490254
CGCUGCCGUCCUCGAUGUU,0.225227063986121
ACGCUGCCGUCCUCGAUGU,0.4763751403204408
CACGCUGCCGUCCUCGAUG,0.5669966323094194
GCACGCUGCCGUCCUCGAU,0.3051331768547811
UGCACGCUGCCGUCCUCGA,0.3821818552913563
CUGCACGCUGCCGUCCUCG,0.281049086641494
GCUGCACGCUGCCGUCCUC,0.2052250229615267
AGCUGCACGCUGCCGUCCU,0.2676803755485253
GAGCUGCACGCUGCCGUCC,0.4078987651801204
CGAGCUGCACGCUGCCGUC,0.3109500969486682
GCGAGCUGCACGCUGCCGU,0.321767527298704
GGCGAGCUGCACGCUGCCG,0.2844167772221656
CGGCGAGCUGCACGCUGCC,0.1591999183590162
UCGGCGAGCUGCACGCUGC,0.4669864271864476
GUCGGCGAGCUGCACGCUG,0.3114603530972548
GGUCGGCGAGCUGCACGCU,0.3699357077252781
UGGUCGGCGAGCUGCACGC,0.6342483926931319
GUGGUCGGCGAGCUGCACG,0.5557709970405144
AGUGGUCGGCGAGCUGCAC,0.5808755995509747
UAGUGGUCGGCGAGCUGCA,0.5756709868353914
GUAGUGGUCGGCGAGCUGC,0.5227063986121033
GGUAGUGGUCGGCGAGCUG,0.5095417899785692
UGGUAGUGGUCGGCGAGCU,0.6596591488927442
CUGGUAGUGGUCGGCGAGC,0.3508521277681397
GCUGGUAGUGGUCGGCGAG,0.3297275232166548
UGCUGGUAGUGGUCGGCGA,0.7564037146647619
CUGCUGGUAGUGGUCGGCG,0.3944280028574344
UCUGCUGGUAGUGGUCGGC,0.5989386672109399
UUCUGCUGGUAGUGGUCGG,0.7981426676191448
GUUCUGCUGGUAGUGGUCG,0.5862843147259925
UGUUCUGCUGGUAGUGGUC,0.7941626696601694
GUGUUCUGCUGGUAGUGGU,0.8083477905908766
GGUGUUCUGCUGGUAGUGG,0.5368915195428106
GGGUGUUCUGCUGGUAGUG,0.4763751403204408
GGGGUGUUCUGCUGGUAGU,0.383712623737116
GGGGGUGUUCUGCUGGUAG,0.5415858761098071
UGGGGGUGUUCUGCUGGUA,0.6590468415144403
AUGGGGGUGUUCUGCUGGU,0.5707725278089602
GAUGGGGGUGUUCUGCUGG,0.385957750790897
CGAUGGGGGUGUUCUGCUG,0.3111541994081028
CCGAUGGGGGUGUUCUGCU,0.2939075415858761
GCCGAUGGGGGUGUUCUGC,0.3002347178283499
CGCCGAUGGGGGUGUUCUG,0.5418920297989591
UCGCCGAUGGGGGUGUUCU,0.5779161138891724
GUCGCCGAUGGGGGUGUUC,0.3451372589039698
CGUCGCCGAUGGGGGUGUU,0.189305031125625
CCGUCGCCGAUGGGGGUGU,0.2123686090417389
GCCGUCGCCGAUGGGGGUG,0.1976732319624451
GGCCGUCGCCGAUGGGGGU,0.3700377589549954
GGGCCGUCGCCGAUGGGGG,0.1781814470864374
GGGGCCGUCGCCGAUGGGG,0.1308296764976018
CGGGGCCGUCGCCGAUGGG,0.0385753648331462
ACGGGGCCGUCGCCGAUGG,0.1041943055413817
CACGGGGCCGUCGCCGAUG,0.3406470047964078
GCACGGGGCCGUCGCCGAU,0.3648331462394122
AGCACGGGGCCGUCGCCGA,0.290641902234922
CAGCACGGGGCCGUCGCCG,0.3580977650780692
GCAGCACGGGGCCGUCGCC,0.1925706704765792
AGCAGCACGGGGCCGUCGC,0.4290233697316052
CAGCAGCACGGGGCCGUCG,0.4126951729768344
GCAGCAGCACGGGGCCGUC,0.2699255026023063
GGCAGCAGCACGGGGCCGU,0.2001224614756608
GGGCAGCAGCACGGGGCCG,0.1432799265231146
CGGGCAGCAGCACGGGGCC,0.2157362996224104
UCGGGCAGCAGCACGGGGC,0.3726910909276457
GUCGGGCAGCAGCACGGGG,0.4928053883049291
UGUCGGGCAGCAGCACGGG,0.3934074905602612
UUGUCGGGCAGCAGCACGG,0.7875293397285438
GUUGUCGGGCAGCAGCACG,0.8151852229819371
GGUUGUCGGGCAGCAGCAC,0.6374119808143689
UGGUUGUCGGGCAGCAGCA,0.8861108276354731
GUGGUUGUCGGGCAGCAGC,0.7436473109500971
AGUGGUUGUCGGGCAGCAG,0.5531176650678641
UAGUGGUUGUCGGGCAGCA,0.5788345749566283
GUAGUGGUUGUCGGGCAGC,0.5146443514644352
GGUAGUGGUUGUCGGGCAG,0.5234207572201245
AGGUAGUGGUUGUCGGGCA,0.6227166037350751
CAGGUAGUGGUUGUCGGGC,0.5374017756913971
UCAGGUAGUGGUUGUCGGG,0.8361057250739873
CUCAGGUAGUGGUUGUCGG,0.9223390141851208
GCUCAGGUAGUGGUUGUCG,0.4711705276048576
UGCUCAGGUAGUGGUUGUC,0.5347484437187469
GUGCUCAGGUAGUGGUUGU,0.6416981324624963
GGUGCUCAGGUAGUGGUUG,0.4148382488008981
GGGUGCUCAGGUAGUGGUU,0.8119195836309828
UGGGUGCUCAGGUAGUGGU,1.0
CUGGGUGCUCAGGUAGUGG,0.7739565261761405
ACUGGGUGCUCAGGUAGUG,0.5238289621389938
GACUGGGUGCUCAGGUAGU,0.3763649351974691
GGACUGGGUGCUCAGGUAG,0.6845596489437697
CGGACUGGGUGCUCAGGUA,0.6600673538116135
GCGGACUGGGUGCUCAGGU,0.7139504031023574
GGCGGACUGGGUGCUCAGG,0.4145320951117461
GGGCGGACUGGGUGCUCAG,0.4281049086641494
AGGGCGGACUGGGUGCUCA,0.5081130727625268
CAGGGCGGACUGGGUGCUC,0.4580059189713236
UCAGGGCGGACUGGGUGCU,0.4409633636085315
CUCAGGGCGGACUGGGUGC,0.6614960710276558
GCUCAGGGCGGACUGGGUG,0.5268904990305133
UGCUCAGGGCGGACUGGGU,0.5291356260842943
UUGCUCAGGGCGGACUGGG,0.3477905908766199
UUUGCUCAGGGCGGACUGG,0.7528319216246556
CUUUGCUCAGGGCGGACUG,0.7940606184304522
UCUUUGCUCAGGGCGGACU,0.8562098173282989
GUCUUUGCUCAGGGCGGAC,0.8223288090621492
GGUCUUUGCUCAGGGCGGA,0.5605674048372283
GGGUCUUUGCUCAGGGCGG,0.4591284824982141
GGGGUCUUUGCUCAGGGCG,0.6078171241963466
UGGGGUCUUUGCUCAGGGC,0.5348504949484642
UUGGGGUCUUUGCUCAGGG,0.8204918869272376
GUUGGGGUCUUUGCUCAGG,0.5999591795081131
CGUUGGGGUCUUUGCUCAG,0.5119910194917849
UCGUUGGGGUCUUUGCUCA,0.8274313705480152
CUCGUUGGGGUCUUUGCUC,0.8127359934687214
UCUCGUUGGGGUCUUUGCU,0.8405959791815493
UUCUCGUUGGGGUCUUUGC,0.9398918256964996
CUUCUCGUUGGGGUCUUUG,0.7297683437085418
GCUUCUCGUUGGGGUCUUU,0.149198897846719
CGCUUCUCGUUGGGGUCUU,0.1156240432697214
GCGCUUCUCGUUGGGGUCU,0.1757322175732217
CGCGCUUCUCGUUGGGGUC,0.3248290641902235
UCGCGCUUCUCGUUGGGGU,0.8637616083273804
AUCGCGCUUCUCGUUGGGG,0.8637616083273804
GAUCGCGCUUCUCGUUGGG,0.7593632003265639
UGAUCGCGCUUCUCGUUGG,0.8565159710174509
GUGAUCGCGCUUCUCGUUG,0.8033472803347281
UGUGAUCGCGCUUCUCGUU,0.7925298499846923
AUGUGAUCGCGCUUCUCGU,0.8493723849372385
CAUGUGAUCGCGCUUCUCG,0.8429431574650474
CCAUGUGAUCGCGCUUCUC,0.5995509745892439
ACCAUGUGAUCGCGCUUCU,0.4856618022247169
GACCAUGUGAUCGCGCUUC,0.6237371160322482
GGACCAUGUGAUCGCGCUU,0.4416777222165527
AGGACCAUGUGAUCGCGCU,0.6299622410450046
CAGGACCAUGUGAUCGCGC,0.4839269313195224
GCAGGACCAUGUGAUCGCG,0.2970711297071129
AGCAGGACCAUGUGAUCGC,0.3944280028574344
CAGCAGGACCAUGUGAUCG,0.5157669149913257
CCAGCAGGACCAUGUGAUC,0.6419022349219309
UCCAGCAGGACCAUGUGAU,0.7801816511888969
CUCCAGCAGGACCAUGUGA,0.3698336564955608
ACUCCAGCAGGACCAUGUG,0.8043677926319012
AACUCCAGCAGGACCAUGU,0.5754668843759567
GAACUCCAGCAGGACCAUG,0.7337483416675172
CGAACUCCAGCAGGACCAU,0.3146239412184917
ACGAACUCCAGCAGGACCA,0.8791713440146955
CACGAACUCCAGCAGGACC,0.7606898663128892
UCACGAACUCCAGCAGGAC,0.4501479742830901
GUCACGAACUCCAGCAGGA,0.8698846821104195
GGUCACGAACUCCAGCAGG,0.5375038269211144
CGGUCACGAACUCCAGCAG,0.7728339626492501
GCGGUCACGAACUCCAGCA,0.3764669864271864
GGCGGUCACGAACUCCAGC,0.3158485559750995
CGGCGGUCACGAACUCCAG,0.4057556893560567
GCGGCGGUCACGAACUCCA,0.3357485457699765
GGCGGCGGUCACGAACUCC,0.4096336360853149
CGGCGGCGGUCACGAACUC,0.2888049801000102
CCGGCGGCGGUCACGAACU,0.3061536891519543
CCCGGCGGCGGUCACGAAC,0.3415654658638636
UCCCGGCGGCGGUCACGAA,0.2972752321665476
AUCCCGGCGGCGGUCACGA,0.3545259720379631
GAUCCCGGCGGCGGUCACG,0.2578834574956628
UGAUCCCGGCGGCGGUCAC,0.7101745076028168
GUGAUCCCGGCGGCGGUCA,0.1468517195632207
AGUGAUCCCGGCGGCGGUC,0.3115624043269722
GAGUGAUCCCGGCGGCGGU,0.5880191856311868
AGAGUGAUCCCGGCGGCGG,0.2748239616287376
GAGAGUGAUCCCGGCGGCG,0.332380855189305
CGAGAGUGAUCCCGGCGGC,0.4833146239412185
CCGAGAGUGAUCCCGGCGG,0.3032962547198694
GCCGAGAGUGAUCCCGGCG,0.3210531686906827
UGCCGAGAGUGAUCCCGGC,0.1576691499132564
AUGCCGAGAGUGAUCCCGG,0.2564547402796204
CAUGCCGAGAGUGAUCCCG,0.3241147055822023
CCAUGCCGAGAGUGAUCCC,0.2486988468211042
UCCAUGCCGAGAGUGAUCC,0.6411878763139096
GUCCAUGCCGAGAGUGAUC,0.2659455046433309
CGUCCAUGCCGAGAGUGAU,0.2230839881620573
UCGUCCAUGCCGAGAGUGA,0.1160322481885906
CUCGUCCAUGCCGAGAGUG,0.2562506378201857
GCUCGUCCAUGCCGAGAGU,0.0932748239616287
AGCUCGUCCAUGCCGAGAG,0.6159812225737321
CAGCUCGUCCAUGCCGAGA,0.8479436677211961
ACAGCUCGUCCAUGCCGAG,0.3403408511072558
UACAGCUCGUCCAUGCCGA,0.6816001632819677
GUACAGCUCGUCCAUGCCG,0.5791407286457803
UGUACAGCUCGUCCAUGCC,0.7517093580977651
UUGUACAGCUCGUCCAUGC,0.7825288294723952
CUUGUACAGCUCGUCCAUG,0.5463822839065211
ACUUGUACAGCUCGUCCAU,0.6983365649556078
UACUUGUACAGCUCGUCCA,0.8460046943565671
UUACUUGUACAGCUCGUCC,0.8518216144504541