uid,row_id,dataset,source_file,sirna_id,family,group_id,guide,target,mRNA,label,mismatch_count,declared_mismatch_count,annotation_raw,annotation_positions,verified_positions,verified_types,guide_offset,window_offset,mRNA_window_offset,repair_note,declared_vs_verified_ok,model_eligible_v2
Ohnishi_2008|1,1,Ohnishi_2008,Ohnishi_2008_78_mutated_siRNA_normalized.csv,siPrnp102(T9),siPrnp102(T9),Ohnishi_2008|siPrnp102(T9),UGGCUUACUCAGCUUGUUC,GAACAAGCUGAGUAAGCCA,GUGGCACCCACAGUCAGUGGAACAAGCUGAGUAAGCCAAAAACCAACAUGAAGCACA,1.0,0,0,0,[],[],[],0,19,19,annotation_unparsed_use_sequence,True,True
Ohnishi_2008|2,2,Ohnishi_2008,Ohnishi_2008_78_mutated_siRNA_normalized.csv,siPrnp102(T9)-5U,siPrnp102(T9),Ohnishi_2008|siPrnp102(T9),UGGCUUACUCAGCUAGUUC,GAACAAGCUGAGUAAGCCA,GUGGCACCCACAGUCAGUGGAACAAGCUGAGUAAGCCAAAAACCAACAUGAAGCACA,0.989555,1,1,A:A(15),[15],[15],"[""A:A""]",0,19,19,,True,True
Ohnishi_2008|3,3,Ohnishi_2008,Ohnishi_2008_78_mutated_siRNA_normalized.csv,siPrnp102(T9)-6U,siPrnp102(T9),Ohnishi_2008|siPrnp102(T9),UGGCUUACUCAGCAUGUUC,GAACAAGCUGAGUAAGCCA,GUGGCACCCACAGUCAGUGGAACAAGCUGAGUAAGCCAAAAACCAACAUGAAGCACA,0.940627,1,1,A:A(14),[14],[14],"[""A:A""]",0,19,19,,True,True
Ohnishi_2008|4,4,Ohnishi_2008,Ohnishi_2008_78_mutated_siRNA_normalized.csv,siPrnp102(T9)-7C,siPrnp102(T9),Ohnishi_2008|siPrnp102(T9),UGGCUUACUCAGGUUGUUC,GAACAAGCUGAGUAAGCCA,GUGGCACCCACAGUCAGUGGAACAAGCUGAGUAAGCCAAAAACCAACAUGAAGCACA,0.942276,1,1,G:G(13),[13],[13],"[""G:G""]",0,19,19,,True,True
Ohnishi_2008|5,5,Ohnishi_2008,Ohnishi_2008_78_mutated_siRNA_normalized.csv,siPrnp102(T9)-12C,siPrnp102(T9),Ohnishi_2008|siPrnp102(T9),UGGCUUAGUCAGCUUGUUC,GAACAAGCUGAGUAAGCCA,GUGGCACCCACAGUCAGUGGAACAAGCUGAGUAAGCCAAAAACCAACAUGAAGCACA,0.97746,1,1,G:G(8),[8],[8],"[""G:G""]",0,19,19,,True,True
Ohnishi_2008|6,6,Ohnishi_2008,Ohnishi_2008_78_mutated_siRNA_normalized.csv,siPrnp102(T9)-13A,siPrnp102(T9),Ohnishi_2008|siPrnp102(T9),UGGCUUUCUCAGCUUGUUC,GAACAAGCUGAGUAAGCCA,GUGGCACCCACAGUCAGUGGAACAAGCUGAGUAAGCCAAAAACCAACAUGAAGCACA,0.988455,1,1,U:U(7),[7],[7],"[""U:U""]",0,19,19,,True,True
Ohnishi_2008|7,7,Ohnishi_2008,Ohnishi_2008_78_mutated_siRNA_normalized.csv,siPrnp102(T9)-14U,siPrnp102(T9),Ohnishi_2008|siPrnp102(T9),UGGCUAACUCAGCUUGUUC,GAACAAGCUGAGUAAGCCA,GUGGCACCCACAGUCAGUGGAACAAGCUGAGUAAGCCAAAAACCAACAUGAAGCACA,0.987356,1,1,A:A(6),[6],[6],"[""A:A""]",0,19,19,,True,True
Ohnishi_2008|8,8,Ohnishi_2008,Ohnishi_2008_78_mutated_siRNA_normalized.csv,siPrnp102(T9)-15U,siPrnp102(T9),Ohnishi_2008|siPrnp102(T9),UGGCAUACUCAGCUUGUUC,GAACAAGCUGAGUAAGCCA,GUGGCACCCACAGUCAGUGGAACAAGCUGAGUAAGCCAAAAACCAACAUGAAGCACA,0.995602,1,1,A:A(5),[5],[5],"[""A:A""]",0,19,19,,True,True
Ohnishi_2008|9,9,Ohnishi_2008,Ohnishi_2008_78_mutated_siRNA_normalized.csv,siPrnp102(T9)-16C,siPrnp102(T9),Ohnishi_2008|siPrnp102(T9),UGGGUUACUCAGCUUGUUC,GAACAAGCUGAGUAAGCCA,GUGGCACCCACAGUCAGUGGAACAAGCUGAGUAAGCCAAAAACCAACAUGAAGCACA,0.93293,1,1,G:G(4),[4],[4],"[""G:G""]",0,19,19,,True,True
Ohnishi_2008|10,10,Ohnishi_2008,Ohnishi_2008_78_mutated_siRNA_normalized.csv,siPrnp102(T9)-17G,siPrnp102(T9),Ohnishi_2008|siPrnp102(T9),UGCCUUACUCAGCUUGUUC,GAACAAGCUGAGUAAGCCA,GUGGCACCCACAGUCAGUGGAACAAGCUGAGUAAGCCAAAAACCAACAUGAAGCACA,0.982958,1,1,C:C(3),[3],[3],"[""C:C""]",0,19,19,,True,True
Ohnishi_2008|11,11,Ohnishi_2008,Ohnishi_2008_78_mutated_siRNA_normalized.csv,siPrnp102(T9),siPrnp102(T9),Ohnishi_2008|siPrnp102(T9),UGGCUUACUCAGCUUGUUC,GAACAAGCCGAGUAAGCCA,GUGGCACCCACAGUCAGUGGAACAAGCCGAGUAAGCCAAAAACCAACAUGAAGCACA,0.885102,1,1,A:G(11),[11],[11],"[""A:C""]",0,19,19,,True,True
Ohnishi_2008|12,12,Ohnishi_2008,Ohnishi_2008_78_mutated_siRNA_normalized.csv,siPrnp102(T9)-5U,siPrnp102(T9),Ohnishi_2008|siPrnp102(T9),UGGCUUACUCAGCUAGUUC,GAACAAGCCGAGUAAGCCA,GUGGCACCCACAGUCAGUGGAACAAGCCGAGUAAGCCAAAAACCAACAUGAAGCACA,0.747664,2,2,A:A(15)/A:G(11),"[11, 15]","[11, 15]","[""A:C"", ""A:A""]",0,19,19,,True,True
Ohnishi_2008|13,13,Ohnishi_2008,Ohnishi_2008_78_mutated_siRNA_normalized.csv,siPrnp102(T9)-6U,siPrnp102(T9),Ohnishi_2008|siPrnp102(T9),UGGCUUACUCAGCAUGUUC,GAACAAGCCGAGUAAGCCA,GUGGCACCCACAGUCAGUGGAACAAGCCGAGUAAGCCAAAAACCAACAUGAAGCACA,0.687191,2,2,A:A(14)/A:G(11),"[11, 14]","[11, 14]","[""A:C"", ""A:A""]",0,19,19,,True,True
Ohnishi_2008|14,14,Ohnishi_2008,Ohnishi_2008_78_mutated_siRNA_normalized.csv,siPrnp102(T9)-7C,siPrnp102(T9),Ohnishi_2008|siPrnp102(T9),UGGCUUACUCAGGUUGUUC,GAACAAGCCGAGUAAGCCA,GUGGCACCCACAGUCAGUGGAACAAGCCGAGUAAGCCAAAAACCAACAUGAAGCACA,0.685542,2,2,G:G(13)/A:G(11),"[11, 13]","[11, 13]","[""A:C"", ""G:G""]",0,19,19,,True,True
Ohnishi_2008|15,15,Ohnishi_2008,Ohnishi_2008_78_mutated_siRNA_normalized.csv,siPrnp102(T9)-12C,siPrnp102(T9),Ohnishi_2008|siPrnp102(T9),UGGCUUAGUCAGCUUGUUC,GAACAAGCCGAGUAAGCCA,GUGGCACCCACAGUCAGUGGAACAAGCCGAGUAAGCCAAAAACCAACAUGAAGCACA,0.443101,2,2,G:G(8)/A:G(11),"[8, 11]","[8, 11]","[""G:G"", ""A:C""]",0,19,19,,True,True
Ohnishi_2008|16,16,Ohnishi_2008,Ohnishi_2008_78_mutated_siRNA_normalized.csv,siPrnp102(T9)-13A,siPrnp102(T9),Ohnishi_2008|siPrnp102(T9),UGGCUUUCUCAGCUUGUUC,GAACAAGCCGAGUAAGCCA,GUGGCACCCACAGUCAGUGGAACAAGCCGAGUAAGCCAAAAACCAACAUGAAGCACA,0.566245,2,2,U:U(7)/A:G(11),"[7, 11]","[7, 11]","[""U:U"", ""A:C""]",0,19,19,,True,True
Ohnishi_2008|17,17,Ohnishi_2008,Ohnishi_2008_78_mutated_siRNA_normalized.csv,siPrnp102(T9)-14U,siPrnp102(T9),Ohnishi_2008|siPrnp102(T9),UGGCUAACUCAGCUUGUUC,GAACAAGCCGAGUAAGCCA,GUGGCACCCACAGUCAGUGGAACAAGCCGAGUAAGCCAAAAACCAACAUGAAGCACA,0.391424,2,2,A:A(6)/A:G(11),"[6, 11]","[6, 11]","[""A:A"", ""A:C""]",0,19,19,,True,True
Ohnishi_2008|18,18,Ohnishi_2008,Ohnishi_2008_78_mutated_siRNA_normalized.csv,siPrnp102(T9)-15U,siPrnp102(T9),Ohnishi_2008|siPrnp102(T9),UGGCAUACUCAGCUUGUUC,GAACAAGCCGAGUAAGCCA,GUGGCACCCACAGUCAGUGGAACAAGCCGAGUAAGCCAAAAACCAACAUGAAGCACA,0.678944,2,2,A:A(5)/A:G(11),"[5, 11]","[5, 11]","[""A:A"", ""A:C""]",0,19,19,,True,True
Ohnishi_2008|19,19,Ohnishi_2008,Ohnishi_2008_78_mutated_siRNA_normalized.csv,siPrnp102(T9)-16C,siPrnp102(T9),Ohnishi_2008|siPrnp102(T9),UGGGUUACUCAGCUUGUUC,GAACAAGCCGAGUAAGCCA,GUGGCACCCACAGUCAGUGGAACAAGCCGAGUAAGCCAAAAACCAACAUGAAGCACA,0.534909,2,2,G:G(4)/A:G(11),"[4, 11]","[4, 11]","[""G:G"", ""A:C""]",0,19,19,,True,True
Ohnishi_2008|20,20,Ohnishi_2008,Ohnishi_2008_78_mutated_siRNA_normalized.csv,siPrnp102(T9)-17G,siPrnp102(T9),Ohnishi_2008|siPrnp102(T9),UGCCUUACUCAGCUUGUUC,GAACAAGCCGAGUAAGCCA,GUGGCACCCACAGUCAGUGGAACAAGCCGAGUAAGCCAAAAACCAACAUGAAGCACA,0.431006,2,2,C:C(3)/A:G(11),"[3, 11]","[3, 11]","[""C:C"", ""A:C""]",0,19,19,,True,True
Ohnishi_2008|21,21,Ohnishi_2008,Ohnishi_2008_78_mutated_siRNA_normalized.csv,siPrnp105(T10),siPrnp105(T10),Ohnishi_2008|siPrnp105(T10),UUGGUUUUUAGCUUACUCG,CGAGUAAGCUAAAAACCAA,CACAGUCAGUGGAACAAGCCGAGUAAGCUAAAAACCAACAUGAAGCACAUGGCUGGU,0.997801,0,0,0,[],[],[],0,19,19,annotation_unparsed_use_sequence,True,True
Ohnishi_2008|22,22,Ohnishi_2008,Ohnishi_2008_78_mutated_siRNA_normalized.csv,siPrnp105(T10)-5A,siPrnp105(T10),Ohnishi_2008|siPrnp105(T10),UUGGUUUUUAGCUUUCUCG,CGAGUAAGCUAAAAACCAA,CACAGUCAGUGGAACAAGCCGAGUAAGCUAAAAACCAACAUGAAGCACAUGGCUGGU,0.7768,1,1,U:U(15),[15],[15],"[""U:U""]",0,19,19,,True,True
Ohnishi_2008|23,23,Ohnishi_2008,Ohnishi_2008_78_mutated_siRNA_normalized.csv,siPrnp105(T10)-6U,siPrnp105(T10),Ohnishi_2008|siPrnp105(T10),UUGGUUUUUAGCUAACUCG,CGAGUAAGCUAAAAACCAA,CACAGUCAGUGGAACAAGCCGAGUAAGCUAAAAACCAACAUGAAGCACAUGGCUGGU,0.740517,1,1,A:A(14),[14],[14],"[""A:A""]",0,19,19,,True,True
Ohnishi_2008|24,24,Ohnishi_2008,Ohnishi_2008_78_mutated_siRNA_normalized.csv,siPrnp105(T10)-8C,siPrnp105(T10),Ohnishi_2008|siPrnp105(T10),UUGGUUUUUAGGUUACUCG,CGAGUAAGCUAAAAACCAA,CACAGUCAGUGGAACAAGCCGAGUAAGCUAAAAACCAACAUGAAGCACAUGGCUGGU,0.868059,1,1,G:G(13),[13],[12],"[""G:G""]",0,19,19,annotation_disagrees_use_sequence,True,True
Ohnishi_2008|25,25,Ohnishi_2008,Ohnishi_2008_78_mutated_siRNA_normalized.csv,siPrnp105(T10)-12U,siPrnp105(T10),Ohnishi_2008|siPrnp105(T10),UUGGUUUAUAGCUUACUCG,CGAGUAAGCUAAAAACCAA,CACAGUCAGUGGAACAAGCCGAGUAAGCUAAAAACCAACAUGAAGCACAUGGCUGGU,0.806487,1,1,A:A(8),[8],[8],"[""A:A""]",0,19,19,,True,True
Ohnishi_2008|26,26,Ohnishi_2008,Ohnishi_2008_78_mutated_siRNA_normalized.csv,siPrnp105(T10)-13U,siPrnp105(T10),Ohnishi_2008|siPrnp105(T10),UUGGUUAUUAGCUUACUCG,CGAGUAAGCUAAAAACCAA,CACAGUCAGUGGAACAAGCCGAGUAAGCUAAAAACCAACAUGAAGCACAUGGCUGGU,0.708631,1,1,A:A(7),[7],[7],"[""A:A""]",0,19,19,,True,True
Ohnishi_2008|27,27,Ohnishi_2008,Ohnishi_2008_78_mutated_siRNA_normalized.csv,siPrnp105(T10)-14U,siPrnp105(T10),Ohnishi_2008|siPrnp105(T10),UUGGUAUUUAGCUUACUCG,CGAGUAAGCUAAAAACCAA,CACAGUCAGUGGAACAAGCCGAGUAAGCUAAAAACCAACAUGAAGCACAUGGCUGGU,0.815833,1,1,A:A(6),[6],[6],"[""A:A""]",0,19,19,,True,True
Ohnishi_2008|28,28,Ohnishi_2008,Ohnishi_2008_78_mutated_siRNA_normalized.csv,siPrnp105(T10)-15U,siPrnp105(T10),Ohnishi_2008|siPrnp105(T10),UUGGAUUUUAGCUUACUCG,CGAGUAAGCUAAAAACCAA,CACAGUCAGUGGAACAAGCCGAGUAAGCUAAAAACCAACAUGAAGCACAUGGCUGGU,0.923035,1,1,A:A(5),[5],[5],"[""A:A""]",0,19,19,,True,True
Ohnishi_2008|29,29,Ohnishi_2008,Ohnishi_2008_78_mutated_siRNA_normalized.csv,siPrnp105(T10)-16U,siPrnp105(T10),Ohnishi_2008|siPrnp105(T10),UUGAUUUUUAGCUUACUCG,CGAGUAAGCUAAAAACCAA,CACAGUCAGUGGAACAAGCCGAGUAAGCUAAAAACCAACAUGAAGCACAUGGCUGGU,0.831226,1,1,A:C(4),[4],[4],"[""A:C""]",0,19,19,,True,True
Ohnishi_2008|30,30,Ohnishi_2008,Ohnishi_2008_78_mutated_siRNA_normalized.csv,siPrnp105(T10)-17U,siPrnp105(T10),Ohnishi_2008|siPrnp105(T10),UUAGUUUUUAGCUUACUCG,CGAGUAAGCUAAAAACCAA,CACAGUCAGUGGAACAAGCCGAGUAAGCUAAAAACCAACAUGAAGCACAUGGCUGGU,0.790544,1,1,A:C(3),[3],[3],"[""A:C""]",0,19,19,,True,True
Ohnishi_2008|31,31,Ohnishi_2008,Ohnishi_2008_78_mutated_siRNA_normalized.csv,siPrnp105(T10),siPrnp105(T10),Ohnishi_2008|siPrnp105(T10),UUGGUUUUUUGCUUACUCG,CGAGUAAGCCAAAAACCAA,CACAGUCAGUGGAACAAGCCGAGUAAGCCAAAAACCAACAUGAAGCACAUGGCUGGU,0.913139,1,1,U:U(10),[10],[10],"[""U:C""]",0,19,19,,True,True
Ohnishi_2008|32,32,Ohnishi_2008,Ohnishi_2008_78_mutated_siRNA_normalized.csv,siPrnp105(T10)-5A,siPrnp105(T10),Ohnishi_2008|siPrnp105(T10),UUGGUUUUUUGCUUUCUCG,CGAGUAAGCCAAAAACCAA,CACAGUCAGUGGAACAAGCCGAGUAAGCCAAAAACCAACAUGAAGCACAUGGCUGGU,0.573942,2,2,U:U(15)/U:U(10),"[10, 15]","[10, 15]","[""U:C"", ""U:U""]",0,19,19,,True,True
Ohnishi_2008|33,33,Ohnishi_2008,Ohnishi_2008_78_mutated_siRNA_normalized.csv,siPrnp105(T10)-6U,siPrnp105(T10),Ohnishi_2008|siPrnp105(T10),UUGGUUUUUUGCUAACUCG,CGAGUAAGCCAAAAACCAA,CACAGUCAGUGGAACAAGCCGAGUAAGCCAAAAACCAACAUGAAGCACAUGGCUGGU,0.529412,2,2,A:A(14)/U:U(10),"[10, 14]","[10, 14]","[""U:C"", ""A:A""]",0,19,19,,True,True
Ohnishi_2008|34,34,Ohnishi_2008,Ohnishi_2008_78_mutated_siRNA_normalized.csv,siPrnp105(T10)-8C,siPrnp105(T10),Ohnishi_2008|siPrnp105(T10),UUGGUUUUUUGGUUACUCG,CGAGUAAGCCAAAAACCAA,CACAGUCAGUGGAACAAGCCGAGUAAGCCAAAAACCAACAUGAAGCACAUGGCUGGU,0.624519,2,2,G:G(13)/U:U(10),"[10, 13]","[10, 12]","[""U:C"", ""G:G""]",0,19,19,annotation_disagrees_use_sequence,True,True
Ohnishi_2008|35,35,Ohnishi_2008,Ohnishi_2008_78_mutated_siRNA_normalized.csv,siPrnp105(T10)-12U,siPrnp105(T10),Ohnishi_2008|siPrnp105(T10),UUGGUUUAUUGCUUACUCG,CGAGUAAGCCAAAAACCAA,CACAGUCAGUGGAACAAGCCGAGUAAGCCAAAAACCAACAUGAAGCACAUGGCUGGU,0.704233,2,2,A:A(8)/U:U(10),"[8, 10]","[8, 10]","[""A:A"", ""U:C""]",0,19,19,,True,True
Ohnishi_2008|36,36,Ohnishi_2008,Ohnishi_2008_78_mutated_siRNA_normalized.csv,siPrnp105(T10)-13U,siPrnp105(T10),Ohnishi_2008|siPrnp105(T10),UUGGUUAUUUGCUUACUCG,CGAGUAAGCCAAAAACCAA,CACAGUCAGUGGAACAAGCCGAGUAAGCCAAAAACCAACAUGAAGCACAUGGCUGGU,0.374931,2,2,A:A(7)/U:U(10),"[7, 10]","[7, 10]","[""A:A"", ""U:C""]",0,19,19,,True,True
Ohnishi_2008|37,37,Ohnishi_2008,Ohnishi_2008_78_mutated_siRNA_normalized.csv,siPrnp105(T10)-14U,siPrnp105(T10),Ohnishi_2008|siPrnp105(T10),UUGGUAUUUUGCUUACUCG,CGAGUAAGCCAAAAACCAA,CACAGUCAGUGGAACAAGCCGAGUAAGCCAAAAACCAACAUGAAGCACAUGGCUGGU,0.0,2,2,A:A(6)/U:U(10),"[6, 10]","[6, 10]","[""A:A"", ""U:C""]",0,19,19,,True,True
Ohnishi_2008|38,38,Ohnishi_2008,Ohnishi_2008_78_mutated_siRNA_normalized.csv,siPrnp105(T10)-15U,siPrnp105(T10),Ohnishi_2008|siPrnp105(T10),UUGGAUUUUUGCUUACUCG,CGAGUAAGCCAAAAACCAA,CACAGUCAGUGGAACAAGCCGAGUAAGCCAAAAACCAACAUGAAGCACAUGGCUGGU,0.425509,2,2,A:A(5)/U:U(10),"[5, 10]","[5, 10]","[""A:A"", ""U:C""]",0,19,19,,True,True
Ohnishi_2008|39,39,Ohnishi_2008,Ohnishi_2008_78_mutated_siRNA_normalized.csv,siPrnp105(T10)-16U,siPrnp105(T10),Ohnishi_2008|siPrnp105(T10),UUGAUUUUUUGCUUACUCG,CGAGUAAGCCAAAAACCAA,CACAGUCAGUGGAACAAGCCGAGUAAGCCAAAAACCAACAUGAAGCACAUGGCUGGU,0.693788,2,2,A:C(4)/U:U(10),"[4, 10]","[4, 10]","[""A:C"", ""U:C""]",0,19,19,,True,True
Ohnishi_2008|40,40,Ohnishi_2008,Ohnishi_2008_78_mutated_siRNA_normalized.csv,siPrnp105(T10)-17U,siPrnp105(T10),Ohnishi_2008|siPrnp105(T10),UUAGUUUUUUGCUUACUCG,CGAGUAAGCCAAAAACCAA,CACAGUCAGUGGAACAAGCCGAGUAAGCCAAAAACCAACAUGAAGCACAUGGCUGGU,0.601429,2,2,A:C(3)/U:U(10),"[3, 10]","[3, 10]","[""A:C"", ""U:C""]",0,19,19,,True,True
Ohnishi_2008|41,41,Ohnishi_2008,Ohnishi_2008_78_mutated_siRNA_normalized.csv,siPrnp102(T10),siPrnp102(T10),Ohnishi_2008|siPrnp102(T10),GGCUUACUCAGCUUGUUCC,GGAACAAGCUGAGUAAGCC,GGUGGCACCCACAGUCAGUGGAACAAGCUGAGUAAGCCAAAAACCAACAUGAAGCAC,0.961517,0,0,0,[],[],[],0,19,19,annotation_unparsed_use_sequence,True,True
Ohnishi_2008|42,42,Ohnishi_2008,Ohnishi_2008_78_mutated_siRNA_normalized.csv,siPrnp102(T10)-5G,siPrnp102(T10),Ohnishi_2008|siPrnp102(T10),GGCUUACUCAGCUUCUUCC,GGAACAAGCUGAGUAAGCC,GGUGGCACCCACAGUCAGUGGAACAAGCUGAGUAAGCCAAAAACCAACAUGAAGCAC,0.537658,1,1,C:C(15),[15],[15],"[""C:C""]",0,19,19,,True,True
Ohnishi_2008|43,43,Ohnishi_2008,Ohnishi_2008_78_mutated_siRNA_normalized.csv,siPrnp102(T10)-6U,siPrnp102(T10),Ohnishi_2008|siPrnp102(T10),GGCUUACUCAGCUAGUUCC,GGAACAAGCUGAGUAAGCC,GGUGGCACCCACAGUCAGUGGAACAAGCUGAGUAAGCCAAAAACCAACAUGAAGCAC,0.82243,1,1,A:A(14),[14],[14],"[""A:A""]",0,19,19,,True,True
Ohnishi_2008|44,44,Ohnishi_2008,Ohnishi_2008_78_mutated_siRNA_normalized.csv,siPrnp102(T10)-8C,siPrnp102(T10),Ohnishi_2008|siPrnp102(T10),GGCUUACUCAGGUUGUUCC,GGAACAAGCUGAGUAAGCC,GGUGGCACCCACAGUCAGUGGAACAAGCUGAGUAAGCCAAAAACCAACAUGAAGCAC,0.462342,1,1,G:G(12),[12],[12],"[""G:G""]",0,19,19,,True,True
Ohnishi_2008|45,45,Ohnishi_2008,Ohnishi_2008_78_mutated_siRNA_normalized.csv,siPrnp102(T10)-12U,siPrnp102(T10),Ohnishi_2008|siPrnp102(T10),GGCUUACACAGCUUGUUCC,GGAACAAGCUGAGUAAGCC,GGUGGCACCCACAGUCAGUGGAACAAGCUGAGUAAGCCAAAAACCAACAUGAAGCAC,0.693238,1,1,A:A(8),[8],[8],"[""A:A""]",0,19,19,,True,True
Ohnishi_2008|46,46,Ohnishi_2008,Ohnishi_2008_78_mutated_siRNA_normalized.csv,siPrnp102(T10)-13C,siPrnp102(T10),Ohnishi_2008|siPrnp102(T10),GGCUUAGUCAGCUUGUUCC,GGAACAAGCUGAGUAAGCC,GGUGGCACCCACAGUCAGUGGAACAAGCUGAGUAAGCCAAAAACCAACAUGAAGCAC,0.940077,1,1,G:G(7),[7],[7],"[""G:G""]",0,19,19,,True,True
Ohnishi_2008|47,47,Ohnishi_2008,Ohnishi_2008_78_mutated_siRNA_normalized.csv,siPrnp102(T10)-14A,siPrnp102(T10),Ohnishi_2008|siPrnp102(T10),GGCUUUCUCAGCUUGUUCC,GGAACAAGCUGAGUAAGCC,GGUGGCACCCACAGUCAGUGGAACAAGCUGAGUAAGCCAAAAACCAACAUGAAGCAC,0.826278,1,1,U:U(6),[6],[6],"[""U:U""]",0,19,19,,True,True
Ohnishi_2008|48,48,Ohnishi_2008,Ohnishi_2008_78_mutated_siRNA_normalized.csv,siPrnp102(T10)-15U,siPrnp102(T10),Ohnishi_2008|siPrnp102(T10),GGCUAACUCAGCUUGUUCC,GGAACAAGCUGAGUAAGCC,GGUGGCACCCACAGUCAGUGGAACAAGCUGAGUAAGCCAAAAACCAACAUGAAGCAC,0.589335,1,1,A:A(5),[5],[5],"[""A:A""]",0,19,19,,True,True
Ohnishi_2008|49,49,Ohnishi_2008,Ohnishi_2008_78_mutated_siRNA_normalized.csv,siPrnp102(T10)-16U,siPrnp102(T10),Ohnishi_2008|siPrnp102(T10),GGCAUACUCAGCUUGUUCC,GGAACAAGCUGAGUAAGCC,GGUGGCACCCACAGUCAGUGGAACAAGCUGAGUAAGCCAAAAACCAACAUGAAGCAC,0.765256,1,1,A:A(4),[4],[4],"[""A:A""]",0,19,19,,True,True
Ohnishi_2008|50,50,Ohnishi_2008,Ohnishi_2008_78_mutated_siRNA_normalized.csv,siPrnp102(T10)-17C,siPrnp102(T10),Ohnishi_2008|siPrnp102(T10),GGGUUACUCAGCUUGUUCC,GGAACAAGCUGAGUAAGCC,GGUGGCACCCACAGUCAGUGGAACAAGCUGAGUAAGCCAAAAACCAACAUGAAGCAC,0.223749,1,1,G:G(3),[3],[3],"[""G:G""]",0,19,19,,True,True
Ohnishi_2008|51,51,Ohnishi_2008,Ohnishi_2008_78_mutated_siRNA_normalized.csv,siPrnp102(T10),siPrnp102(T10),Ohnishi_2008|siPrnp102(T10),GGCUUACUCAGCUUGUUCC,GGAACAAGCCGAGUAAGCC,GGUGGCACCCACAGUCAGUGGAACAAGCCGAGUAAGCCAAAAACCAACAUGAAGCAC,0.925234,1,1,A:C(10),[10],[10],"[""A:C""]",0,19,19,,True,True
Ohnishi_2008|52,52,Ohnishi_2008,Ohnishi_2008_78_mutated_siRNA_normalized.csv,siPrnp102(T10)-5G,siPrnp102(T10),Ohnishi_2008|siPrnp102(T10),GGCUUACUCAGCUUCUUCC,GGAACAAGCCGAGUAAGCC,GGUGGCACCCACAGUCAGUGGAACAAGCCGAGUAAGCCAAAAACCAACAUGAAGCAC,0.514568,2,2,C:C(15)/A:C(10),"[10, 15]","[10, 15]","[""A:C"", ""C:C""]",0,19,19,,True,True
Ohnishi_2008|53,53,Ohnishi_2008,Ohnishi_2008_78_mutated_siRNA_normalized.csv,siPrnp102(T10)-6U,siPrnp102(T10),Ohnishi_2008|siPrnp102(T10),GGCUUACUCAGCUAGUUCC,GGAACAAGCCGAGUAAGCC,GGUGGCACCCACAGUCAGUGGAACAAGCCGAGUAAGCCAAAAACCAACAUGAAGCAC,0.520616,2,2,A:A(14)/A:C(10),"[10, 14]","[10, 14]","[""A:C"", ""A:A""]",0,19,19,,True,True
Ohnishi_2008|54,54,Ohnishi_2008,Ohnishi_2008_78_mutated_siRNA_normalized.csv,siPrnp102(T10)-8C,siPrnp102(T10),Ohnishi_2008|siPrnp102(T10),GGCUUACUCAGGUUGUUCC,GGAACAAGCCGAGUAAGCC,GGUGGCACCCACAGUCAGUGGAACAAGCCGAGUAAGCCAAAAACCAACAUGAAGCAC,0.463991,2,2,G:G(12)/A:C(10),"[10, 12]","[10, 12]","[""A:C"", ""G:G""]",0,19,19,,True,True
Ohnishi_2008|55,55,Ohnishi_2008,Ohnishi_2008_78_mutated_siRNA_normalized.csv,siPrnp102(T10)-12U,siPrnp102(T10),Ohnishi_2008|siPrnp102(T10),GGCUUACACAGCUUGUUCC,GGAACAAGCCGAGUAAGCC,GGUGGCACCCACAGUCAGUGGAACAAGCCGAGUAAGCCAAAAACCAACAUGAAGCAC,0.409016,2,2,A:A(8)/A:C(10),"[8, 10]","[8, 10]","[""A:A"", ""A:C""]",0,19,19,,True,True
Ohnishi_2008|56,56,Ohnishi_2008,Ohnishi_2008_78_mutated_siRNA_normalized.csv,siPrnp102(T10)-13C,siPrnp102(T10),Ohnishi_2008|siPrnp102(T10),GGCUUAGUCAGCUUGUUCC,GGAACAAGCCGAGUAAGCC,GGUGGCACCCACAGUCAGUGGAACAAGCCGAGUAAGCCAAAAACCAACAUGAAGCAC,0.532161,2,2,G:G(7)/A:C(10),"[7, 10]","[7, 10]","[""G:G"", ""A:C""]",0,19,19,,True,True
Ohnishi_2008|57,57,Ohnishi_2008,Ohnishi_2008_78_mutated_siRNA_normalized.csv,siPrnp102(T10)-14A,siPrnp102(T10),Ohnishi_2008|siPrnp102(T10),GGCUUUCUCAGCUUGUUCC,GGAACAAGCCGAGUAAGCC,GGUGGCACCCACAGUCAGUGGAACAAGCCGAGUAAGCCAAAAACCAACAUGAAGCAC,0.401869,2,2,U:U(6)/A:C(10),"[6, 10]","[6, 10]","[""U:U"", ""A:C""]",0,19,19,,True,True
Ohnishi_2008|58,58,Ohnishi_2008,Ohnishi_2008_78_mutated_siRNA_normalized.csv,siPrnp102(T10)-15U,siPrnp102(T10),Ohnishi_2008|siPrnp102(T10),GGCUAACUCAGCUUGUUCC,GGAACAAGCCGAGUAAGCC,GGUGGCACCCACAGUCAGUGGAACAAGCCGAGUAAGCCAAAAACCAACAUGAAGCAC,0.139087,2,2,A:A(5)/A:C(10),"[5, 10]","[5, 10]","[""A:A"", ""A:C""]",0,19,19,,True,True
Ohnishi_2008|59,59,Ohnishi_2008,Ohnishi_2008_78_mutated_siRNA_normalized.csv,siPrnp102(T10)-16U,siPrnp102(T10),Ohnishi_2008|siPrnp102(T10),GGCAUACUCAGCUUGUUCC,GGAACAAGCCGAGUAAGCC,GGUGGCACCCACAGUCAGUGGAACAAGCCGAGUAAGCCAAAAACCAACAUGAAGCAC,0.448598,2,2,A:A(4)/A:C(10),"[4, 10]","[4, 10]","[""A:A"", ""A:C""]",0,19,19,,True,True
Ohnishi_2008|60,60,Ohnishi_2008,Ohnishi_2008_78_mutated_siRNA_normalized.csv,siPrnp102(T10)-17C,siPrnp102(T10),Ohnishi_2008|siPrnp102(T10),GGGUUACUCAGCUUGUUCC,GGAACAAGCCGAGUAAGCC,GGUGGCACCCACAGUCAGUGGAACAAGCCGAGUAAGCCAAAAACCAACAUGAAGCAC,0.328202,2,2,G:G(3)/A:C(10),"[3, 10]","[3, 10]","[""G:G"", ""A:C""]",0,19,19,,True,True
Ohnishi_2008|61,61,Ohnishi_2008,Ohnishi_2008_78_mutated_siRNA_normalized.csv,siPrnp178(A9),siPrnp178(A9),Ohnishi_2008|siPrnp178(A9),UUGACGCAGUUGUGCACAA,UUGUGCACAACUGCGUCAA,UACAGCAACCAGAACAACUUUGUGCACAACUGCGUCAAUAUCACAAUCAAGCAGCAC,0.948873,0,0,0,[],[],[],0,19,19,annotation_unparsed_use_sequence,True,True
Ohnishi_2008|62,62,Ohnishi_2008,Ohnishi_2008_78_mutated_siRNA_normalized.csv,siPrnp178(A9)-5C,siPrnp178(A9),Ohnishi_2008|siPrnp178(A9),UUGACGCAGUUGUGGACAA,UUGUGCACAACUGCGUCAA,UACAGCAACCAGAACAACUUUGUGCACAACUGCGUCAAUAUCACAAUCAAGCAGCAC,0.827378,1,1,G:G(15),[15],[15],"[""G:G""]",0,19,19,,True,True
Ohnishi_2008|63,63,Ohnishi_2008,Ohnishi_2008_78_mutated_siRNA_normalized.csv,siPrnp178(A9)-6G,siPrnp178(A9),Ohnishi_2008|siPrnp178(A9),UUGACGCAGUUGUCCACAA,UUGUGCACAACUGCGUCAA,UACAGCAACCAGAACAACUUUGUGCACAACUGCGUCAAUAUCACAAUCAAGCAGCAC,0.730621,1,1,C:C(14),[14],[14],"[""C:C""]",0,19,19,,True,True
Ohnishi_2008|64,64,Ohnishi_2008,Ohnishi_2008_78_mutated_siRNA_normalized.csv,siPrnp178(A9)-12A,siPrnp178(A9),Ohnishi_2008|siPrnp178(A9),UUGACGCUGUUGUGCACAA,UUGUGCACAACUGCGUCAA,UACAGCAACCAGAACAACUUUGUGCACAACUGCGUCAAUAUCACAAUCAAGCAGCAC,0.715778,1,1,U:U(8),[8],[8],"[""U:U""]",0,19,19,,True,True
Ohnishi_2008|65,65,Ohnishi_2008,Ohnishi_2008_78_mutated_siRNA_normalized.csv,siPrnp178(A9)-13C,siPrnp178(A9),Ohnishi_2008|siPrnp178(A9),UUGACGGAGUUGUGCACAA,UUGUGCACAACUGCGUCAA,UACAGCAACCAGAACAACUUUGUGCACAACUGCGUCAAUAUCACAAUCAAGCAGCAC,0.900495,1,1,G:G(7),[7],[7],"[""G:G""]",0,19,19,,True,True
Ohnishi_2008|66,66,Ohnishi_2008,Ohnishi_2008_78_mutated_siRNA_normalized.csv,siPrnp178(A9)-14G,siPrnp178(A9),Ohnishi_2008|siPrnp178(A9),UUGACCCAGUUGUGCACAA,UUGUGCACAACUGCGUCAA,UACAGCAACCAGAACAACUUUGUGCACAACUGCGUCAAUAUCACAAUCAAGCAGCAC,0.546454,1,1,C:C(6),[6],[6],"[""C:C""]",0,19,19,,True,True
Ohnishi_2008|67,67,Ohnishi_2008,Ohnishi_2008_78_mutated_siRNA_normalized.csv,siPrnp178(A9)-15C,siPrnp178(A9),Ohnishi_2008|siPrnp178(A9),UUGAGGCAGUUGUGCACAA,UUGUGCACAACUGCGUCAA,UACAGCAACCAGAACAACUUUGUGCACAACUGCGUCAAUAUCACAAUCAAGCAGCAC,0.814733,1,1,G:G(5),[5],[5],"[""G:G""]",0,19,19,,True,True
Ohnishi_2008|68,68,Ohnishi_2008,Ohnishi_2008_78_mutated_siRNA_normalized.csv,siPrnp178(A9)-16A,siPrnp178(A9),Ohnishi_2008|siPrnp178(A9),UUGUCGCAGUUGUGCACAA,UUGUGCACAACUGCGUCAA,UACAGCAACCAGAACAACUUUGUGCACAACUGCGUCAAUAUCACAAUCAAGCAGCAC,0.811435,1,1,U:U(4),[4],[4],"[""U:U""]",0,19,19,,True,True
Ohnishi_2008|69,69,Ohnishi_2008,Ohnishi_2008_78_mutated_siRNA_normalized.csv,siPrnp178(A9)-17G,siPrnp178(A9),Ohnishi_2008|siPrnp178(A9),UUCACGCAGUUGUGCACAA,UUGUGCACAACUGCGUCAA,UACAGCAACCAGAACAACUUUGUGCACAACUGCGUCAAUAUCACAAUCAAGCAGCAC,0.62232,1,1,C:C(3),[3],[3],"[""C:C""]",0,19,19,,True,True
Ohnishi_2008|70,70,Ohnishi_2008,Ohnishi_2008_78_mutated_siRNA_normalized.csv,siPrnp178(A9),siPrnp178(A9),Ohnishi_2008|siPrnp178(A9),UUGACGCAGUUGUGCACAA,UUGUGCACGACUGCGUCAA,UACAGCAACCAGAACAACUUUGUGCACGACUGCGUCAAUAUCACAAUCAAGCAGCAC,0.914788,1,1,U:G(11),[11],[11],"[""U:G""]",0,19,19,,True,True
Ohnishi_2008|71,71,Ohnishi_2008,Ohnishi_2008_78_mutated_siRNA_normalized.csv,siPrnp178(A9)-5C,siPrnp178(A9),Ohnishi_2008|siPrnp178(A9),UUGACGCAGUUGUGGACAA,UUGUGCACGACUGCGUCAA,UACAGCAACCAGAACAACUUUGUGCACGACUGCGUCAAUAUCACAAUCAAGCAGCAC,0.738318,2,2,G:G(15)/U:G(11),"[11, 15]","[11, 15]","[""U:G"", ""G:G""]",0,19,19,,True,True
Ohnishi_2008|72,72,Ohnishi_2008,Ohnishi_2008_78_mutated_siRNA_normalized.csv,siPrnp178(A9)-6G,siPrnp178(A9),Ohnishi_2008|siPrnp178(A9),UUGACGCAGUUGUCCACAA,UUGUGCACGACUGCGUCAA,UACAGCAACCAGAACAACUUUGUGCACGACUGCGUCAAUAUCACAAUCAAGCAGCAC,0.397471,2,2,C:C(14)/U:G(11),"[11, 14]","[11, 14]","[""U:G"", ""C:C""]",0,19,19,,True,True
Ohnishi_2008|73,73,Ohnishi_2008,Ohnishi_2008_78_mutated_siRNA_normalized.csv,siPrnp178(A9)-12A,siPrnp178(A9),Ohnishi_2008|siPrnp178(A9),UUGACGCUGUUGUGCACAA,UUGUGCACGACUGCGUCAA,UACAGCAACCAGAACAACUUUGUGCACGACUGCGUCAAUAUCACAAUCAAGCAGCAC,0.804838,2,2,U:U(8)/U:G(11),"[8, 11]","[8, 11]","[""U:U"", ""U:G""]",0,19,19,,True,True
Ohnishi_2008|74,74,Ohnishi_2008,Ohnishi_2008_78_mutated_siRNA_normalized.csv,siPrnp178(A9)-13C,siPrnp178(A9),Ohnishi_2008|siPrnp178(A9),UUGACGGAGUUGUGCACAA,UUGUGCACGACUGCGUCAA,UACAGCAACCAGAACAACUUUGUGCACGACUGCGUCAAUAUCACAAUCAAGCAGCAC,0.629467,2,2,G:G(7)/U:G(11),"[7, 11]","[7, 11]","[""G:G"", ""U:G""]",0,19,19,,True,True
Ohnishi_2008|75,75,Ohnishi_2008,Ohnishi_2008_78_mutated_siRNA_normalized.csv,siPrnp178(A9)-14G,siPrnp178(A9),Ohnishi_2008|siPrnp178(A9),UUGACCCAGUUGUGCACAA,UUGUGCACGACUGCGUCAA,UACAGCAACCAGAACAACUUUGUGCACGACUGCGUCAAUAUCACAAUCAAGCAGCAC,0.523914,2,2,C:C(6)/U:G(11),"[6, 11]","[6, 11]","[""C:C"", ""U:G""]",0,19,19,,True,True
Ohnishi_2008|76,76,Ohnishi_2008,Ohnishi_2008_78_mutated_siRNA_normalized.csv,siPrnp178(A9)-15C,siPrnp178(A9),Ohnishi_2008|siPrnp178(A9),UUGAGGCAGUUGUGCACAA,UUGUGCACGACUGCGUCAA,UACAGCAACCAGAACAACUUUGUGCACGACUGCGUCAAUAUCACAAUCAAGCAGCAC,0.473337,2,2,G:G(5)/U:G(11),"[5, 11]","[5, 11]","[""G:G"", ""U:G""]",0,19,19,,True,True
Ohnishi_2008|77,77,Ohnishi_2008,Ohnishi_2008_78_mutated_siRNA_normalized.csv,siPrnp178(A9)-16A,siPrnp178(A9),Ohnishi_2008|siPrnp178(A9),UUGUCGCAGUUGUGCACAA,UUGUGCACGACUGCGUCAA,UACAGCAACCAGAACAACUUUGUGCACGACUGCGUCAAUAUCACAAUCAAGCAGCAC,0.657504,2,2,U:U(4)/U:G(11),"[4, 11]","[4, 11]","[""U:U"", ""U:G""]",0,19,19,,True,True
Ohnishi_2008|78,78,Ohnishi_2008,Ohnishi_2008_78_mutated_siRNA_normalized.csv,siPrnp178(A9)-17G,siPrnp178(A9),Ohnishi_2008|siPrnp178(A9),UUCACGCAGUUGUGCACAA,UUGUGCACGACUGCGUCAA,UACAGCAACCAGAACAACUUUGUGCACGACUGCGUCAAUAUCACAAUCAAGCAGCAC,0.498076,2,2,C:C(3)/U:G(11),"[3, 11]","[3, 11]","[""C:C"", ""U:G""]",0,19,19,,True,True
Holen_2005|1,1,Holen_2005,Holen_2005_18_mutated_siRNA_final_flanked.csv,Fe775i-w3i,Fe775i,Holen_2005|Fe775i,UUCGUCUGUUACUCACGCG,AGCACAAUGAUGAGUGCAA,CUGGUGAAGGUCACUAAGCAGCACAAUGAUGAGUGCAAACAUCUGCUGAGCCUCAUG,0.8,11,1,G:A(17),[17],"[3, 4, 5, 8, 9, 11, 12, 14, 15, 16, 19]","[""C:C"", ""G:G"", ""U:U"", ""G:G"", ""U:U"", ""A:G"", ""C:U"", ""C:A"", ""A:C"", ""C:A"", ""G:A""]",0,21,21,annotation_disagrees_use_sequence,False,False
Holen_2005|2,2,Holen_2005,Holen_2005_18_mutated_siRNA_final_flanked.csv,Fe775i-w7i,Fe775i,Holen_2005|Fe775i,UUCGUCUGUUACGCACACG,AGCACAAUGAUGAGUGCAA,CUGGUGAAGGUCACUAAGCAGCACAAUGAUGAGUGCAAACAUCUGCUGAGCCUCAUG,0.784,13,1,G:C(13),[13],"[3, 4, 5, 8, 9, 11, 12, 13, 14, 15, 16, 17, 19]","[""C:C"", ""G:G"", ""U:U"", ""G:G"", ""U:U"", ""A:G"", ""C:U"", ""G:A"", ""C:A"", ""A:C"", ""C:A"", ""A:C"", ""G:A""]",0,21,21,annotation_disagrees_use_sequence,False,False
Holen_2005|4,4,Holen_2005,Holen_2005_18_mutated_siRNA_final_flanked.csv,Fe775i-w3/7i,Fe775i,Holen_2005|Fe775i,UUCGUCUGUUACGCACGCG,AGCACAAUGAUGAGUGCAA,CUGGUGAAGGUCACUAAGCAGCACAAUGAUGAGUGCAAACAUCUGCUGAGCCUCAUG,0.712,12,2,G:C(13)/G:A(17),"[13, 17]","[3, 4, 5, 8, 9, 11, 12, 13, 14, 15, 16, 19]","[""C:C"", ""G:G"", ""U:U"", ""G:G"", ""U:U"", ""A:G"", ""C:U"", ""G:A"", ""C:A"", ""A:C"", ""C:A"", ""G:A""]",0,21,21,annotation_disagrees_use_sequence,False,False
Holen_2005|7,7,Holen_2005,Holen_2005_18_mutated_siRNA_final_flanked.csv,Fe775i-w2i,Fe775i,Holen_2005|Fe775i,UUCGUCUGUUACUCACAUG,CAGCACAAUGAUGAGUGCA,GCUGGUGAAGGUCACUAAGCAGCACAAUGAUGAGUGCAAACAUCUGCUGAGCCUCAU,0.692,12,1,U:C(18),[18],"[2, 4, 5, 6, 7, 8, 10, 12, 14, 15, 16, 17]","[""U:C"", ""G:U"", ""U:G"", ""C:A"", ""U:G"", ""G:U"", ""U:G"", ""C:A"", ""C:C"", ""A:A"", ""C:C"", ""A:G""]",0,20,20,annotation_disagrees_use_sequence,False,False
Holen_2005|8,8,Holen_2005,Holen_2005_18_mutated_siRNA_final_flanked.csv,Fe775i-w6i,Fe775i,Holen_2005|Fe775i,UUCGUCUGUUACUCUCACG,CAGCACAAUGAUGAGUGCA,GCUGGUGAAGGUCACUAAGCAGCACAAUGAUGAGUGCAAACAUCUGCUGAGCCUCAU,0.608,12,1,U:C(15),[15],"[2, 4, 5, 6, 7, 8, 10, 12, 14, 16, 17, 18]","[""U:C"", ""G:U"", ""U:G"", ""C:A"", ""U:G"", ""G:U"", ""U:G"", ""C:A"", ""C:C"", ""C:C"", ""A:G"", ""C:A""]",0,20,20,annotation_disagrees_use_sequence,False,False
Holen_2005|9,9,Holen_2005,Holen_2005_18_mutated_siRNA_final_flanked.csv,Fe775i-w9i,Fe775i,Holen_2005|Fe775i,UUCGUCUGUUAUUCACACG,CAGCACAAUGAUGAGUGCA,GCUGGUGAAGGUCACUAAGCAGCACAAUGAUGAGUGCAAACAUCUGCUGAGCCUCAU,0.25,12,1,U:A(12),[12],"[2, 4, 5, 6, 7, 8, 10, 14, 15, 16, 17, 18]","[""U:C"", ""G:U"", ""U:G"", ""C:A"", ""U:G"", ""G:U"", ""U:G"", ""C:C"", ""A:A"", ""C:C"", ""A:G"", ""C:A""]",0,20,20,annotation_disagrees_use_sequence,False,False
Holen_2005|10,10,Holen_2005,Holen_2005_18_mutated_siRNA_final_flanked.csv,Fe775i-w16i,Fe775i,Holen_2005|Fe775i,UUCUUCUGUUACUCACACG,AGCACAAUGAUGAGUGCAA,CUGGUGAAGGUCACUAAGCAGCACAAUGAUGAGUGCAAACAUCUGCUGAGCCUCAUG,0.283,12,1,U:G(4),[4],"[3, 4, 5, 8, 9, 11, 12, 14, 15, 16, 17, 19]","[""C:C"", ""U:G"", ""U:U"", ""G:G"", ""U:U"", ""A:G"", ""C:U"", ""C:A"", ""A:C"", ""C:A"", ""A:C"", ""G:A""]",0,21,21,annotation_disagrees_use_sequence,False,False
Holen_2005|11,11,Holen_2005,Holen_2005_18_mutated_siRNA_final_flanked.csv,Fe775i-w19i,Fe775i,Holen_2005|Fe775i,UUUGUCUGUUACUCACACG,AGCACAAUGAUGAGUGCAA,CUGGUGAAGGUCACUAAGCAGCACAAUGAUGAGUGCAAACAUCUGCUGAGCCUCAUG,0.525,12,1,U:U(3),[3],"[3, 4, 5, 8, 9, 11, 12, 14, 15, 16, 17, 19]","[""U:C"", ""G:G"", ""U:U"", ""G:G"", ""U:U"", ""A:G"", ""C:U"", ""C:A"", ""A:C"", ""C:A"", ""A:C"", ""G:A""]",0,21,21,annotation_disagrees_use_sequence,False,False
Holen_2005|13,13,Holen_2005,Holen_2005_18_mutated_siRNA_final_flanked.csv,Fe775i-w3/7/19i,Fe775i,Holen_2005|Fe775i,UUUGUCUGUUACGCACGCG,AGCACAAUGAUGAGUGCAA,CUGGUGAAGGUCACUAAGCAGCACAAUGAUGAGUGCAAACAUCUGCUGAGCCUCAUG,0.242,12,3,U:U(3)/G:C(13)/G:A(17),"[3, 13, 17]","[3, 4, 5, 8, 9, 11, 12, 13, 14, 15, 16, 19]","[""U:C"", ""G:G"", ""U:U"", ""G:G"", ""U:U"", ""A:G"", ""C:U"", ""G:A"", ""C:A"", ""A:C"", ""C:A"", ""G:A""]",0,21,21,annotation_disagrees_use_sequence,False,False
Holen_2005|14,14,Holen_2005,Holen_2005_18_mutated_siRNA_final_flanked.csv,Fe775i-m3Ci,Fe775i,Holen_2005|Fe775i,UUCGUCUGUUACUCACCCG,CAGCACAAUGAUGAGUGCA,GCUGGUGAAGGUCACUAAGCAGCACAAUGAUGAGUGCAAACAUCUGCUGAGCCUCAU,0.4,12,1,C:A(17),[17],"[2, 4, 5, 6, 7, 8, 10, 12, 14, 15, 16, 18]","[""U:C"", ""G:U"", ""U:G"", ""C:A"", ""U:G"", ""G:U"", ""U:G"", ""C:A"", ""C:C"", ""A:A"", ""C:C"", ""C:A""]",0,20,20,annotation_disagrees_use_sequence,False,False
Holen_2005|15,15,Holen_2005,Holen_2005_18_mutated_siRNA_final_flanked.csv,Fe775i-m7Ci,Fe775i,Holen_2005|Fe775i,UUCGUCUGUUACUCCCACG,AGCACAAUGAUGAGUGCAA,CUGGUGAAGGUCACUAAGCAGCACAAUGAUGAGUGCAAACAUCUGCUGAGCCUCAUG,0.517,12,1,C:C(15),[15],"[3, 4, 5, 8, 9, 11, 12, 14, 15, 16, 17, 19]","[""C:C"", ""G:G"", ""U:U"", ""G:G"", ""U:U"", ""A:G"", ""C:U"", ""C:A"", ""C:C"", ""C:A"", ""A:C"", ""G:A""]",0,21,21,annotation_disagrees_use_sequence,False,False
Holen_2005|16,16,Holen_2005,Holen_2005_18_mutated_siRNA_final_flanked.csv,Fe775i-m1Ai,Fe775i,Holen_2005|Fe775i,UUCGUCUGUUACUCACACA,AGCACAAUGAUGAGUGCAA,CUGGUGAAGGUCACUAAGCAGCACAAUGAUGAGUGCAAACAUCUGCUGAGCCUCAUG,0.717,12,1,A:G(19),[19],"[3, 4, 5, 8, 9, 11, 12, 14, 15, 16, 17, 19]","[""C:C"", ""G:G"", ""U:U"", ""G:G"", ""U:U"", ""A:G"", ""C:U"", ""C:A"", ""A:C"", ""C:A"", ""A:C"", ""A:A""]",0,21,21,annotation_disagrees_use_sequence,False,False
Holen_2005|17,17,Holen_2005,Holen_2005_18_mutated_siRNA_final_flanked.csv,Fe775i-m1Ci,Fe775i,Holen_2005|Fe775i,UUCGUCUGUUACUCACACC,AGCACAAUGAUGAGUGCAA,CUGGUGAAGGUCACUAAGCAGCACAAUGAUGAGUGCAAACAUCUGCUGAGCCUCAUG,0.7,12,1,C:G(19),[19],"[3, 4, 5, 8, 9, 11, 12, 14, 15, 16, 17, 19]","[""C:C"", ""G:G"", ""U:U"", ""G:G"", ""U:U"", ""A:G"", ""C:U"", ""C:A"", ""A:C"", ""C:A"", ""A:C"", ""C:A""]",0,21,21,annotation_disagrees_use_sequence,False,False
Holen_2005|18,18,Holen_2005,Holen_2005_18_mutated_siRNA_final_flanked.csv,Fe775i-m1Ui,Fe775i,Holen_2005|Fe775i,UUCGUCUGUUACUCACACU,AGCACAAUGAUGAGUGCAA,CUGGUGAAGGUCACUAAGCAGCACAAUGAUGAGUGCAAACAUCUGCUGAGCCUCAUG,0.692,11,1,U:G(19),[19],"[3, 4, 5, 8, 9, 11, 12, 14, 15, 16, 17]","[""C:C"", ""G:G"", ""U:U"", ""G:G"", ""U:U"", ""A:G"", ""C:U"", ""C:A"", ""A:C"", ""C:A"", ""A:C""]",0,21,21,annotation_disagrees_use_sequence,False,False
Kini_2009|2,2,Kini_2009,Kini_2009_terminal_mismatch_siRNA.csv,396-AG,396,Kini_2009|396,AAGGAUGUUGGCCGUCCUC,GGAGGACGGCAACAUCCUG,UGAAGGGCAUCGACUUCAAGGAGGACGGCAACAUCCUGUGGCACAAGCUGGAGUACA,0.9273,7,1,Guide 1,[],"[1, 11, 13, 14, 15, 17, 18]","[""A:G"", ""G:G"", ""C:C"", ""G:A"", ""U:G"", ""C:A"", ""U:G""]",0,19,19,annotation_unparsed_use_sequence,False,False
Kini_2009|3,3,Kini_2009,Kini_2009_terminal_mismatch_siRNA.csv,396-UG,396,Kini_2009|396,UAGGAUGUUGGCCGUCCUC,GGAGGACGGCAACAUCCUG,UGAAGGGCAUCGACUUCAAGGAGGACGGCAACAUCCUGUGGCACAAGCUGGAGUACA,0.4057,7,1,Guide 1,[],"[1, 11, 13, 14, 15, 17, 18]","[""U:G"", ""G:G"", ""C:C"", ""G:A"", ""U:G"", ""C:A"", ""U:G""]",0,19,19,annotation_unparsed_use_sequence,False,False
Kini_2009|4,4,Kini_2009,Kini_2009_terminal_mismatch_siRNA.csv,396-GG,396,Kini_2009|396,GAGGAUGUUGGCCGUCCUC,GGAGGACGGCAACAUCCUG,UGAAGGGCAUCGACUUCAAGGAGGACGGCAACAUCCUGUGGCACAAGCUGGAGUACA,0.3187,7,1,Guide 1,[],"[1, 11, 13, 14, 15, 17, 18]","[""G:G"", ""G:G"", ""C:C"", ""G:A"", ""U:G"", ""C:A"", ""U:G""]",0,19,19,annotation_unparsed_use_sequence,False,False
Kini_2009|8,8,Kini_2009,Kini_2009_terminal_mismatch_siRNA.csv,306,306,Kini_2009|306,CUUGUAGUUGGCCGUGUCC,GGACGACGGCAACUACAAG,AGCGCACCAUCUUCUUCAAGGACGACGGCAACUACAAGUUCCGCGCCGAGGUGAAGU,0.7244,4,0,WT,[],"[11, 13, 14, 15]","[""G:G"", ""C:C"", ""G:A"", ""U:G""]",0,19,19,annotation_unparsed_use_sequence,True,False
Holen_2005|WTREF-Holen-Fe775i,WTREF-Holen-Fe775i,Holen_2005,mismatch_wt_references.csv,Fe775i,Fe775i,Holen_2005|Fe775i,UUCGUCUGUUACUCACACG,AGCACAAUGAUGAGUGCAA,CUGGUGAAGGUCACUAAGCAGCACAAUGAUGAGUGCAAACAUCUGCUGAGCCUCAUG,0.713,12,0,0,[],"[3, 4, 5, 8, 9, 11, 12, 14, 15, 16, 17, 19]","[""C:C"", ""G:G"", ""U:U"", ""G:G"", ""U:U"", ""A:G"", ""C:U"", ""C:A"", ""A:C"", ""C:A"", ""A:C"", ""G:A""]",0,21,21,annotation_unparsed_use_sequence,True,False
Kini_2009|WTREF-Kini-396,WTREF-Kini-396,Kini_2009,mismatch_wt_references.csv,396,396,Kini_2009|396,CAGGAUGUUGGCCGUCCUC,GGAGGACGGCAACAUCCUG,UGAAGGGCAUCGACUUCAAGGAGGACGGCAACAUCCUGUGGCACAAGCUGGAGUACA,1.0,6,0,WT,[],"[11, 13, 14, 15, 17, 18]","[""G:G"", ""C:C"", ""G:A"", ""U:G"", ""C:A"", ""U:G""]",0,19,19,annotation_unparsed_use_sequence,True,False
