row_id,dataset,source_file,reference_source,sirna_id,siRNA,target,mRNA,normalization_action,label,mismatch_count,mismatch_annotation,mismatch_positions,mismatch_types,oligoformer_eligible,family,group_id,model_eligible,exclusion_reason
1,Ohnishi_2008,Ohnishi_2008_78_mutated_siRNA_normalized.csv,,siPrnp102(T9),UGGCUUACUCAGCUUGUUC,GAACAAGCUGAGUAAGCCA,GUGGCACCCACAGUCAGUGGAACAAGCUGAGUAAGCCAAAAACCAACAUGAAGCACA,none,1.0,0,0,[],[],True,siPrnp102(T9),Ohnishi_2008|siPrnp102(T9),True,
2,Ohnishi_2008,Ohnishi_2008_78_mutated_siRNA_normalized.csv,,siPrnp102(T9)-5U,UGGCUUACUCAGCUAGUUC,GAACAAGCUGAGUAAGCCA,GUGGCACCCACAGUCAGUGGAACAAGCUGAGUAAGCCAAAAACCAACAUGAAGCACA,none,0.989555,1,A:A(15),[15],"[""A:A""]",True,siPrnp102(T9),Ohnishi_2008|siPrnp102(T9),True,
3,Ohnishi_2008,Ohnishi_2008_78_mutated_siRNA_normalized.csv,,siPrnp102(T9)-6U,UGGCUUACUCAGCAUGUUC,GAACAAGCUGAGUAAGCCA,GUGGCACCCACAGUCAGUGGAACAAGCUGAGUAAGCCAAAAACCAACAUGAAGCACA,none,0.940627,1,A:A(14),[14],"[""A:A""]",True,siPrnp102(T9),Ohnishi_2008|siPrnp102(T9),True,
4,Ohnishi_2008,Ohnishi_2008_78_mutated_siRNA_normalized.csv,,siPrnp102(T9)-7C,UGGCUUACUCAGGUUGUUC,GAACAAGCUGAGUAAGCCA,GUGGCACCCACAGUCAGUGGAACAAGCUGAGUAAGCCAAAAACCAACAUGAAGCACA,none,0.942276,1,G:G(13),[13],"[""G:G""]",True,siPrnp102(T9),Ohnishi_2008|siPrnp102(T9),True,
5,Ohnishi_2008,Ohnishi_2008_78_mutated_siRNA_normalized.csv,,siPrnp102(T9)-12C,UGGCUUAGUCAGCUUGUUC,GAACAAGCUGAGUAAGCCA,GUGGCACCCACAGUCAGUGGAACAAGCUGAGUAAGCCAAAAACCAACAUGAAGCACA,none,0.97746,1,G:G(8),[8],"[""G:G""]",True,siPrnp102(T9),Ohnishi_2008|siPrnp102(T9),True,
6,Ohnishi_2008,Ohnishi_2008_78_mutated_siRNA_normalized.csv,,siPrnp102(T9)-13A,UGGCUUUCUCAGCUUGUUC,GAACAAGCUGAGUAAGCCA,GUGGCACCCACAGUCAGUGGAACAAGCUGAGUAAGCCAAAAACCAACAUGAAGCACA,none,0.988455,1,U:U(7),[7],"[""U:U""]",True,siPrnp102(T9),Ohnishi_2008|siPrnp102(T9),True,
7,Ohnishi_2008,Ohnishi_2008_78_mutated_siRNA_normalized.csv,,siPrnp102(T9)-14U,UGGCUAACUCAGCUUGUUC,GAACAAGCUGAGUAAGCCA,GUGGCACCCACAGUCAGUGGAACAAGCUGAGUAAGCCAAAAACCAACAUGAAGCACA,none,0.987356,1,A:A(6),[6],"[""A:A""]",True,siPrnp102(T9),Ohnishi_2008|siPrnp102(T9),True,
8,Ohnishi_2008,Ohnishi_2008_78_mutated_siRNA_normalized.csv,,siPrnp102(T9)-15U,UGGCAUACUCAGCUUGUUC,GAACAAGCUGAGUAAGCCA,GUGGCACCCACAGUCAGUGGAACAAGCUGAGUAAGCCAAAAACCAACAUGAAGCACA,none,0.995602,1,A:A(5),[5],"[""A:A""]",True,siPrnp102(T9),Ohnishi_2008|siPrnp102(T9),True,
9,Ohnishi_2008,Ohnishi_2008_78_mutated_siRNA_normalized.csv,,siPrnp102(T9)-16C,UGGGUUACUCAGCUUGUUC,GAACAAGCUGAGUAAGCCA,GUGGCACCCACAGUCAGUGGAACAAGCUGAGUAAGCCAAAAACCAACAUGAAGCACA,none,0.93293,1,G:G(4),[4],"[""G:G""]",True,siPrnp102(T9),Ohnishi_2008|siPrnp102(T9),True,
10,Ohnishi_2008,Ohnishi_2008_78_mutated_siRNA_normalized.csv,,siPrnp102(T9)-17G,UGCCUUACUCAGCUUGUUC,GAACAAGCUGAGUAAGCCA,GUGGCACCCACAGUCAGUGGAACAAGCUGAGUAAGCCAAAAACCAACAUGAAGCACA,none,0.982958,1,C:C(3),[3],"[""C:C""]",True,siPrnp102(T9),Ohnishi_2008|siPrnp102(T9),True,
11,Ohnishi_2008,Ohnishi_2008_78_mutated_siRNA_normalized.csv,,siPrnp102(T9),UGGCUUACUCAGCUUGUUC,GAACAAGCCGAGUAAGCCA,GUGGCACCCACAGUCAGUGGAACAAGCCGAGUAAGCCAAAAACCAACAUGAAGCACA,none,0.885102,1,A:G(11),[11],"[""A:G""]",True,siPrnp102(T9),Ohnishi_2008|siPrnp102(T9),True,
12,Ohnishi_2008,Ohnishi_2008_78_mutated_siRNA_normalized.csv,,siPrnp102(T9)-5U,UGGCUUACUCAGCUAGUUC,GAACAAGCCGAGUAAGCCA,GUGGCACCCACAGUCAGUGGAACAAGCCGAGUAAGCCAAAAACCAACAUGAAGCACA,none,0.747664,2,A:A(15)/A:G(11),"[11, 15]","[""A:A"", ""A:G""]",True,siPrnp102(T9),Ohnishi_2008|siPrnp102(T9),True,
13,Ohnishi_2008,Ohnishi_2008_78_mutated_siRNA_normalized.csv,,siPrnp102(T9)-6U,UGGCUUACUCAGCAUGUUC,GAACAAGCCGAGUAAGCCA,GUGGCACCCACAGUCAGUGGAACAAGCCGAGUAAGCCAAAAACCAACAUGAAGCACA,none,0.687191,2,A:A(14)/A:G(11),"[11, 14]","[""A:A"", ""A:G""]",True,siPrnp102(T9),Ohnishi_2008|siPrnp102(T9),True,
14,Ohnishi_2008,Ohnishi_2008_78_mutated_siRNA_normalized.csv,,siPrnp102(T9)-7C,UGGCUUACUCAGGUUGUUC,GAACAAGCCGAGUAAGCCA,GUGGCACCCACAGUCAGUGGAACAAGCCGAGUAAGCCAAAAACCAACAUGAAGCACA,none,0.685542,2,G:G(13)/A:G(11),"[11, 13]","[""G:G"", ""A:G""]",True,siPrnp102(T9),Ohnishi_2008|siPrnp102(T9),True,
15,Ohnishi_2008,Ohnishi_2008_78_mutated_siRNA_normalized.csv,,siPrnp102(T9)-12C,UGGCUUAGUCAGCUUGUUC,GAACAAGCCGAGUAAGCCA,GUGGCACCCACAGUCAGUGGAACAAGCCGAGUAAGCCAAAAACCAACAUGAAGCACA,none,0.443101,2,G:G(8)/A:G(11),"[8, 11]","[""G:G"", ""A:G""]",True,siPrnp102(T9),Ohnishi_2008|siPrnp102(T9),True,
16,Ohnishi_2008,Ohnishi_2008_78_mutated_siRNA_normalized.csv,,siPrnp102(T9)-13A,UGGCUUUCUCAGCUUGUUC,GAACAAGCCGAGUAAGCCA,GUGGCACCCACAGUCAGUGGAACAAGCCGAGUAAGCCAAAAACCAACAUGAAGCACA,none,0.566245,2,U:U(7)/A:G(11),"[7, 11]","[""U:U"", ""A:G""]",True,siPrnp102(T9),Ohnishi_2008|siPrnp102(T9),True,
17,Ohnishi_2008,Ohnishi_2008_78_mutated_siRNA_normalized.csv,,siPrnp102(T9)-14U,UGGCUAACUCAGCUUGUUC,GAACAAGCCGAGUAAGCCA,GUGGCACCCACAGUCAGUGGAACAAGCCGAGUAAGCCAAAAACCAACAUGAAGCACA,none,0.391424,2,A:A(6)/A:G(11),"[6, 11]","[""A:A"", ""A:G""]",True,siPrnp102(T9),Ohnishi_2008|siPrnp102(T9),True,
18,Ohnishi_2008,Ohnishi_2008_78_mutated_siRNA_normalized.csv,,siPrnp102(T9)-15U,UGGCAUACUCAGCUUGUUC,GAACAAGCCGAGUAAGCCA,GUGGCACCCACAGUCAGUGGAACAAGCCGAGUAAGCCAAAAACCAACAUGAAGCACA,none,0.678944,2,A:A(5)/A:G(11),"[5, 11]","[""A:A"", ""A:G""]",True,siPrnp102(T9),Ohnishi_2008|siPrnp102(T9),True,
19,Ohnishi_2008,Ohnishi_2008_78_mutated_siRNA_normalized.csv,,siPrnp102(T9)-16C,UGGGUUACUCAGCUUGUUC,GAACAAGCCGAGUAAGCCA,GUGGCACCCACAGUCAGUGGAACAAGCCGAGUAAGCCAAAAACCAACAUGAAGCACA,none,0.534909,2,G:G(4)/A:G(11),"[4, 11]","[""G:G"", ""A:G""]",True,siPrnp102(T9),Ohnishi_2008|siPrnp102(T9),True,
20,Ohnishi_2008,Ohnishi_2008_78_mutated_siRNA_normalized.csv,,siPrnp102(T9)-17G,UGCCUUACUCAGCUUGUUC,GAACAAGCCGAGUAAGCCA,GUGGCACCCACAGUCAGUGGAACAAGCCGAGUAAGCCAAAAACCAACAUGAAGCACA,none,0.431006,2,C:C(3)/A:G(11),"[3, 11]","[""C:C"", ""A:G""]",True,siPrnp102(T9),Ohnishi_2008|siPrnp102(T9),True,
21,Ohnishi_2008,Ohnishi_2008_78_mutated_siRNA_normalized.csv,,siPrnp105(T10),UUGGUUUUUAGCUUACUCG,CGAGUAAGCUAAAAACCAA,CACAGUCAGUGGAACAAGCCGAGUAAGCUAAAAACCAACAUGAAGCACAUGGCUGGU,none,0.997801,0,0,[],[],True,siPrnp105(T10),Ohnishi_2008|siPrnp105(T10),True,
22,Ohnishi_2008,Ohnishi_2008_78_mutated_siRNA_normalized.csv,,siPrnp105(T10)-5A,UUGGUUUUUAGCUUUCUCG,CGAGUAAGCUAAAAACCAA,CACAGUCAGUGGAACAAGCCGAGUAAGCUAAAAACCAACAUGAAGCACAUGGCUGGU,none,0.7768,1,U:U(15),[15],"[""U:U""]",True,siPrnp105(T10),Ohnishi_2008|siPrnp105(T10),True,
23,Ohnishi_2008,Ohnishi_2008_78_mutated_siRNA_normalized.csv,,siPrnp105(T10)-6U,UUGGUUUUUAGCUAACUCG,CGAGUAAGCUAAAAACCAA,CACAGUCAGUGGAACAAGCCGAGUAAGCUAAAAACCAACAUGAAGCACAUGGCUGGU,none,0.740517,1,A:A(14),[14],"[""A:A""]",True,siPrnp105(T10),Ohnishi_2008|siPrnp105(T10),True,
24,Ohnishi_2008,Ohnishi_2008_78_mutated_siRNA_normalized.csv,,siPrnp105(T10)-8C,UUGGUUUUUAGGUUACUCG,CGAGUAAGCUAAAAACCAA,CACAGUCAGUGGAACAAGCCGAGUAAGCUAAAAACCAACAUGAAGCACAUGGCUGGU,none,0.868059,1,G:G(13),[13],"[""G:G""]",True,siPrnp105(T10),Ohnishi_2008|siPrnp105(T10),True,
25,Ohnishi_2008,Ohnishi_2008_78_mutated_siRNA_normalized.csv,,siPrnp105(T10)-12U,UUGGUUUAUAGCUUACUCG,CGAGUAAGCUAAAAACCAA,CACAGUCAGUGGAACAAGCCGAGUAAGCUAAAAACCAACAUGAAGCACAUGGCUGGU,none,0.806487,1,A:A(8),[8],"[""A:A""]",True,siPrnp105(T10),Ohnishi_2008|siPrnp105(T10),True,
26,Ohnishi_2008,Ohnishi_2008_78_mutated_siRNA_normalized.csv,,siPrnp105(T10)-13U,UUGGUUAUUAGCUUACUCG,CGAGUAAGCUAAAAACCAA,CACAGUCAGUGGAACAAGCCGAGUAAGCUAAAAACCAACAUGAAGCACAUGGCUGGU,none,0.708631,1,A:A(7),[7],"[""A:A""]",True,siPrnp105(T10),Ohnishi_2008|siPrnp105(T10),True,
27,Ohnishi_2008,Ohnishi_2008_78_mutated_siRNA_normalized.csv,,siPrnp105(T10)-14U,UUGGUAUUUAGCUUACUCG,CGAGUAAGCUAAAAACCAA,CACAGUCAGUGGAACAAGCCGAGUAAGCUAAAAACCAACAUGAAGCACAUGGCUGGU,none,0.815833,1,A:A(6),[6],"[""A:A""]",True,siPrnp105(T10),Ohnishi_2008|siPrnp105(T10),True,
28,Ohnishi_2008,Ohnishi_2008_78_mutated_siRNA_normalized.csv,,siPrnp105(T10)-15U,UUGGAUUUUAGCUUACUCG,CGAGUAAGCUAAAAACCAA,CACAGUCAGUGGAACAAGCCGAGUAAGCUAAAAACCAACAUGAAGCACAUGGCUGGU,none,0.923035,1,A:A(5),[5],"[""A:A""]",True,siPrnp105(T10),Ohnishi_2008|siPrnp105(T10),True,
29,Ohnishi_2008,Ohnishi_2008_78_mutated_siRNA_normalized.csv,,siPrnp105(T10)-16U,UUGAUUUUUAGCUUACUCG,CGAGUAAGCUAAAAACCAA,CACAGUCAGUGGAACAAGCCGAGUAAGCUAAAAACCAACAUGAAGCACAUGGCUGGU,none,0.831226,1,A:C(4),[4],"[""A:C""]",True,siPrnp105(T10),Ohnishi_2008|siPrnp105(T10),True,
30,Ohnishi_2008,Ohnishi_2008_78_mutated_siRNA_normalized.csv,,siPrnp105(T10)-17U,UUAGUUUUUAGCUUACUCG,CGAGUAAGCUAAAAACCAA,CACAGUCAGUGGAACAAGCCGAGUAAGCUAAAAACCAACAUGAAGCACAUGGCUGGU,none,0.790544,1,A:C(3),[3],"[""A:C""]",True,siPrnp105(T10),Ohnishi_2008|siPrnp105(T10),True,
31,Ohnishi_2008,Ohnishi_2008_78_mutated_siRNA_normalized.csv,,siPrnp105(T10),UUGGUUUUUUGCUUACUCG,CGAGUAAGCCAAAAACCAA,CACAGUCAGUGGAACAAGCCGAGUAAGCCAAAAACCAACAUGAAGCACAUGGCUGGU,none,0.913139,1,U:U(10),[10],"[""U:U""]",True,siPrnp105(T10),Ohnishi_2008|siPrnp105(T10),True,
32,Ohnishi_2008,Ohnishi_2008_78_mutated_siRNA_normalized.csv,,siPrnp105(T10)-5A,UUGGUUUUUUGCUUUCUCG,CGAGUAAGCCAAAAACCAA,CACAGUCAGUGGAACAAGCCGAGUAAGCCAAAAACCAACAUGAAGCACAUGGCUGGU,none,0.573942,2,U:U(15)/U:U(10),"[10, 15]","[""U:U"", ""U:U""]",True,siPrnp105(T10),Ohnishi_2008|siPrnp105(T10),True,
33,Ohnishi_2008,Ohnishi_2008_78_mutated_siRNA_normalized.csv,,siPrnp105(T10)-6U,UUGGUUUUUUGCUAACUCG,CGAGUAAGCCAAAAACCAA,CACAGUCAGUGGAACAAGCCGAGUAAGCCAAAAACCAACAUGAAGCACAUGGCUGGU,none,0.529412,2,A:A(14)/U:U(10),"[10, 14]","[""A:A"", ""U:U""]",True,siPrnp105(T10),Ohnishi_2008|siPrnp105(T10),True,
34,Ohnishi_2008,Ohnishi_2008_78_mutated_siRNA_normalized.csv,,siPrnp105(T10)-8C,UUGGUUUUUUGGUUACUCG,CGAGUAAGCCAAAAACCAA,CACAGUCAGUGGAACAAGCCGAGUAAGCCAAAAACCAACAUGAAGCACAUGGCUGGU,none,0.624519,2,G:G(13)/U:U(10),"[10, 13]","[""G:G"", ""U:U""]",True,siPrnp105(T10),Ohnishi_2008|siPrnp105(T10),True,
35,Ohnishi_2008,Ohnishi_2008_78_mutated_siRNA_normalized.csv,,siPrnp105(T10)-12U,UUGGUUUAUUGCUUACUCG,CGAGUAAGCCAAAAACCAA,CACAGUCAGUGGAACAAGCCGAGUAAGCCAAAAACCAACAUGAAGCACAUGGCUGGU,none,0.704233,2,A:A(8)/U:U(10),"[8, 10]","[""A:A"", ""U:U""]",True,siPrnp105(T10),Ohnishi_2008|siPrnp105(T10),True,
36,Ohnishi_2008,Ohnishi_2008_78_mutated_siRNA_normalized.csv,,siPrnp105(T10)-13U,UUGGUUAUUUGCUUACUCG,CGAGUAAGCCAAAAACCAA,CACAGUCAGUGGAACAAGCCGAGUAAGCCAAAAACCAACAUGAAGCACAUGGCUGGU,none,0.374931,2,A:A(7)/U:U(10),"[7, 10]","[""A:A"", ""U:U""]",True,siPrnp105(T10),Ohnishi_2008|siPrnp105(T10),True,
37,Ohnishi_2008,Ohnishi_2008_78_mutated_siRNA_normalized.csv,,siPrnp105(T10)-14U,UUGGUAUUUUGCUUACUCG,CGAGUAAGCCAAAAACCAA,CACAGUCAGUGGAACAAGCCGAGUAAGCCAAAAACCAACAUGAAGCACAUGGCUGGU,none,0.0,2,A:A(6)/U:U(10),"[6, 10]","[""A:A"", ""U:U""]",True,siPrnp105(T10),Ohnishi_2008|siPrnp105(T10),True,
38,Ohnishi_2008,Ohnishi_2008_78_mutated_siRNA_normalized.csv,,siPrnp105(T10)-15U,UUGGAUUUUUGCUUACUCG,CGAGUAAGCCAAAAACCAA,CACAGUCAGUGGAACAAGCCGAGUAAGCCAAAAACCAACAUGAAGCACAUGGCUGGU,none,0.425509,2,A:A(5)/U:U(10),"[5, 10]","[""A:A"", ""U:U""]",True,siPrnp105(T10),Ohnishi_2008|siPrnp105(T10),True,
39,Ohnishi_2008,Ohnishi_2008_78_mutated_siRNA_normalized.csv,,siPrnp105(T10)-16U,UUGAUUUUUUGCUUACUCG,CGAGUAAGCCAAAAACCAA,CACAGUCAGUGGAACAAGCCGAGUAAGCCAAAAACCAACAUGAAGCACAUGGCUGGU,none,0.693788,2,A:C(4)/U:U(10),"[4, 10]","[""A:C"", ""U:U""]",True,siPrnp105(T10),Ohnishi_2008|siPrnp105(T10),True,
40,Ohnishi_2008,Ohnishi_2008_78_mutated_siRNA_normalized.csv,,siPrnp105(T10)-17U,UUAGUUUUUUGCUUACUCG,CGAGUAAGCCAAAAACCAA,CACAGUCAGUGGAACAAGCCGAGUAAGCCAAAAACCAACAUGAAGCACAUGGCUGGU,none,0.601429,2,A:C(3)/U:U(10),"[3, 10]","[""A:C"", ""U:U""]",True,siPrnp105(T10),Ohnishi_2008|siPrnp105(T10),True,
41,Ohnishi_2008,Ohnishi_2008_78_mutated_siRNA_normalized.csv,,siPrnp102(T10),GGCUUACUCAGCUUGUUCC,GGAACAAGCUGAGUAAGCC,GGUGGCACCCACAGUCAGUGGAACAAGCUGAGUAAGCCAAAAACCAACAUGAAGCAC,none,0.961517,0,0,[],[],True,siPrnp102(T10),Ohnishi_2008|siPrnp102(T10),True,
42,Ohnishi_2008,Ohnishi_2008_78_mutated_siRNA_normalized.csv,,siPrnp102(T10)-5G,GGCUUACUCAGCUUCUUCC,GGAACAAGCUGAGUAAGCC,GGUGGCACCCACAGUCAGUGGAACAAGCUGAGUAAGCCAAAAACCAACAUGAAGCAC,none,0.537658,1,C:C(15),[15],"[""C:C""]",True,siPrnp102(T10),Ohnishi_2008|siPrnp102(T10),True,
43,Ohnishi_2008,Ohnishi_2008_78_mutated_siRNA_normalized.csv,,siPrnp102(T10)-6U,GGCUUACUCAGCUAGUUCC,GGAACAAGCUGAGUAAGCC,GGUGGCACCCACAGUCAGUGGAACAAGCUGAGUAAGCCAAAAACCAACAUGAAGCAC,none,0.82243,1,A:A(14),[14],"[""A:A""]",True,siPrnp102(T10),Ohnishi_2008|siPrnp102(T10),True,
44,Ohnishi_2008,Ohnishi_2008_78_mutated_siRNA_normalized.csv,,siPrnp102(T10)-8C,GGCUUACUCAGGUUGUUCC,GGAACAAGCUGAGUAAGCC,GGUGGCACCCACAGUCAGUGGAACAAGCUGAGUAAGCCAAAAACCAACAUGAAGCAC,none,0.462342,1,G:G(12),[12],"[""G:G""]",True,siPrnp102(T10),Ohnishi_2008|siPrnp102(T10),True,
45,Ohnishi_2008,Ohnishi_2008_78_mutated_siRNA_normalized.csv,,siPrnp102(T10)-12U,GGCUUACACAGCUUGUUCC,GGAACAAGCUGAGUAAGCC,GGUGGCACCCACAGUCAGUGGAACAAGCUGAGUAAGCCAAAAACCAACAUGAAGCAC,none,0.693238,1,A:A(8),[8],"[""A:A""]",True,siPrnp102(T10),Ohnishi_2008|siPrnp102(T10),True,
46,Ohnishi_2008,Ohnishi_2008_78_mutated_siRNA_normalized.csv,,siPrnp102(T10)-13C,GGCUUAGUCAGCUUGUUCC,GGAACAAGCUGAGUAAGCC,GGUGGCACCCACAGUCAGUGGAACAAGCUGAGUAAGCCAAAAACCAACAUGAAGCAC,none,0.940077,1,G:G(7),[7],"[""G:G""]",True,siPrnp102(T10),Ohnishi_2008|siPrnp102(T10),True,
47,Ohnishi_2008,Ohnishi_2008_78_mutated_siRNA_normalized.csv,,siPrnp102(T10)-14A,GGCUUUCUCAGCUUGUUCC,GGAACAAGCUGAGUAAGCC,GGUGGCACCCACAGUCAGUGGAACAAGCUGAGUAAGCCAAAAACCAACAUGAAGCAC,none,0.826278,1,U:U(6),[6],"[""U:U""]",True,siPrnp102(T10),Ohnishi_2008|siPrnp102(T10),True,
48,Ohnishi_2008,Ohnishi_2008_78_mutated_siRNA_normalized.csv,,siPrnp102(T10)-15U,GGCUAACUCAGCUUGUUCC,GGAACAAGCUGAGUAAGCC,GGUGGCACCCACAGUCAGUGGAACAAGCUGAGUAAGCCAAAAACCAACAUGAAGCAC,none,0.589335,1,A:A(5),[5],"[""A:A""]",True,siPrnp102(T10),Ohnishi_2008|siPrnp102(T10),True,
49,Ohnishi_2008,Ohnishi_2008_78_mutated_siRNA_normalized.csv,,siPrnp102(T10)-16U,GGCAUACUCAGCUUGUUCC,GGAACAAGCUGAGUAAGCC,GGUGGCACCCACAGUCAGUGGAACAAGCUGAGUAAGCCAAAAACCAACAUGAAGCAC,none,0.765256,1,A:A(4),[4],"[""A:A""]",True,siPrnp102(T10),Ohnishi_2008|siPrnp102(T10),True,
50,Ohnishi_2008,Ohnishi_2008_78_mutated_siRNA_normalized.csv,,siPrnp102(T10)-17C,GGGUUACUCAGCUUGUUCC,GGAACAAGCUGAGUAAGCC,GGUGGCACCCACAGUCAGUGGAACAAGCUGAGUAAGCCAAAAACCAACAUGAAGCAC,none,0.223749,1,G:G(3),[3],"[""G:G""]",True,siPrnp102(T10),Ohnishi_2008|siPrnp102(T10),True,
51,Ohnishi_2008,Ohnishi_2008_78_mutated_siRNA_normalized.csv,,siPrnp102(T10),GGCUUACUCAGCUUGUUCC,GGAACAAGCCGAGUAAGCC,GGUGGCACCCACAGUCAGUGGAACAAGCCGAGUAAGCCAAAAACCAACAUGAAGCAC,none,0.925234,1,A:C(10),[10],"[""A:C""]",True,siPrnp102(T10),Ohnishi_2008|siPrnp102(T10),True,
52,Ohnishi_2008,Ohnishi_2008_78_mutated_siRNA_normalized.csv,,siPrnp102(T10)-5G,GGCUUACUCAGCUUCUUCC,GGAACAAGCCGAGUAAGCC,GGUGGCACCCACAGUCAGUGGAACAAGCCGAGUAAGCCAAAAACCAACAUGAAGCAC,none,0.514568,2,C:C(15)/A:C(10),"[10, 15]","[""C:C"", ""A:C""]",True,siPrnp102(T10),Ohnishi_2008|siPrnp102(T10),True,
53,Ohnishi_2008,Ohnishi_2008_78_mutated_siRNA_normalized.csv,,siPrnp102(T10)-6U,GGCUUACUCAGCUAGUUCC,GGAACAAGCCGAGUAAGCC,GGUGGCACCCACAGUCAGUGGAACAAGCCGAGUAAGCCAAAAACCAACAUGAAGCAC,none,0.520616,2,A:A(14)/A:C(10),"[10, 14]","[""A:A"", ""A:C""]",True,siPrnp102(T10),Ohnishi_2008|siPrnp102(T10),True,
54,Ohnishi_2008,Ohnishi_2008_78_mutated_siRNA_normalized.csv,,siPrnp102(T10)-8C,GGCUUACUCAGGUUGUUCC,GGAACAAGCCGAGUAAGCC,GGUGGCACCCACAGUCAGUGGAACAAGCCGAGUAAGCCAAAAACCAACAUGAAGCAC,none,0.463991,2,G:G(12)/A:C(10),"[10, 12]","[""G:G"", ""A:C""]",True,siPrnp102(T10),Ohnishi_2008|siPrnp102(T10),True,
55,Ohnishi_2008,Ohnishi_2008_78_mutated_siRNA_normalized.csv,,siPrnp102(T10)-12U,GGCUUACACAGCUUGUUCC,GGAACAAGCCGAGUAAGCC,GGUGGCACCCACAGUCAGUGGAACAAGCCGAGUAAGCCAAAAACCAACAUGAAGCAC,none,0.409016,2,A:A(8)/A:C(10),"[8, 10]","[""A:A"", ""A:C""]",True,siPrnp102(T10),Ohnishi_2008|siPrnp102(T10),True,
56,Ohnishi_2008,Ohnishi_2008_78_mutated_siRNA_normalized.csv,,siPrnp102(T10)-13C,GGCUUAGUCAGCUUGUUCC,GGAACAAGCCGAGUAAGCC,GGUGGCACCCACAGUCAGUGGAACAAGCCGAGUAAGCCAAAAACCAACAUGAAGCAC,none,0.532161,2,G:G(7)/A:C(10),"[7, 10]","[""G:G"", ""A:C""]",True,siPrnp102(T10),Ohnishi_2008|siPrnp102(T10),True,
57,Ohnishi_2008,Ohnishi_2008_78_mutated_siRNA_normalized.csv,,siPrnp102(T10)-14A,GGCUUUCUCAGCUUGUUCC,GGAACAAGCCGAGUAAGCC,GGUGGCACCCACAGUCAGUGGAACAAGCCGAGUAAGCCAAAAACCAACAUGAAGCAC,none,0.401869,2,U:U(6)/A:C(10),"[6, 10]","[""U:U"", ""A:C""]",True,siPrnp102(T10),Ohnishi_2008|siPrnp102(T10),True,
58,Ohnishi_2008,Ohnishi_2008_78_mutated_siRNA_normalized.csv,,siPrnp102(T10)-15U,GGCUAACUCAGCUUGUUCC,GGAACAAGCCGAGUAAGCC,GGUGGCACCCACAGUCAGUGGAACAAGCCGAGUAAGCCAAAAACCAACAUGAAGCAC,none,0.139087,2,A:A(5)/A:C(10),"[5, 10]","[""A:A"", ""A:C""]",True,siPrnp102(T10),Ohnishi_2008|siPrnp102(T10),True,
59,Ohnishi_2008,Ohnishi_2008_78_mutated_siRNA_normalized.csv,,siPrnp102(T10)-16U,GGCAUACUCAGCUUGUUCC,GGAACAAGCCGAGUAAGCC,GGUGGCACCCACAGUCAGUGGAACAAGCCGAGUAAGCCAAAAACCAACAUGAAGCAC,none,0.448598,2,A:A(4)/A:C(10),"[4, 10]","[""A:A"", ""A:C""]",True,siPrnp102(T10),Ohnishi_2008|siPrnp102(T10),True,
60,Ohnishi_2008,Ohnishi_2008_78_mutated_siRNA_normalized.csv,,siPrnp102(T10)-17C,GGGUUACUCAGCUUGUUCC,GGAACAAGCCGAGUAAGCC,GGUGGCACCCACAGUCAGUGGAACAAGCCGAGUAAGCCAAAAACCAACAUGAAGCAC,none,0.328202,2,G:G(3)/A:C(10),"[3, 10]","[""G:G"", ""A:C""]",True,siPrnp102(T10),Ohnishi_2008|siPrnp102(T10),True,
61,Ohnishi_2008,Ohnishi_2008_78_mutated_siRNA_normalized.csv,,siPrnp178(A9),UUGACGCAGUUGUGCACAA,UUGUGCACAACUGCGUCAA,UACAGCAACCAGAACAACUUUGUGCACAACUGCGUCAAUAUCACAAUCAAGCAGCAC,none,0.948873,0,0,[],[],True,siPrnp178(A9),Ohnishi_2008|siPrnp178(A9),True,
62,Ohnishi_2008,Ohnishi_2008_78_mutated_siRNA_normalized.csv,,siPrnp178(A9)-5C,UUGACGCAGUUGUGGACAA,UUGUGCACAACUGCGUCAA,UACAGCAACCAGAACAACUUUGUGCACAACUGCGUCAAUAUCACAAUCAAGCAGCAC,none,0.827378,1,G:G(15),[15],"[""G:G""]",True,siPrnp178(A9),Ohnishi_2008|siPrnp178(A9),True,
63,Ohnishi_2008,Ohnishi_2008_78_mutated_siRNA_normalized.csv,,siPrnp178(A9)-6G,UUGACGCAGUUGUCCACAA,UUGUGCACAACUGCGUCAA,UACAGCAACCAGAACAACUUUGUGCACAACUGCGUCAAUAUCACAAUCAAGCAGCAC,none,0.730621,1,C:C(14),[14],"[""C:C""]",True,siPrnp178(A9),Ohnishi_2008|siPrnp178(A9),True,
64,Ohnishi_2008,Ohnishi_2008_78_mutated_siRNA_normalized.csv,,siPrnp178(A9)-12A,UUGACGCUGUUGUGCACAA,UUGUGCACAACUGCGUCAA,UACAGCAACCAGAACAACUUUGUGCACAACUGCGUCAAUAUCACAAUCAAGCAGCAC,none,0.715778,1,U:U(8),[8],"[""U:U""]",True,siPrnp178(A9),Ohnishi_2008|siPrnp178(A9),True,
65,Ohnishi_2008,Ohnishi_2008_78_mutated_siRNA_normalized.csv,,siPrnp178(A9)-13C,UUGACGGAGUUGUGCACAA,UUGUGCACAACUGCGUCAA,UACAGCAACCAGAACAACUUUGUGCACAACUGCGUCAAUAUCACAAUCAAGCAGCAC,none,0.900495,1,G:G(7),[7],"[""G:G""]",True,siPrnp178(A9),Ohnishi_2008|siPrnp178(A9),True,
66,Ohnishi_2008,Ohnishi_2008_78_mutated_siRNA_normalized.csv,,siPrnp178(A9)-14G,UUGACCCAGUUGUGCACAA,UUGUGCACAACUGCGUCAA,UACAGCAACCAGAACAACUUUGUGCACAACUGCGUCAAUAUCACAAUCAAGCAGCAC,none,0.546454,1,C:C(6),[6],"[""C:C""]",True,siPrnp178(A9),Ohnishi_2008|siPrnp178(A9),True,
67,Ohnishi_2008,Ohnishi_2008_78_mutated_siRNA_normalized.csv,,siPrnp178(A9)-15C,UUGAGGCAGUUGUGCACAA,UUGUGCACAACUGCGUCAA,UACAGCAACCAGAACAACUUUGUGCACAACUGCGUCAAUAUCACAAUCAAGCAGCAC,none,0.814733,1,G:G(5),[5],"[""G:G""]",True,siPrnp178(A9),Ohnishi_2008|siPrnp178(A9),True,
68,Ohnishi_2008,Ohnishi_2008_78_mutated_siRNA_normalized.csv,,siPrnp178(A9)-16A,UUGUCGCAGUUGUGCACAA,UUGUGCACAACUGCGUCAA,UACAGCAACCAGAACAACUUUGUGCACAACUGCGUCAAUAUCACAAUCAAGCAGCAC,none,0.811435,1,U:U(4),[4],"[""U:U""]",True,siPrnp178(A9),Ohnishi_2008|siPrnp178(A9),True,
69,Ohnishi_2008,Ohnishi_2008_78_mutated_siRNA_normalized.csv,,siPrnp178(A9)-17G,UUCACGCAGUUGUGCACAA,UUGUGCACAACUGCGUCAA,UACAGCAACCAGAACAACUUUGUGCACAACUGCGUCAAUAUCACAAUCAAGCAGCAC,none,0.62232,1,C:C(3),[3],"[""C:C""]",True,siPrnp178(A9),Ohnishi_2008|siPrnp178(A9),True,
70,Ohnishi_2008,Ohnishi_2008_78_mutated_siRNA_normalized.csv,,siPrnp178(A9),UUGACGCAGUUGUGCACAA,UUGUGCACGACUGCGUCAA,UACAGCAACCAGAACAACUUUGUGCACGACUGCGUCAAUAUCACAAUCAAGCAGCAC,none,0.914788,1,U:G(11),[11],"[""U:G""]",True,siPrnp178(A9),Ohnishi_2008|siPrnp178(A9),True,
71,Ohnishi_2008,Ohnishi_2008_78_mutated_siRNA_normalized.csv,,siPrnp178(A9)-5C,UUGACGCAGUUGUGGACAA,UUGUGCACGACUGCGUCAA,UACAGCAACCAGAACAACUUUGUGCACGACUGCGUCAAUAUCACAAUCAAGCAGCAC,none,0.738318,2,G:G(15)/U:G(11),"[11, 15]","[""G:G"", ""U:G""]",True,siPrnp178(A9),Ohnishi_2008|siPrnp178(A9),True,
72,Ohnishi_2008,Ohnishi_2008_78_mutated_siRNA_normalized.csv,,siPrnp178(A9)-6G,UUGACGCAGUUGUCCACAA,UUGUGCACGACUGCGUCAA,UACAGCAACCAGAACAACUUUGUGCACGACUGCGUCAAUAUCACAAUCAAGCAGCAC,none,0.397471,2,C:C(14)/U:G(11),"[11, 14]","[""C:C"", ""U:G""]",True,siPrnp178(A9),Ohnishi_2008|siPrnp178(A9),True,
73,Ohnishi_2008,Ohnishi_2008_78_mutated_siRNA_normalized.csv,,siPrnp178(A9)-12A,UUGACGCUGUUGUGCACAA,UUGUGCACGACUGCGUCAA,UACAGCAACCAGAACAACUUUGUGCACGACUGCGUCAAUAUCACAAUCAAGCAGCAC,none,0.804838,2,U:U(8)/U:G(11),"[8, 11]","[""U:U"", ""U:G""]",True,siPrnp178(A9),Ohnishi_2008|siPrnp178(A9),True,
74,Ohnishi_2008,Ohnishi_2008_78_mutated_siRNA_normalized.csv,,siPrnp178(A9)-13C,UUGACGGAGUUGUGCACAA,UUGUGCACGACUGCGUCAA,UACAGCAACCAGAACAACUUUGUGCACGACUGCGUCAAUAUCACAAUCAAGCAGCAC,none,0.629467,2,G:G(7)/U:G(11),"[7, 11]","[""G:G"", ""U:G""]",True,siPrnp178(A9),Ohnishi_2008|siPrnp178(A9),True,
75,Ohnishi_2008,Ohnishi_2008_78_mutated_siRNA_normalized.csv,,siPrnp178(A9)-14G,UUGACCCAGUUGUGCACAA,UUGUGCACGACUGCGUCAA,UACAGCAACCAGAACAACUUUGUGCACGACUGCGUCAAUAUCACAAUCAAGCAGCAC,none,0.523914,2,C:C(6)/U:G(11),"[6, 11]","[""C:C"", ""U:G""]",True,siPrnp178(A9),Ohnishi_2008|siPrnp178(A9),True,
76,Ohnishi_2008,Ohnishi_2008_78_mutated_siRNA_normalized.csv,,siPrnp178(A9)-15C,UUGAGGCAGUUGUGCACAA,UUGUGCACGACUGCGUCAA,UACAGCAACCAGAACAACUUUGUGCACGACUGCGUCAAUAUCACAAUCAAGCAGCAC,none,0.473337,2,G:G(5)/U:G(11),"[5, 11]","[""G:G"", ""U:G""]",True,siPrnp178(A9),Ohnishi_2008|siPrnp178(A9),True,
77,Ohnishi_2008,Ohnishi_2008_78_mutated_siRNA_normalized.csv,,siPrnp178(A9)-16A,UUGUCGCAGUUGUGCACAA,UUGUGCACGACUGCGUCAA,UACAGCAACCAGAACAACUUUGUGCACGACUGCGUCAAUAUCACAAUCAAGCAGCAC,none,0.657504,2,U:U(4)/U:G(11),"[4, 11]","[""U:U"", ""U:G""]",True,siPrnp178(A9),Ohnishi_2008|siPrnp178(A9),True,
78,Ohnishi_2008,Ohnishi_2008_78_mutated_siRNA_normalized.csv,,siPrnp178(A9)-17G,UUCACGCAGUUGUGCACAA,UUGUGCACGACUGCGUCAA,UACAGCAACCAGAACAACUUUGUGCACGACUGCGUCAAUAUCACAAUCAAGCAGCAC,none,0.498076,2,C:C(3)/U:G(11),"[3, 11]","[""C:C"", ""U:G""]",True,siPrnp178(A9),Ohnishi_2008|siPrnp178(A9),True,
1,Holen_2005,Holen_2005_18_mutated_siRNA_final_flanked.csv,,Fe775i-w3i,UUCGUCUGUUACUCACGCG,GCAGCACAAUGAUGAGUGC,GGCUGGUGAAGGUCACUAAGCAGCACAAUGAUGAGUGCAAACAUCUGCUGAGCCUCA,truncate_to_oligoformer_19_57_contract,0.8,1,G:A(17),[17],"[""G:A""]",True,Fe775i,Holen_2005|Fe775i,True,
2,Holen_2005,Holen_2005_18_mutated_siRNA_final_flanked.csv,,Fe775i-w7i,UUCGUCUGUUACGCACACG,GCAGCACAAUGAUGAGUGC,GGCUGGUGAAGGUCACUAAGCAGCACAAUGAUGAGUGCAAACAUCUGCUGAGCCUCA,truncate_to_oligoformer_19_57_contract,0.784,1,G:C(13),[13],"[""G:C""]",True,Fe775i,Holen_2005|Fe775i,True,
3,Holen_2005,Holen_2005_18_mutated_siRNA_final_flanked.csv,,Fe775i-w10i,UUCGUCUGUGACUCACACG,GCAGCACAAUGAUGAGUGC,GGCUGGUGAAGGUCACUAAGCAGCACAAUGAUGAGUGCAAACAUCUGCUGAGCCUCA,truncate_to_oligoformer_19_57_contract,0.36,1,G:U(10),[10],"[""G:U""]",True,Fe775i,Holen_2005|Fe775i,True,
4,Holen_2005,Holen_2005_18_mutated_siRNA_final_flanked.csv,,Fe775i-w3/7i,UUCGUCUGUUACGCACGCG,GCAGCACAAUGAUGAGUGC,GGCUGGUGAAGGUCACUAAGCAGCACAAUGAUGAGUGCAAACAUCUGCUGAGCCUCA,truncate_to_oligoformer_19_57_contract,0.712,2,G:C(13)/G:A(17),"[13, 17]","[""G:C"", ""G:A""]",True,Fe775i,Holen_2005|Fe775i,True,
5,Holen_2005,Holen_2005_18_mutated_siRNA_final_flanked.csv,,Fe775i-w7/10i,UUCGUCUGUGACGCACACG,GCAGCACAAUGAUGAGUGC,GGCUGGUGAAGGUCACUAAGCAGCACAAUGAUGAGUGCAAACAUCUGCUGAGCCUCA,truncate_to_oligoformer_19_57_contract,0.256,2,G:U(10)/G:C(13),"[10, 13]","[""G:U"", ""G:C""]",True,Fe775i,Holen_2005|Fe775i,True,
6,Holen_2005,Holen_2005_18_mutated_siRNA_final_flanked.csv,,Fe775i-w3/7/10i,UUCGUCUGUGACGCACGCG,GCAGCACAAUGAUGAGUGC,GGCUGGUGAAGGUCACUAAGCAGCACAAUGAUGAGUGCAAACAUCUGCUGAGCCUCA,truncate_to_oligoformer_19_57_contract,0.272,3,G:U(10)/G:C(13)/G:A(17),"[10, 13, 17]","[""G:U"", ""G:C"", ""G:A""]",True,Fe775i,Holen_2005|Fe775i,True,
7,Holen_2005,Holen_2005_18_mutated_siRNA_final_flanked.csv,,Fe775i-w2i,UUCGUCUGUUACUCACAUG,GCAGCACAAUGAUGAGUGC,GGCUGGUGAAGGUCACUAAGCAGCACAAUGAUGAGUGCAAACAUCUGCUGAGCCUCA,truncate_to_oligoformer_19_57_contract,0.692,1,U:C(18),[18],"[""U:C""]",True,Fe775i,Holen_2005|Fe775i,True,
8,Holen_2005,Holen_2005_18_mutated_siRNA_final_flanked.csv,,Fe775i-w6i,UUCGUCUGUUACUCUCACG,GCAGCACAAUGAUGAGUGC,GGCUGGUGAAGGUCACUAAGCAGCACAAUGAUGAGUGCAAACAUCUGCUGAGCCUCA,truncate_to_oligoformer_19_57_contract,0.608,1,U:C(15),[15],"[""U:C""]",True,Fe775i,Holen_2005|Fe775i,True,
9,Holen_2005,Holen_2005_18_mutated_siRNA_final_flanked.csv,,Fe775i-w9i,UUCGUCUGUUAUUCACACG,GCAGCACAAUGAUGAGUGC,GGCUGGUGAAGGUCACUAAGCAGCACAAUGAUGAGUGCAAACAUCUGCUGAGCCUCA,truncate_to_oligoformer_19_57_contract,0.25,1,U:A(12),[12],"[""U:A""]",True,Fe775i,Holen_2005|Fe775i,True,
10,Holen_2005,Holen_2005_18_mutated_siRNA_final_flanked.csv,,Fe775i-w16i,UUCUUCUGUUACUCACACG,GCAGCACAAUGAUGAGUGC,GGCUGGUGAAGGUCACUAAGCAGCACAAUGAUGAGUGCAAACAUCUGCUGAGCCUCA,truncate_to_oligoformer_19_57_contract,0.283,1,U:G(4),[4],"[""U:G""]",True,Fe775i,Holen_2005|Fe775i,True,
11,Holen_2005,Holen_2005_18_mutated_siRNA_final_flanked.csv,,Fe775i-w19i,UUUGUCUGUUACUCACACG,GCAGCACAAUGAUGAGUGC,GGCUGGUGAAGGUCACUAAGCAGCACAAUGAUGAGUGCAAACAUCUGCUGAGCCUCA,truncate_to_oligoformer_19_57_contract,0.525,1,U:U(3),[3],"[""U:U""]",True,Fe775i,Holen_2005|Fe775i,True,
12,Holen_2005,Holen_2005_18_mutated_siRNA_final_flanked.csv,,Fe775i-w2/3/7i,UUCGUCUGUUACGCACGUG,GCAGCACAAUGAUGAGUGC,GGCUGGUGAAGGUCACUAAGCAGCACAAUGAUGAGUGCAAACAUCUGCUGAGCCUCA,truncate_to_oligoformer_19_57_contract,0.333,3,G:C(13)/G:A(17)/U:C(18),"[13, 17, 18]","[""G:C"", ""G:A"", ""U:C""]",True,Fe775i,Holen_2005|Fe775i,True,
13,Holen_2005,Holen_2005_18_mutated_siRNA_final_flanked.csv,,Fe775i-w3/7/19i,UUUGUCUGUUACGCACGCG,GCAGCACAAUGAUGAGUGC,GGCUGGUGAAGGUCACUAAGCAGCACAAUGAUGAGUGCAAACAUCUGCUGAGCCUCA,truncate_to_oligoformer_19_57_contract,0.242,3,U:U(3)/G:C(13)/G:A(17),"[3, 13, 17]","[""U:U"", ""G:C"", ""G:A""]",True,Fe775i,Holen_2005|Fe775i,True,
14,Holen_2005,Holen_2005_18_mutated_siRNA_final_flanked.csv,,Fe775i-m3Ci,UUCGUCUGUUACUCACCCG,GCAGCACAAUGAUGAGUGC,GGCUGGUGAAGGUCACUAAGCAGCACAAUGAUGAGUGCAAACAUCUGCUGAGCCUCA,truncate_to_oligoformer_19_57_contract,0.4,1,C:A(17),[17],"[""C:A""]",True,Fe775i,Holen_2005|Fe775i,True,
15,Holen_2005,Holen_2005_18_mutated_siRNA_final_flanked.csv,,Fe775i-m7Ci,UUCGUCUGUUACUCCCACG,GCAGCACAAUGAUGAGUGC,GGCUGGUGAAGGUCACUAAGCAGCACAAUGAUGAGUGCAAACAUCUGCUGAGCCUCA,truncate_to_oligoformer_19_57_contract,0.517,1,C:C(15),[15],"[""C:C""]",True,Fe775i,Holen_2005|Fe775i,True,
16,Holen_2005,Holen_2005_18_mutated_siRNA_final_flanked.csv,,Fe775i-m1Ai,UUCGUCUGUUACUCACACA,GCAGCACAAUGAUGAGUGC,GGCUGGUGAAGGUCACUAAGCAGCACAAUGAUGAGUGCAAACAUCUGCUGAGCCUCA,truncate_to_oligoformer_19_57_contract,0.717,1,A:G(19),[19],"[""A:G""]",True,Fe775i,Holen_2005|Fe775i,True,
17,Holen_2005,Holen_2005_18_mutated_siRNA_final_flanked.csv,,Fe775i-m1Ci,UUCGUCUGUUACUCACACC,GCAGCACAAUGAUGAGUGC,GGCUGGUGAAGGUCACUAAGCAGCACAAUGAUGAGUGCAAACAUCUGCUGAGCCUCA,truncate_to_oligoformer_19_57_contract,0.7,1,C:G(19),[19],"[""C:G""]",True,Fe775i,Holen_2005|Fe775i,True,
18,Holen_2005,Holen_2005_18_mutated_siRNA_final_flanked.csv,,Fe775i-m1Ui,UUCGUCUGUUACUCACACU,GCAGCACAAUGAUGAGUGC,GGCUGGUGAAGGUCACUAAGCAGCACAAUGAUGAGUGCAAACAUCUGCUGAGCCUCA,truncate_to_oligoformer_19_57_contract,0.692,1,U:G(19),[19],"[""U:G""]",True,Fe775i,Holen_2005|Fe775i,True,
2,Kini_2009,Kini_2009_terminal_mismatch_siRNA.csv,,396-AG,AAGGAUGUUGGCCGUCCUC,GGAGGACGGCAACAUCCUG,UGAAGGGCAUCGACUUCAAGGAGGACGGCAACAUCCUGUGGCACAAGCUGGAGUACA,truncate_to_oligoformer_19_57_contract,0.9273,1,Guide 1,[],[],True,396,Kini_2009|396,True,mismatch_annotation_unparsed
3,Kini_2009,Kini_2009_terminal_mismatch_siRNA.csv,,396-UG,UAGGAUGUUGGCCGUCCUC,GGAGGACGGCAACAUCCUG,UGAAGGGCAUCGACUUCAAGGAGGACGGCAACAUCCUGUGGCACAAGCUGGAGUACA,truncate_to_oligoformer_19_57_contract,0.4057,1,Guide 1,[],[],True,396,Kini_2009|396,True,mismatch_annotation_unparsed
4,Kini_2009,Kini_2009_terminal_mismatch_siRNA.csv,,396-GG,GAGGAUGUUGGCCGUCCUC,GGAGGACGGCAACAUCCUG,UGAAGGGCAUCGACUUCAAGGAGGACGGCAACAUCCUGUGGCACAAGCUGGAGUACA,truncate_to_oligoformer_19_57_contract,0.3187,1,Guide 1,[],[],True,396,Kini_2009|396,True,mismatch_annotation_unparsed
8,Kini_2009,Kini_2009_terminal_mismatch_siRNA.csv,,306,CUUGUAGUUGGCCGUGUCC,GGACGACGGCAACUACAAG,AGCGCACCAUCUUCUUCAAGGACGACGGCAACUACAAGUUCCGCGCCGAGGUGAAGU,truncate_to_oligoformer_19_57_contract,0.7244,0,WT,[],[],True,306,Kini_2009|306,True,
WTREF-Holen-Fe775i,Holen_2005,mismatch_wt_references.csv,Holen_2005_18_mutated_siRNA_final.csv,Fe775i,UUCGUCUGUUACUCACACG,GCAGCACAAUGAUGAGUGC,GGCUGGUGAAGGUCACUAAGCAGCACAAUGAUGAGUGCAAACAUCUGCUGAGCCUCA,truncate_to_oligoformer_19_57_contract,0.713,0,0,[],[],True,Fe775i,Holen_2005|Fe775i,True,
WTREF-Kini-396,Kini_2009,mismatch_wt_references.csv,build_kini_csv.py,396,CAGGAUGUUGGCCGUCCUC,GGAGGACGGCAACAUCCUG,UGAAGGGCAUCGACUUCAAGGAGGACGGCAACAUCCUGUGGCACAAGCUGGAGUACA,truncate_to_oligoformer_19_57_contract,1.0,0,WT,[],[],True,396,Kini_2009|396,True,
